avg_non_offensive_per_bullying_session,avg_offensive_per_bullying_session,bidirectional_non_offensive_users,bidirectional_offensive_users,bullying_sessions_count,comment_count,comment_to_bullying_ratio,description_offensive,follower_count,following_count,like_count,max_comments_to_single_user,max_non_offensive_from_single_user,max_non_offensive_to_single_user,max_offensive_from_single_user,max_offensive_to_single_user,non_offensive_comment_count,non_offensive_comment_ratio,non_offensive_comments_in_bullying,non_offensive_concentration_in,non_offensive_concentration_out,non_offensive_in_bullying_ratio,offensive_comment_count,offensive_comment_ratio,offensive_comments_in_bullying,offensive_concentration_in,offensive_concentration_out,offensive_in_bullying_ratio,post_count,received_comment_count,received_non_offensive_count,received_non_offensive_ratio,received_offensive_count,received_offensive_ratio,total_comments_in_bullying,unique_commenters_count,unique_targets_count,unique_users_in_bullying_sessions,unretaliated_ratio,label,media_id
0.42857142857142855,0.0,0.42857142857142855,0.0,0.2857142857142857,0.8571428571428571,0.42857142857142855,0.0,287525.4285714286,338.2857142857143,12097.285714285714,0.0,0.0,0.0,0.0,0.0,0.8571428571428571,0.8571428571428571,0.42857142857142855,0.0,0.0,0.42857142857142855,0.0,0.0,0.0,0.0,0.0,0.0,655.4285714285714,1.0,1.0,0.7142857142857143,0.0,0.0,0.42857142857142855,1.0,0.8571428571428571,4.428571428571429,0.0,0,1001397703332573184
0.0,0.0,0.0,0.0,0.0,1.0,0.0,1.0,11955.0,653.0,54477.0,0.0,0.0,0.0,0.0,0.0,1.0,1.0,0.0,0.0,0.0,0.0,0.0,0.0,0.0,0.0,0.0,0.0,1177.0,0.0,0.0,0.0,0.0,0.0,0.0,0.0,1.0,0.0,0.0,0,1001681548694978560
1.0,0.0,0.0,0.0,1.0,1.0,1.0,0.0,560534.0,42.0,624.0,0.0,0.0,0.0,0.0,0.0,1.0,1.0,1.0,0.0,0.0,1.0,0.0,0.0,0.0,0.0,0.0,0.0,122.0,1.0,1.0,1.0,0.0,0.0,1.0,1.0,1.0,1.0,0.0,0,1003042166966312960
0.0,0.0,0.0,0.0,2.0,0.0,0.0,0.0,68720.0,282.0,3598.0,0.0,0.0,0.0,0.0,0.0,0.0,0.0,0.0,0.0,0.0,0.0,0.0,0.0,0.0,0.0,0.0,0.0,1555.0,1.0,1.0,1.0,0.0,0.0,2.0,1.0,0.0,3.0,0.0,0,1004042856425508864
1.0,0.0,0.0,0.0,1.0,1.0,0.6666666666666666,0.0,8359.666666666666,870.0,10164.666666666666,0.0,0.0,0.0,0.0,0.0,1.0,0.6666666666666666,1.0,0.0,0.0,0.6666666666666666,0.0,0.0,0.0,0.0,0.0,0.0,3796.0,0.6666666666666666,0.6666666666666666,0.3333333333333333,0.0,0.0,1.6666666666666667,0.3333333333333333,0.6666666666666666,5.0,0.0,1,1004191380798881792
2.111111111111111,0.2222222222222222,0.6666666666666666,0.16666666666666666,1.8333333333333333,2.5,1.5069444444444444,0.16666666666666666,43436.166666666664,200.66666666666666,19216.0,0.0,0.3333333333333333,0.0,0.5,0.0,1.6666666666666667,0.6944444444444443,2.8333333333333335,0.08333333333333333,0.0,1.5833333333333333,0.8333333333333334,0.13888888888888887,0.5,0.125,0.0,0.375,1023.6666666666666,2.8333333333333335,1.6666666666666667,0.5,1.1666666666666667,0.16666666666666666,4.166666666666667,2.1666666666666665,2.3333333333333335,19.166666666666668,0.4166666666666667,1,1005624904525201408
1.3333333333333333,0.29166666666666663,0.25,0.125,1.75,2.0,1.0677083333333333,0.125,49368.625,380.125,16428.75,0.0,0.375,0.0,0.5,0.0,1.25,0.4583333333333333,1.875,0.1875,0.0,1.125,0.75,0.16666666666666666,0.5,0.21875,0.0,0.40625,1730.625,2.75,1.5,0.4583333333333333,1.25,0.29166666666666663,3.5,2.0,2.0,18.875,0.5625,1,1006225114423021568
0.6,0.0,0.0,0.0,1.8,0.4,0.6,0.0,184310.0,268.8,5466.0,0.0,0.0,0.0,0.0,0.0,0.4,0.4,0.6,0.0,0.0,0.6,0.0,0.0,0.0,0.0,0.0,0.0,2217.8,1.0,0.8,0.5,0.2,0.1,3.2,1.0,0.6,15.2,0.2,1,1006384270601768960
0.0,0.0,0.0,0.0,0.5,0.0,0.0,0.0,31973.0,898.5,31443.0,0.0,0.0,0.0,0.0,0.0,0.0,0.0,0.0,0.0,0.0,0.0,0.0,0.0,0.0,0.0,0.0,0.0,13314.0,1.0,0.5,0.25,0.5,0.25,1.0,1.5,0.5,2.5,1.0,0,1006719408925827072
0.75,0.25,0.25,0.0,1.0,0.75,0.6666666666666666,0.5,235982.25,491.0,13603.25,0.0,0.0,0.0,0.0,0.0,0.5,0.16666666666666666,1.5,0.0,0.0,0.75,0.25,0.08333333333333333,0.5,0.0,0.0,0.5,6215.25,3.5,2.5,0.75,1.0,0.25,2.75,2.75,1.0,7.25,0.5,0,1009254563917803520
0.75,0.0,0.3333333333333333,0.0,1.3333333333333333,0.6666666666666666,1.0,0.3333333333333333,224818.83333333334,416.8333333333333,8079.166666666667,0.0,0.0,0.0,0.0,0.0,0.6666666666666666,0.6666666666666666,1.0,0.0,0.0,1.0,0.0,0.0,0.0,0.0,0.0,0.0,8483.0,1.0,0.8333333333333334,0.4583333333333333,0.16666666666666666,0.041666666666666664,1.8333333333333333,0.8333333333333334,1.1666666666666667,15.666666666666666,0.16666666666666666,1,1009707103394627584
0.7708333333333333,0.041666666666666664,0.5,0.25,1.125,2.875,0.734375,0.0,170550.875,454.5,29033.375,0.0,1.375,0.0,1.0,0.0,2.125,0.5397727272727273,1.125,0.175,0.0,0.75,0.75,0.08522727272727272,0.125,0.1830357142857143,0.0,0.03125,3781.625,5.125,3.0,0.6526960784313726,2.125,0.34730392156862744,1.875,2.5,2.875,10.75,0.5625,0,1010700490369089536
0.0,0.0,0.0,0.0,0.0,0.0,0.0,0.0,22273.5,277.5,18627.0,0.0,0.0,0.0,0.0,0.0,0.0,0.0,0.0,0.0,0.0,0.0,0.0,0.0,0.0,0.0,0.0,0.0,2287.0,0.0,0.0,0.0,0.0,0.0,0.0,0.5,0.5,0.0,0.5,0,1010794773910863872
0.2,0.0,0.2,0.0,0.6,0.6,0.2,0.0,202246.2,289.0,15106.2,0.0,0.2,0.0,0.2,0.0,0.6,0.4,0.2,0.2,0.0,0.2,0.0,0.0,0.0,0.2,0.0,0.0,2736.0,2.0,1.4,0.36666666666666664,0.6,0.2333333333333333,0.6,1.6,0.6,4.6,0.6,0,1012202601665691648
0.0,0.0,0.0,0.3333333333333333,0.0,0.3333333333333333,0.0,0.3333333333333333,6073.666666666667,428.3333333333333,48990.0,0.0,0.0,0.0,0.0,0.0,0.3333333333333333,0.3333333333333333,0.0,0.0,0.0,0.0,0.0,0.0,0.0,0.0,0.0,0.0,2269.6666666666665,0.3333333333333333,0.3333333333333333,0.3333333333333333,0.0,0.0,0.0,0.6666666666666666,0.6666666666666666,0.0,0.0,0,1012300587720699904
0.0,0.0,0.5,1.0,1.0,5.0,0.0,0.0,96337.5,1445.5,6054.5,3.0,2.0,1.0,1.0,2.0,1.5,0.15,0.0,0.25,0.3333333333333333,0.0,3.5,0.35,0.0,0.3333333333333333,0.2857142857142857,0.0,2495.5,6.0,4.5,0.8636363636363636,1.5,0.13636363636363635,1.5,3.0,1.5,10.0,0.0,0,1014455979091656704
0.0,0.0,0.3333333333333333,0.3333333333333333,0.0,4.0,0.0,0.0,24870.0,650.0,9938.0,0.0,0.0,0.0,0.0,0.0,3.3333333333333335,0.6060606060606061,0.0,0.0,0.0,0.0,0.6666666666666666,0.0606060606060606,0.0,0.0,0.0,0.0,1016.6666666666666,2.0,1.6666666666666667,0.6,0.3333333333333333,0.06666666666666667,0.0,1.3333333333333333,3.3333333333333335,0.0,0.3333333333333333,0,1014514130801008640
0.0,0.0,0.0,0.0,0.0,0.5,0.0,0.0,25858.5,395.0,3682.5,0.0,0.0,0.0,0.0,0.0,0.5,0.5,0.0,0.0,0.0,0.0,0.0,0.0,0.0,0.0,0.0,0.0,1469.0,0.5,0.5,0.5,0.0,0.0,0.0,0.5,0.5,0.0,0.0,0,1015742929878622208
0.0,0.0,0.0,0.25,0.0,3.75,0.0,0.0,314341.5,312.75,2542.0,1.0,0.75,0.75,0.25,0.25,3.25,0.7045454545454546,0.0,0.25,0.08333333333333333,0.0,0.5,0.04545454545454545,0.0,0.25,0.125,0.0,502.5,1.0,0.75,0.1875,0.25,0.0625,0.0,0.5,3.0,0.0,0.25,0,1016168381583654912
0.25,0.0,0.5,0.0,0.5,1.6666666666666667,0.16666666666666666,0.08333333333333333,24454.916666666668,340.0833333333333,23596.833333333332,0.0,0.0,0.0,0.0,0.0,1.4166666666666667,0.45138888888888884,0.5833333333333334,0.0,0.0,0.16666666666666666,0.25,0.048611111111111105,0.0,0.0,0.0,0.0,1832.0,1.25,1.1666666666666667,0.6458333333333334,0.08333333333333333,0.020833333333333332,0.75,1.3333333333333333,1.6666666666666667,4.25,0.16666666666666666,0,1017316387020218368
0.0,0.0,0.0,0.0,0.0,0.0,0.0,0.0,53074.0,210.0,3158.0,0.0,0.0,0.0,0.0,0.0,0.0,0.0,0.0,0.0,0.0,0.0,0.0,0.0,0.0,0.0,0.0,0.0,523.0,1.0,1.0,1.0,0.0,0.0,0.0,1.0,0.0,0.0,0.0,0,1018399483828326400
1.0,0.0,0.0,0.0,1.0,1.0,1.0,0.0,69497.0,77.0,3487.0,0.0,0.0,0.0,0.0,0.0,1.0,1.0,1.0,0.0,0.0,1.0,0.0,0.0,0.0,0.0,0.0,0.0,183.0,0.0,0.0,0.0,0.0,0.0,1.0,0.0,1.0,3.0,0.0,1,1018729501821399040
0.0,0.0,0.16666666666666666,0.0,0.08333333333333333,1.25,0.0,0.08333333333333333,102311.75,39100.0,24453.333333333332,0.0,0.0,0.0,0.0,0.0,1.25,0.4166666666666667,0.0,0.0,0.0,0.0,0.0,0.0,0.0,0.0,0.0,0.0,1535.8333333333333,1.4166666666666667,1.4166666666666667,0.8333333333333334,0.0,0.0,0.08333333333333333,1.3333333333333333,1.1666666666666667,2.6666666666666665,0.0,0,1019862122563563520
0.0,0.0,0.0,0.0,1.0,0.0,0.0,0.0,138680.5,326.0,13861.0,0.0,0.0,0.0,0.0,0.0,0.0,0.0,0.0,0.0,0.0,0.0,0.0,0.0,0.0,0.0,0.0,0.0,240.5,0.5,0.5,0.5,0.0,0.0,1.5,0.5,0.5,2.0,0.0,0,1020511330580787200
0.0,0.0,0.0,0.0,0.0,1.0,0.0,0.0,3157.0,95.0,2947.0,0.0,0.0,0.0,0.0,0.0,1.0,1.0,0.0,0.0,0.0,0.0,0.0,0.0,0.0,0.0,0.0,0.0,172.0,0.0,0.0,0.0,0.0,0.0,0.0,0.0,1.0,0.0,0.0,0,1020541928640507905
0.0,0.0,0.0,0.0,0.0,1.0,0.0,0.0,47231.0,18557.0,2716.0,0.0,0.0,0.0,0.0,0.0,1.0,1.0,0.0,0.0,0.0,0.0,0.0,0.0,0.0,0.0,0.0,0.0,869.0,0.0,0.0,0.0,0.0,0.0,0.0,0.0,1.0,0.0,0.0,0,1020901686048665600
0.0,0.0,1.0,0.0,0.0,2.0,0.0,0.0,34837.5,257.0,2390.0,0.0,0.0,0.0,0.0,0.0,2.0,1.0,0.0,0.0,0.0,0.0,0.0,0.0,0.0,0.0,0.0,0.0,195.5,1.0,1.0,1.0,0.0,0.0,0.0,1.0,2.0,0.0,0.0,0,1020912874765619200
0.0,0.0,0.0,0.0,0.0,1.0,0.0,0.0,2958.0,122.0,1373.0,0.0,0.0,0.0,0.0,0.0,1.0,1.0,0.0,0.0,0.0,0.0,0.0,0.0,0.0,0.0,0.0,0.0,84.0,0.0,0.0,0.0,0.0,0.0,0.0,0.0,1.0,0.0,0.0,0,1021214042855018496
1.5,0.0,0.0,0.0,2.0,1.0,3.0,0.0,808.0,196.0,1202.0,0.0,0.0,0.0,0.0,0.0,1.0,1.0,3.0,0.0,0.0,3.0,0.0,0.0,0.0,0.0,0.0,0.0,23.0,0.0,0.0,0.0,0.0,0.0,3.0,0.0,1.0,16.0,0.0,1,1021311568061095936
1.0,0.0,0.0,0.0,1.5,0.5,1.0,0.0,17981.5,134.5,4681.0,0.0,0.0,0.0,0.0,0.0,0.5,0.5,1.0,0.0,0.0,1.0,0.0,0.0,0.0,0.0,0.0,0.0,359.0,0.5,0.5,0.5,0.0,0.0,2.5,0.5,0.5,3.0,0.0,1,1021335174224465920
0.0,0.0,0.0,0.0,2.0,0.0,0.0,0.0,8335.0,190.0,902.0,0.0,0.0,0.0,0.0,0.0,0.0,0.0,0.0,0.0,0.0,0.0,0.0,0.0,0.0,0.0,0.0,0.0,503.0,0.0,0.0,0.0,0.0,0.0,2.0,0.0,1.0,4.0,0.0,1,1023091917250023424
0.0,0.0,0.0,0.0,0.0,2.0,0.0,0.0,545.0,17.0,14656.0,2.0,0.0,1.0,0.0,1.0,1.0,0.5,0.0,0.0,1.0,0.0,1.0,0.5,0.0,0.0,1.0,0.0,365.0,0.0,0.0,0.0,0.0,0.0,0.0,0.0,1.0,0.0,0.0,0,1025200529762304000
0.0,0.0,0.0,0.0,1.0,0.0,0.0,0.0,8540.0,19.0,330.0,0.0,0.0,0.0,0.0,0.0,0.0,0.0,0.0,0.0,0.0,0.0,0.0,0.0,0.0,0.0,0.0,0.0,110.0,0.0,0.0,0.0,0.0,0.0,1.0,0.0,1.0,0.0,0.0,1,1025563073714483200
0.0,0.0,0.0,0.0,0.0,0.6666666666666666,0.0,0.0,17787.333333333332,244.0,5466.0,0.0,0.0,0.0,0.0,0.0,0.6666666666666666,0.6666666666666666,0.0,0.0,0.0,0.0,0.0,0.0,0.0,0.0,0.0,0.0,213.33333333333334,0.6666666666666666,0.6666666666666666,0.6666666666666666,0.0,0.0,0.0,0.6666666666666666,0.6666666666666666,0.0,0.0,0,1025583405355937792
0.0,0.0,0.3333333333333333,0.0,0.16666666666666666,1.0,0.0,0.5,5455.833333333333,470.3333333333333,23409.833333333332,0.3333333333333333,0.16666666666666666,0.16666666666666666,0.16666666666666666,0.16666666666666666,0.8333333333333334,0.611111111111111,0.0,0.16666666666666666,0.08333333333333333,0.0,0.16666666666666666,0.05555555555555555,0.0,0.16666666666666666,0.16666666666666666,0.0,813.6666666666666,0.8333333333333334,0.6666666666666666,0.5833333333333334,0.16666666666666666,0.08333333333333333,0.16666666666666666,0.6666666666666666,0.8333333333333334,0.6666666666666666,0.16666666666666666,0,1025590120042164224
0.0,0.0,0.25,0.25,0.25,0.75,0.0,0.0,686823.0,344.25,17884.25,0.5,0.5,0.25,0.5,0.25,0.25,0.08333333333333333,0.0,0.5,0.25,0.0,0.5,0.16666666666666666,0.0,0.3333333333333333,0.125,0.0,4594.25,2.75,1.25,0.47916666666666663,1.5,0.5208333333333333,0.25,2.0,0.5,3.25,0.875,0,1026296025050148864
0.0,0.0,0.0,0.0,0.25,1.0,0.0,0.5,1990.5,324.75,18660.5,0.0,0.0,0.0,0.0,0.0,0.25,0.0625,0.0,0.0,0.0,0.0,0.75,0.1875,0.0,0.0,0.0,0.0,814.25,0.25,0.25,0.25,0.0,0.0,0.25,0.75,0.75,1.0,0.5,0,1026658089262612480
0.14285714285714285,0.0,0.2857142857142857,0.0,0.42857142857142855,1.0,0.14285714285714285,0.0,53956.57142857143,185.0,7698.428571428572,0.0,0.0,0.0,0.0,0.0,0.8571428571428571,0.6428571428571429,0.14285714285714285,0.0,0.0,0.14285714285714285,0.14285714285714285,0.07142857142857142,0.0,0.0,0.0,0.0,1816.142857142857,0.42857142857142855,0.42857142857142855,0.42857142857142855,0.0,0.0,0.5714285714285714,0.5714285714285714,1.0,5.0,0.14285714285714285,0,1026805374071754752
0.0,0.0,0.0,0.0,0.0,0.5,0.0,0.0,2868.0,244.0,12676.0,0.0,0.0,0.0,0.0,0.0,0.5,0.5,0.0,0.0,0.0,0.0,0.0,0.0,0.0,0.0,0.0,0.0,7082.0,0.5,0.5,0.5,0.0,0.0,0.0,1.0,1.0,0.0,0.5,0,1027003324282654720
0.5,0.0,0.0,0.0,1.25,0.75,0.375,0.0,202678.25,460.0,19616.25,0.0,1.0,0.0,0.25,0.0,0.75,0.5,0.5,0.2,0.0,0.375,0.0,0.0,0.0,0.25,0.0,0.0,11663.5,2.0,1.75,0.7083333333333334,0.25,0.04166666666666665,1.5,1.0,0.75,10.25,0.25,1,1027371347221045248
1.0,0.0,0.0,0.0,1.0,1.0,1.0,0.0,560534.0,42.0,624.0,0.0,0.0,0.0,0.0,0.0,1.0,1.0,1.0,0.0,0.0,1.0,0.0,0.0,0.0,0.0,0.0,0.0,122.0,1.0,1.0,1.0,0.0,0.0,1.0,1.0,1.0,1.0,0.0,1,1027437650183081984
1.0,0.0,0.0,0.0,1.0,1.0,1.0,0.0,4000.0,245.0,4392.0,0.0,0.0,0.0,0.0,0.0,1.0,1.0,1.0,0.0,0.0,1.0,0.0,0.0,0.0,0.0,0.0,0.0,33.0,0.0,0.0,0.0,0.0,0.0,1.0,0.0,1.0,8.0,0.0,0,1027519055210438656
0.0,0.0,0.0,0.0,1.0,0.0,0.0,0.0,1597.0,168.0,8174.0,0.0,0.0,0.0,0.0,0.0,0.0,0.0,0.0,0.0,0.0,0.0,0.0,0.0,0.0,0.0,0.0,0.0,91.0,1.0,1.0,1.0,0.0,0.0,3.0,1.0,0.0,12.0,0.0,0,1028570940705239040
0.14285714285714285,0.0,0.0,0.0,0.7142857142857143,0.8571428571428571,0.14285714285714285,0.0,20077.285714285714,484.14285714285717,12294.857142857143,0.2857142857142857,0.14285714285714285,0.14285714285714285,0.14285714285714285,0.14285714285714285,0.7142857142857143,0.5238095238095238,0.14285714285714285,0.14285714285714285,0.07142857142857142,0.14285714285714285,0.14285714285714285,0.047619047619047616,0.0,0.14285714285714285,0.14285714285714285,0.0,1967.5714285714287,0.7142857142857143,0.5714285714285714,0.35714285714285715,0.14285714285714285,0.07142857142857142,0.7142857142857143,0.7142857142857143,0.8571428571428571,9.428571428571429,0.2857142857142857,0,1030291178240856064
0.47222222222222215,0.1111111111111111,0.3333333333333333,0.16666666666666666,1.0833333333333333,1.3333333333333333,0.2951388888888889,0.08333333333333333,115111.75,469.5,29255.333333333332,0.16666666666666666,0.5833333333333334,0.08333333333333333,0.5833333333333334,0.08333333333333333,0.75,0.2777777777777778,0.5833333333333334,0.25,0.08333333333333333,0.375,0.5833333333333334,0.13888888888888887,0.16666666666666666,0.3125,0.08333333333333333,0.0625,7399.75,2.4166666666666665,1.6666666666666667,0.6458333333333334,0.75,0.1875,1.5,1.5833333333333333,1.4166666666666667,12.083333333333334,0.375,0,1030637312557678592
0.8333333333333333,0.16666666666666666,0.5,0.5,2.0,5.0,0.4375,0.0,39241.0,417.5,26545.0,1.0,1.0,0.5,1.5,0.5,2.5,0.5,1.5,0.25,0.5,0.75,2.5,0.5,0.5,0.375,0.5,0.125,2210.0,4.0,2.0,0.25,2.0,0.25,2.0,2.0,4.0,28.5,0.25,0,1031714823689437184
0.0,0.0,0.0,0.0,2.0,0.0,0.0,0.0,68720.0,282.0,3598.0,0.0,0.0,0.0,0.0,0.0,0.0,0.0,0.0,0.0,0.0,0.0,0.0,0.0,0.0,0.0,0.0,0.0,1555.0,1.0,1.0,1.0,0.0,0.0,2.0,1.0,0.0,3.0,0.0,1,1032610021605056512
0.0,0.0,0.0,0.3333333333333333,0.0,3.0,0.0,0.6666666666666666,7991.0,808.6666666666666,23305.333333333332,1.0,0.0,0.3333333333333333,0.0,0.6666666666666666,2.0,0.7000000000000001,0.0,0.0,0.1111111111111111,0.0,1.0,0.3,0.0,0.0,0.3333333333333333,0.0,15717.333333333334,0.6666666666666666,0.6666666666666666,0.3333333333333333,0.0,0.0,0.0,1.0,2.0,0.0,0.16666666666666666,0,1033993129051017216
2.75,0.0,0.25,0.0,1.125,1.0,1.0,0.0,343544.5,387.25,22561.125,0.0,0.0,0.0,0.0,0.0,1.0,0.5,2.75,0.0,0.0,1.0,0.0,0.0,0.0,0.0,0.0,0.0,442.0,1.25,1.125,0.8125,0.125,0.0625,3.625,1.125,1.0,12.625,0.125,1,1035095956305125376
0.0,0.0,0.0,1.0,0.0,2.0,0.0,0.0,2383521.0,296.0,13032.0,0.0,0.0,0.0,0.0,0.0,1.0,0.5,0.0,0.0,0.0,0.0,1.0,0.5,0.0,0.0,0.0,0.0,3010.0,0.0,0.0,0.0,0.0,0.0,0.0,2.0,2.0,0.0,0.5,0,1035362829223784448
2.0,0.0,0.0,0.0,1.0,1.0,2.0,0.0,2791.0,229.0,187.0,0.0,0.0,0.0,0.0,0.0,1.0,1.0,2.0,0.0,0.0,2.0,0.0,0.0,0.0,0.0,0.0,0.0,27.0,0.0,0.0,0.0,0.0,0.0,2.0,0.0,1.0,1.0,0.0,1,1035704405627965440
0.6818181818181818,0.36363636363636365,0.09090909090909091,0.09090909090909091,0.6363636363636364,1.3636363636363635,0.6515151515151515,0.09090909090909091,138280.63636363635,346.6363636363636,7784.090909090909,0.45454545454545453,0.09090909090909091,0.18181818181818182,0.09090909090909091,0.2727272727272727,0.7272727272727273,0.4696969696969697,0.9090909090909091,0.09090909090909091,0.13636363636363635,0.6818181818181818,0.6363636363636364,0.16666666666666663,0.7272727272727273,0.0303030303030303,0.09090909090909091,0.18181818181818182,1865.0,1.9090909090909092,1.3636363636363635,0.5909090909090909,0.5454545454545454,0.13636363636363635,1.8181818181818181,1.1818181818181819,1.0,5.181818181818182,0.13636363636363635,0,1035709331489832960
0.0,0.0,0.0,0.0,0.0,1.0,0.0,0.0,2298.6666666666665,198.33333333333334,2601.0,0.0,0.0,0.0,0.0,0.0,1.0,1.0,0.0,0.0,0.0,0.0,0.0,0.0,0.0,0.0,0.0,0.0,761.0,0.0,0.0,0.0,0.0,0.0,0.0,0.0,1.0,0.0,0.0,0,1036918934974406656
0.3333333333333333,0.0,0.0,0.0,0.3333333333333333,0.6666666666666666,0.16666666666666666,0.0,877912.0,276.0,44128.333333333336,0.0,0.0,0.0,0.0,0.0,0.6666666666666666,0.3333333333333333,0.3333333333333333,0.0,0.0,0.16666666666666666,0.0,0.0,0.0,0.0,0.0,0.0,395.6666666666667,1.0,1.0,1.0,0.0,0.0,0.3333333333333333,1.0,0.6666666666666666,4.0,0.0,0,1037557671953342464
0.0,0.0,0.0,0.0,0.3333333333333333,0.6666666666666666,0.0,0.3333333333333333,32760.333333333332,333.6666666666667,10450.666666666666,0.0,0.3333333333333333,0.0,0.3333333333333333,0.0,0.6666666666666666,0.6666666666666666,0.0,0.3333333333333333,0.0,0.0,0.0,0.0,0.0,0.3333333333333333,0.0,0.0,556.0,0.6666666666666666,0.3333333333333333,0.16666666666666666,0.3333333333333333,0.16666666666666666,0.3333333333333333,0.3333333333333333,0.6666666666666666,4.333333333333333,0.3333333333333333,0,1037584295784497152
0.0,0.0,0.0,0.0,0.3333333333333333,0.6666666666666666,0.0,0.0,26991.0,44.0,4538.0,0.0,0.0,0.0,0.0,0.0,0.6666666666666666,0.6666666666666666,0.0,0.0,0.0,0.0,0.0,0.0,0.0,0.0,0.0,0.0,269.6666666666667,0.6666666666666666,0.6666666666666666,0.3333333333333333,0.0,0.0,0.3333333333333333,0.3333333333333333,1.0,2.3333333333333335,0.0,0,1037604986386882560
0.0,0.0,1.0,0.0,0.0,2.0,0.0,0.5,556.0,315.0,3158.0,1.0,0.5,0.5,0.5,0.5,1.5,0.75,0.0,0.5,0.5,0.0,0.5,0.25,0.0,0.5,0.5,0.0,3234.5,2.0,1.5,0.75,0.5,0.25,0.0,1.0,1.0,0.0,0.5,0,1038279828601765888
1.25,0.0,0.0,0.0,1.0,0.75,1.25,0.0,156649.75,143.25,4243.75,0.0,0.0,0.0,0.0,0.0,0.75,0.75,1.25,0.0,0.0,1.25,0.0,0.0,0.0,0.0,0.0,0.0,521.25,0.75,0.75,0.5,0.0,0.0,2.0,0.75,0.75,5.0,0.0,1,1038638173796159488
0.0,0.0,0.0,0.0,0.0,2.0,0.0,0.0,127304.0,261.0,20436.0,0.0,0.0,0.0,0.0,0.0,2.0,1.0,0.0,0.0,0.0,0.0,0.0,0.0,0.0,0.0,0.0,0.0,9230.0,0.0,0.0,0.0,0.0,0.0,0.0,1.0,1.0,0.0,1.0,0,1040475260585484288
0.0,0.0,0.0,0.0,0.0,1.0,0.0,0.0,61858.5,7.5,234.0,0.0,0.0,0.0,0.0,0.0,0.5,0.25,0.0,0.0,0.0,0.0,0.5,0.25,0.0,0.0,0.0,0.0,179.0,0.0,0.0,0.0,0.0,0.0,0.0,0.0,1.5,0.0,0.0,0,1041575393192218624
0.0,0.0,0.0,0.0,0.0,1.5,0.0,0.0,7459.0,304.5,40064.5,0.0,0.0,0.0,0.0,0.0,1.5,0.5,0.0,0.0,0.0,0.0,0.0,0.0,0.0,0.0,0.0,0.0,996.5,0.5,0.5,0.5,0.0,0.0,0.0,0.5,1.5,0.0,0.0,0,1041926984047251456
0.2,0.0,0.6,0.0,0.2,1.6,0.1,0.0,530738.2,109.6,20346.8,0.0,0.0,0.0,0.0,0.0,1.4,0.75,0.2,0.0,0.0,0.1,0.2,0.05,0.0,0.0,0.0,0.0,252.8,1.2,1.2,0.8,0.0,0.0,0.2,1.4,1.6,2.4,0.2,0,1042152100458799104
0.0,0.0,0.5,0.0,0.0,1.0,0.0,0.0,367746.5,433.0,7403.0,0.0,0.0,0.0,0.0,0.0,1.0,0.5,0.0,0.0,0.0,0.0,0.0,0.0,0.0,0.0,0.0,0.0,256.5,1.0,1.0,1.0,0.0,0.0,0.0,1.0,1.0,0.0,0.0,0,1044184247084498944
0.5,0.0,0.0,0.0,2.0,0.5,0.5,0.5,39808.5,634.0,15954.0,0.0,0.0,0.0,0.0,0.0,0.5,0.5,0.5,0.0,0.0,0.5,0.0,0.0,0.0,0.0,0.0,0.0,7412.0,0.5,0.5,0.5,0.0,0.0,2.0,0.5,1.0,23.0,0.0,1,1044413228903788544
0.0,0.0,0.0,0.0,0.0,0.0,0.0,0.0,68035.0,20.0,382.0,0.0,0.0,0.0,0.0,0.0,0.0,0.0,0.0,0.0,0.0,0.0,0.0,0.0,0.0,0.0,0.0,0.0,120.0,1.0,1.0,1.0,0.0,0.0,0.0,1.0,0.0,0.0,0.0,0,1044444091183788032
0.0,0.0,0.0,0.0,0.0,0.5,0.0,0.0,19484.5,58550.5,1420.5,0.0,0.0,0.0,0.0,0.0,0.5,0.5,0.0,0.0,0.0,0.0,0.0,0.0,0.0,0.0,0.0,0.0,92.0,0.5,0.5,0.5,0.0,0.0,0.0,0.5,0.5,0.0,0.0,0,1045487837144907776
0.2,0.0,0.0,0.0,0.6,0.4,0.2,0.0,1719674.8,106.6,5025.8,0.0,0.0,0.0,0.0,0.0,0.4,0.4,0.2,0.0,0.0,0.2,0.0,0.0,0.0,0.0,0.0,0.0,697.2,1.2,1.0,0.7,0.2,0.1,1.0,1.2,0.4,2.4,0.2,0,1045523258935754752
0.48245614035087714,0.07017543859649122,0.21052631578947367,0.2631578947368421,0.7368421052631579,2.0526315789473686,0.3530701754385965,0.05263157894736842,152140.2105263158,533.6842105263158,24129.684210526317,0.3157894736842105,0.3684210526315789,0.21052631578947367,0.2631578947368421,0.10526315789473684,1.4210526315789473,0.4641148325358852,0.631578947368421,0.12105263157894736,0.08771929824561403,0.3684210526315789,0.631578947368421,0.11483253588516745,0.15789473684210525,0.11842105263157894,0.043859649122807015,0.04824561403508772,3852.684210526316,2.1052631578947367,1.4736842105263157,0.5859649122807017,0.631578947368421,0.1508771929824561,1.7894736842105263,1.5263157894736843,1.8421052631578947,6.947368421052632,0.3684210526315789,0,1045940810706726912
0.0,0.0,0.0,0.0,0.0,1.0,0.0,0.0,32481.0,300.0,10506.0,0.0,0.0,0.0,0.0,0.0,1.0,1.0,0.0,0.0,0.0,0.0,0.0,0.0,0.0,0.0,0.0,0.0,737.0,0.0,0.0,0.0,0.0,0.0,0.0,0.0,1.0,0.0,0.0,0,1046683080292782080
0.0,0.0,0.0,0.0,0.25,2.0,0.0,0.0,39740.25,226.0,3131.75,0.0,0.0,0.0,0.0,0.0,2.0,0.5,0.0,0.0,0.0,0.0,0.0,0.0,0.0,0.0,0.0,0.0,1831.5,1.25,1.25,0.75,0.0,0.0,0.25,0.75,1.75,1.75,0.0,0,1047214355399462912
4.0,0.0,0.0,0.0,1.0,1.0,4.0,0.0,85233.0,159.0,6998.0,0.0,0.0,0.0,0.0,0.0,1.0,1.0,4.0,0.0,0.0,4.0,0.0,0.0,0.0,0.0,0.0,0.0,252.0,0.0,0.0,0.0,0.0,0.0,4.0,0.0,1.0,3.0,0.0,1,1047662801553936384
0.75,0.125,0.25,0.5,2.0,2.75,0.4375,0.0,24907.0,6306.0,26432.25,0.75,0.0,0.25,0.0,0.5,1.5,0.47916666666666663,1.0,0.0,0.0625,0.625,1.25,0.2708333333333333,0.25,0.0,0.25,0.125,10636.25,3.0,2.5,0.6309523809523809,0.5,0.11904761904761903,3.0,3.0,1.75,16.0,0.0,1,1048815494985551872
0.0,0.0,0.0,0.0,1.5,0.0,0.0,0.0,7052.5,74.5,15132.5,0.0,0.0,0.0,0.0,0.0,0.0,0.0,0.0,0.0,0.0,0.0,0.0,0.0,0.0,0.0,0.0,0.0,1213.5,0.0,0.0,0.0,0.0,0.0,7.0,0.5,0.5,10.0,0.5,1,1049829133251125248
1.75,0.0,0.0,0.0,1.5,1.0,3.0,0.0,48137.5,7.5,452.0,0.0,0.0,0.0,0.0,0.0,1.0,1.0,3.0,0.0,0.0,3.0,0.0,0.0,0.0,0.0,0.0,0.0,717.0,0.0,0.0,0.0,0.0,0.0,3.0,0.0,1.0,10.0,0.0,1,1050549294417457152
0.0,0.0,0.16666666666666666,0.0,0.08333333333333333,0.75,0.0,0.16666666666666666,32585.916666666668,5721.083333333333,35382.083333333336,0.0,0.0,0.0,0.0,0.0,0.75,0.4166666666666667,0.0,0.0,0.0,0.0,0.0,0.0,0.0,0.0,0.0,0.0,657.1666666666666,1.1666666666666667,1.0,0.6666666666666666,0.16666666666666666,0.08333333333333333,0.08333333333333333,1.1666666666666667,0.75,0.8333333333333334,0.25,0,1050956336680345600
0.0,0.0,0.0,0.0,0.0,2.0,0.0,0.0,7647.0,57.0,192.0,0.0,0.0,0.0,0.0,0.0,2.0,1.0,0.0,0.0,0.0,0.0,0.0,0.0,0.0,0.0,0.0,0.0,123.0,0.0,0.0,0.0,0.0,0.0,0.0,0.0,2.0,0.0,0.0,0,1050979346070077440
1.7,0.4,0.4,0.0,1.0,1.2,1.8666666666666665,0.2,206391.2,244.6,29287.8,0.4,0.0,0.2,0.0,0.2,0.8,0.6666666666666666,2.0,0.0,0.2,2.0,0.4,0.13333333333333333,0.4,0.0,0.1,0.2,3326.0,1.4,1.0,0.7,0.4,0.1,2.4,1.2,1.0,8.2,0.2,0,1051013843955957760
0.6666666666666666,0.0,0.3333333333333333,0.0,0.3333333333333333,1.3333333333333333,0.3333333333333333,0.3333333333333333,8238.666666666666,267.0,20073.666666666668,0.0,0.0,0.0,0.0,0.0,1.0,0.5,0.6666666666666666,0.0,0.0,0.3333333333333333,0.3333333333333333,0.16666666666666666,0.0,0.0,0.0,0.0,4579.333333333333,0.6666666666666666,0.6666666666666666,0.3333333333333333,0.0,0.0,0.6666666666666666,1.0,1.3333333333333333,2.3333333333333335,0.3333333333333333,0,1051123149653118976
0.5,0.0,0.0,0.25,0.25,1.0,0.5,0.0,666721.5,249.75,8569.0,0.0,0.0,0.0,0.0,0.0,0.75,0.625,0.5,0.0,0.0,0.5,0.25,0.125,0.0,0.0,0.0,0.0,1644.0,0.75,0.75,0.5,0.0,0.0,0.5,1.25,1.0,1.25,0.125,0,1051235021203316736
1.0,0.0,0.0,0.0,1.0,0.8333333333333334,1.0,0.0,12383.5,6559.0,55507.0,0.0,0.0,0.0,0.0,0.0,0.8333333333333334,0.8333333333333334,1.0,0.0,0.0,1.0,0.0,0.0,0.0,0.0,0.0,0.0,1558.5,0.16666666666666666,0.16666666666666666,0.16666666666666666,0.0,0.0,1.1666666666666667,0.16666666666666666,0.8333333333333334,11.0,0.0,1,1052149019687985152
0.0,0.0,0.0,0.0,0.0,2.0,0.0,0.0,25031.0,32.0,6702.0,0.0,0.0,0.0,0.0,0.0,2.0,1.0,0.0,0.0,0.0,0.0,0.0,0.0,0.0,0.0,0.0,0.0,330.0,0.0,0.0,0.0,0.0,0.0,0.0,0.0,1.0,0.0,0.0,0,1052156302291767296
0.0,0.0,0.0,0.0,0.0,0.0,0.0,0.0,677977.0,131.0,797.0,0.0,0.0,0.0,0.0,0.0,0.0,0.0,0.0,0.0,0.0,0.0,0.0,0.0,0.0,0.0,0.0,0.0,1533.0,1.0,1.0,1.0,0.0,0.0,0.0,1.0,0.0,0.0,0.0,0,1052407693459476480
1.1666666666666667,0.0,0.0,0.0,1.3333333333333333,1.0,1.6666666666666667,0.3333333333333333,17477.0,430.3333333333333,30638.333333333332,0.0,0.0,0.0,0.0,0.0,1.0,1.0,1.6666666666666667,0.0,0.0,1.6666666666666667,0.0,0.0,0.0,0.0,0.0,0.0,5133.0,0.3333333333333333,0.3333333333333333,0.3333333333333333,0.0,0.0,1.6666666666666667,0.3333333333333333,1.0,14.0,0.0,1,1053133798101442560
0.0,0.0,0.0,0.0,0.5,0.5,0.0,0.0,14330.5,81.5,98868.5,0.0,0.0,0.0,0.0,0.0,0.5,0.5,0.0,0.0,0.0,0.0,0.0,0.0,0.0,0.0,0.0,0.0,112.0,0.5,0.5,0.5,0.0,0.0,0.5,0.5,0.5,5.5,0.0,0,1053441156740681728
1.7,1.2,0.4,0.0,1.4,2.6,1.7666666666666664,0.0,57412.0,697.2,35816.2,0.6,0.0,0.2,0.0,0.4,1.2,0.6333333333333334,2.4,0.0,0.1,1.9,1.4,0.3666666666666666,2.2,0.0,0.1,0.9,7226.6,2.2,1.2,0.31666666666666665,1.0,0.2833333333333333,4.6,1.6,1.8,13.0,0.4,0,1053791122083753984
0.0,0.0,0.0,0.0,0.0,4.0,0.0,0.0,8038.5,99.5,35661.0,0.0,0.0,0.0,0.0,0.0,3.5,0.9166666666666667,0.0,0.0,0.0,0.0,0.5,0.0833333333333333,0.0,0.0,0.0,0.0,613.0,0.0,0.0,0.0,0.0,0.0,0.0,0.0,4.0,0.0,0.0,0,1054210825700741120
1.5,0.0,0.0,0.0,1.5,1.0,2.0,0.16666666666666666,331054.1666666667,381.8333333333333,76711.66666666667,0.0,0.0,0.0,0.0,0.0,1.0,1.0,2.0,0.0,0.0,2.0,0.0,0.0,0.0,0.0,0.0,0.0,3534.1666666666665,0.5,0.5,0.16666666666666666,0.0,0.0,2.0,0.5,1.0,31.5,0.0,1,1054888765589991424
4.5,0.0,1.0,0.0,1.0,1.5,2.75,0.5,1128.5,522.0,3904.0,0.0,0.0,0.0,0.0,0.0,1.5,1.0,4.5,0.0,0.0,2.75,0.0,0.0,0.0,0.0,0.0,0.0,1829.5,1.5,1.5,1.0,0.0,0.0,4.5,1.0,1.0,1.0,0.0,1,1055241182718332928
0.375,0.0,0.25,0.25,0.75,1.0,0.375,0.0,1025226.25,220.75,4542.25,0.0,0.0,0.0,0.0,0.0,0.75,0.375,0.75,0.0,0.0,0.375,0.25,0.125,0.0,0.0,0.0,0.0,1955.25,2.0,2.0,0.75,0.0,0.0,1.0,2.0,1.0,9.0,0.125,0,1055302920520220672
1.6666666666666667,0.0,0.0,0.0,1.0,1.6666666666666667,1.0,0.0,21036.666666666668,141.33333333333334,1492.0,0.0,0.0,0.0,0.0,0.0,1.6666666666666667,1.0,1.6666666666666667,0.0,0.0,1.0,0.0,0.0,0.0,0.0,0.0,0.0,177.66666666666666,0.0,0.0,0.0,0.0,0.0,1.6666666666666667,0.0,1.0,3.0,0.0,1,1055376321662377984
4.0,0.0,1.0,0.0,1.5,1.75,2.25,0.0,125403.5,282.75,26667.25,0.0,0.0,0.0,0.0,0.0,1.75,1.0,4.5,0.0,0.0,2.25,0.0,0.0,0.0,0.0,0.0,0.0,602.25,1.25,1.25,0.75,0.0,0.0,4.5,1.0,1.5,14.5,0.0,1,1055729335686066176
1.0,0.0,0.0,0.0,1.0,1.0,1.0,0.0,58906.0,90.0,5468.0,0.0,0.0,0.0,0.0,0.0,1.0,1.0,1.0,0.0,0.0,1.0,0.0,0.0,0.0,0.0,0.0,0.0,513.0,0.0,0.0,0.0,0.0,0.0,1.0,0.0,1.0,1.0,0.0,1,1056396634285637632
0.27777777777777773,0.2222222222222222,0.16666666666666666,0.16666666666666666,1.1666666666666667,2.0,0.22916666666666666,0.0,15981.333333333334,422.3333333333333,14570.333333333334,0.0,0.3333333333333333,0.0,0.5,0.0,1.1666666666666667,0.5,0.5,0.08333333333333333,0.0,0.25,0.8333333333333334,0.16666666666666666,0.3333333333333333,0.125,0.0,0.20833333333333334,802.3333333333334,2.0,1.1666666666666667,0.3611111111111111,0.8333333333333334,0.13888888888888887,1.6666666666666667,1.5,2.0,11.5,0.4166666666666667,0,1056767045251080192
0.0,0.0,1.0,0.0,0.0,6.5,0.0,0.0,481.5,274.5,4563.5,0.0,0.0,0.0,0.0,0.0,6.5,1.0,0.0,0.0,0.0,0.0,0.0,0.0,0.0,0.0,0.0,0.0,1471.5,6.5,6.5,1.0,0.0,0.0,0.0,1.0,1.0,0.0,0.0,0,1056991806686478336
0.0,0.0,0.0,0.5,0.0,0.0,0.0,0.0,62458.0,808.5,39236.5,0.0,0.0,0.0,0.0,0.0,0.0,0.0,0.0,0.0,0.0,0.0,0.0,0.0,0.0,0.0,0.0,0.0,21332.5,0.0,0.0,0.0,0.0,0.0,0.0,1.0,1.0,0.0,0.5,0,1057501435811500032
0.0,0.0,0.6666666666666666,0.0,0.0,1.0,0.0,0.3333333333333333,127131.33333333333,90.66666666666667,1744.6666666666667,0.0,0.0,0.0,0.0,0.0,1.0,0.6666666666666666,0.0,0.0,0.0,0.0,0.0,0.0,0.0,0.0,0.0,0.0,1219.6666666666667,1.6666666666666667,1.6666666666666667,1.0,0.0,0.0,0.0,1.3333333333333333,1.0,0.0,0.0,0,1057758328068952064
0.0,0.0,0.0,0.0,0.0,1.5,0.0,0.5,33847.5,361.0,8393.5,0.0,0.0,0.0,0.0,0.0,1.5,0.5,0.0,0.0,0.0,0.0,0.0,0.0,0.0,0.0,0.0,0.0,1217.0,1.0,1.0,0.5,0.0,0.0,0.0,0.5,1.0,0.0,0.0,0,1058237395197440000
3.0,0.0,0.2857142857142857,0.0,1.0,1.2857142857142858,1.476190476190476,0.0,364886.71428571426,262.2857142857143,7960.428571428572,0.0,0.0,0.0,0.0,0.0,1.2857142857142858,0.7142857142857143,3.0,0.0,0.0,1.476190476190476,0.0,0.0,0.0,0.0,0.0,0.0,609.1428571428571,40.857142857142854,40.714285714285715,0.7857142857142857,0.14285714285714285,0.07142857142857142,3.2857142857142856,12.571428571428571,1.0,11.0,0.14285714285714285,1,1058275301689892864
0.6666666666666666,0.0,0.3333333333333333,0.0,0.3333333333333333,2.6666666666666665,0.3333333333333333,0.0,72275.0,557.6666666666666,6587.333333333333,0.0,0.0,0.0,0.0,0.0,2.6666666666666665,1.0,0.6666666666666666,0.0,0.0,0.3333333333333333,0.0,0.0,0.0,0.0,0.0,0.0,240.66666666666666,0.6666666666666666,0.3333333333333333,0.16666666666666666,0.3333333333333333,0.16666666666666666,0.6666666666666666,0.6666666666666666,1.3333333333333333,3.6666666666666665,0.3333333333333333,0,1058279271862329344
0.3333333333333333,0.0,0.3333333333333333,0.0,0.3333333333333333,0.6666666666666666,0.3333333333333333,0.0,22158.666666666668,341.6666666666667,12219.666666666666,0.0,0.0,0.0,0.0,0.0,0.6666666666666666,0.6666666666666666,0.3333333333333333,0.0,0.0,0.3333333333333333,0.0,0.0,0.0,0.0,0.0,0.0,3433.6666666666665,0.6666666666666666,0.6666666666666666,0.6666666666666666,0.0,0.0,0.3333333333333333,0.6666666666666666,0.6666666666666666,4.0,0.0,0,1058308699795390464
0.0,0.0,0.0,0.0,1.0,0.0,0.0,0.0,1231941.0,544.0,21772.0,0.0,0.0,0.0,0.0,0.0,0.0,0.0,0.0,0.0,0.0,0.0,0.0,0.0,0.0,0.0,0.0,0.0,1228.0,2.0,2.0,1.0,0.0,0.0,1.0,2.0,0.0,0.0,0.0,1,1059310997544079360
2.0,0.0,0.6666666666666666,0.0,1.0,1.3333333333333333,1.5,0.0,388101.3333333333,157.66666666666666,3942.0,0.0,0.0,0.0,0.0,0.0,1.3333333333333333,1.0,2.0,0.0,0.0,1.5,0.0,0.0,0.0,0.0,0.0,0.0,737.0,1.0,1.0,0.6666666666666666,0.0,0.0,2.0,0.6666666666666666,1.0,8.0,0.0,1,1059574871014674432
0.0,0.0,0.0,0.0,0.0,0.6666666666666666,0.0,0.0,20456.333333333332,328.0,3822.0,0.0,0.0,0.0,0.0,0.0,0.6666666666666666,0.3333333333333333,0.0,0.0,0.0,0.0,0.0,0.0,0.0,0.0,0.0,0.0,396.0,0.6666666666666666,0.6666666666666666,0.6666666666666666,0.0,0.0,0.0,0.6666666666666666,0.6666666666666666,0.0,0.0,0,1060431703267028992
0.0,0.0,0.0,0.0,1.0,0.0,0.0,1.0,9158.0,551.0,25172.0,0.0,0.0,0.0,0.0,0.0,0.0,0.0,0.0,0.0,0.0,0.0,0.0,0.0,0.0,0.0,0.0,0.0,8259.0,1.0,1.0,1.0,0.0,0.0,1.0,1.0,0.0,0.0,0.0,1,1061048387769679872
0.5,0.0,0.0,0.0,0.5,1.0,0.25,0.0,24600.0,360.5,16575.0,1.0,0.0,0.5,0.0,0.5,0.5,0.25,0.5,0.0,0.5,0.5,0.5,0.25,0.0,0.0,0.5,0.0,2073.0,0.0,0.0,0.0,0.0,0.0,0.5,0.0,1.0,16.0,0.0,0,1061579724511498240
0.0,0.0,0.16666666666666666,0.0,0.0,1.0,0.0,0.0,109734.16666666667,391.1666666666667,34840.833333333336,0.0,0.0,0.0,0.0,0.0,1.0,1.0,0.0,0.0,0.0,0.0,0.0,0.0,0.0,0.0,0.0,0.0,467.5,1.5,1.5,0.5,0.0,0.0,0.0,1.3333333333333333,1.0,0.0,0.0,0,1062159878522589184
0.0,0.0,0.0,0.0,0.0,0.5,0.0,0.0,6744.5,466.0,29837.0,0.0,0.0,0.0,0.0,0.0,0.5,0.5,0.0,0.0,0.0,0.0,0.0,0.0,0.0,0.0,0.0,0.0,429.5,0.5,0.5,0.5,0.0,0.0,0.0,1.0,1.0,0.0,0.5,0,1062530169086095360
2.0,3.1666666666666665,0.3333333333333333,1.0,1.3333333333333333,5.666666666666667,1.0476190476190477,0.3333333333333333,21961.333333333332,171.33333333333334,2582.0,2.3333333333333335,0.6666666666666666,1.0,0.6666666666666666,1.3333333333333333,2.3333333333333335,0.43650793650793646,2.3333333333333335,0.3333333333333333,0.4166666666666667,1.3333333333333333,3.3333333333333335,0.5634920634920634,3.3333333333333335,0.3333333333333333,0.6666666666666666,1.0,6992.666666666667,3.6666666666666665,2.6666666666666665,0.4523809523809524,1.0,0.21428571428571427,5.666666666666667,3.0,2.0,3.6666666666666665,0.0,1,1062535235822292992
0.0,0.0,0.0,0.0,1.0,0.0,0.0,1.0,2468.0,453.0,657.0,0.0,0.0,0.0,0.0,0.0,0.0,0.0,0.0,0.0,0.0,0.0,0.0,0.0,0.0,0.0,0.0,0.0,345.0,0.0,0.0,0.0,0.0,0.0,2.0,0.0,1.0,3.0,0.0,1,1062801916175974400
1.0,0.0,0.0,0.0,1.0,107.0,0.0093457943925233,0.0,6113.0,84.0,26047.0,0.0,0.0,0.0,0.0,0.0,107.0,1.0,1.0,0.0,0.0,0.0093457943925233,0.0,0.0,0.0,0.0,0.0,0.0,6886.0,0.0,0.0,0.0,0.0,0.0,1.0,0.0,1.0,2.0,0.0,1,1062857673374101504
0.0,0.0,0.0,0.0,0.0,1.0,0.0,0.0,2034.5,191.5,7479.0,0.0,0.0,0.0,0.0,0.0,1.0,0.5,0.0,0.0,0.0,0.0,0.0,0.0,0.0,0.0,0.0,0.0,214.5,1.0,1.0,0.5,0.0,0.0,0.0,0.5,0.5,0.0,0.0,0,1063569089739534336
0.0,0.0,0.0,0.0,0.0,1.0,0.0,0.0,1401.8,314.4,19242.2,0.0,0.0,0.0,0.0,0.0,1.0,1.0,0.0,0.0,0.0,0.0,0.0,0.0,0.0,0.0,0.0,0.0,1487.4,0.0,0.0,0.0,0.0,0.0,0.0,0.0,1.0,0.0,0.0,0,1064015840896225280
0.3333333333333333,0.0,0.0,0.0,1.0,0.3333333333333333,0.3333333333333333,0.0,26779.666666666668,3833.3333333333335,3297.3333333333335,0.0,0.0,0.0,0.0,0.0,0.3333333333333333,0.3333333333333333,0.3333333333333333,0.0,0.0,0.3333333333333333,0.0,0.0,0.0,0.0,0.0,0.0,179.0,0.6666666666666666,0.3333333333333333,0.16666666666666666,0.3333333333333333,0.16666666666666666,2.3333333333333335,0.6666666666666666,0.6666666666666666,17.0,0.3333333333333333,1,1064324203748175872
0.0,0.0,1.0,0.0,0.0,3.0,0.0,0.0,61440.0,422.0,12420.0,0.0,0.0,0.0,0.0,0.0,3.0,1.0,0.0,0.0,0.0,0.0,0.0,0.0,0.0,0.0,0.0,0.0,409.0,1.0,1.0,1.0,0.0,0.0,0.0,1.0,3.0,0.0,0.0,0,1064662952684179456
2.5,0.0,0.0,0.0,1.0,0.5,2.5,0.0,11466.5,111.0,2624.0,0.0,0.0,0.0,0.0,0.0,0.5,0.5,2.5,0.0,0.0,2.5,0.0,0.0,0.0,0.0,0.0,0.0,2259.0,0.5,0.5,0.5,0.0,0.0,3.0,1.0,1.0,3.0,0.5,1,1064754213302792192
0.5,0.5,0.5,0.0,0.5,2.0,0.3333333333333333,0.0,87300.5,1245.5,66116.0,0.0,0.0,0.0,0.0,0.0,1.0,0.6666666666666666,0.5,0.0,0.0,0.5,1.0,0.3333333333333333,0.5,0.0,0.0,0.25,13173.0,2.0,2.0,0.5,0.0,0.0,1.0,1.5,1.5,1.0,0.0,0,1065395268834463744
0.08695652173913043,0.0,0.21739130434782608,0.0,0.13043478260869565,1.4782608695652173,0.043478260869565216,0.13043478260869565,187646.1739130435,417.4347826086956,33977.47826086957,0.0,0.0,0.0,0.0,0.0,1.4782608695652173,0.17391304347826086,0.2608695652173913,0.0,0.0,0.043478260869565216,0.0,0.0,0.0,0.0,0.0,0.0,727.2173913043479,1.391304347826087,1.391304347826087,0.9565217391304348,0.0,0.0,0.2608695652173913,1.173913043478261,1.3043478260869565,0.782608695652174,0.0,0,1065408203174641664
0.0,0.0,0.0,0.0,0.0,0.0,0.0,1.0,19617.0,131.0,22138.0,0.0,0.0,0.0,0.0,0.0,0.0,0.0,0.0,0.0,0.0,0.0,0.0,0.0,0.0,0.0,0.0,0.0,508.0,1.0,1.0,1.0,0.0,0.0,0.0,1.0,0.0,0.0,0.0,0,1065464392118067200
0.6071428571428571,0.17857142857142858,0.2857142857142857,0.2857142857142857,1.4285714285714286,1.0,0.5297619047619048,0.07142857142857142,86603.07142857143,377.64285714285717,12253.857142857143,0.2857142857142857,0.21428571428571427,0.14285714285714285,0.2857142857142857,0.14285714285714285,0.6428571428571429,0.29761904761904756,0.9285714285714286,0.14285714285714285,0.10714285714285714,0.6071428571428571,0.35714285714285715,0.13095238095238096,0.2857142857142857,0.1357142857142857,0.10714285714285714,0.25,2977.0714285714284,1.6428571428571428,1.0714285714285714,0.5204081632653061,0.5714285714285714,0.12244897959183675,2.0,1.2857142857142858,1.0,33.57142857142857,0.11904761904761904,1,1066169079599104000
0.5,0.0,0.0,0.0,1.0,0.5,0.5,0.0,4330.5,13132.5,49623.0,0.0,0.0,0.0,0.0,0.0,0.5,0.5,0.5,0.0,0.0,0.5,0.0,0.0,0.0,0.0,0.0,0.0,6214.5,0.5,0.5,0.5,0.0,0.0,3.5,0.5,0.5,1.0,0.0,1,1066222158239453184
1.375,1.125,0.25,0.25,1.5,2.5,1.2083333333333333,0.0,45788.0,664.75,15526.0,0.75,0.25,0.25,0.5,0.5,1.25,0.5,2.5,0.125,0.125,1.375,1.25,0.25,2.25,0.1,0.125,0.75,11087.75,3.0,1.0,0.3839285714285714,2.0,0.3660714285714286,5.0,1.75,1.75,12.25,0.41666666666666663,1,1066305683928035328
0.4666666666666666,0.0,0.8,0.0,0.8,1.2,1.0,0.2,230910.4,324.0,12212.8,0.0,0.0,0.0,0.0,0.0,1.2,1.0,1.0,0.0,0.0,1.0,0.0,0.0,0.0,0.0,0.0,0.0,357.8,1.0,1.0,0.8,0.0,0.0,1.0,0.8,1.0,6.4,0.0,0,1066477558595461120
0.0,0.0,0.0,0.0,0.0,2.5,0.0,0.0,978.0,240.0,6095.5,0.0,0.0,0.0,0.0,0.0,2.5,1.0,0.0,0.0,0.0,0.0,0.0,0.0,0.0,0.0,0.0,0.0,6350.0,0.5,0.5,0.5,0.0,0.0,0.0,0.5,2.5,0.0,0.0,0,1067325353481154560
3.5,3.0,0.0,1.0,1.0,3.5,1.9166666666666665,0.5,1054.5,296.5,1417.5,1.5,1.0,1.0,0.5,0.5,1.5,0.4583333333333333,3.5,0.5,0.5,2.25,2.0,0.5416666666666666,3.0,0.5,0.5,1.6666666666666665,885.0,1.5,1.0,0.3333333333333333,0.5,0.16666666666666666,6.5,1.0,1.5,1.0,0.0,1,1070449102225096704
0.0,0.0,0.0,0.0,0.0,3.3333333333333335,0.0,0.3333333333333333,9787.0,467.0,6777.0,1.6666666666666667,0.6666666666666666,1.3333333333333333,0.3333333333333333,0.3333333333333333,2.6666666666666665,0.26666666666666666,0.0,0.3333333333333333,0.16666666666666666,0.0,0.6666666666666666,0.06666666666666667,0.0,0.3333333333333333,0.16666666666666666,0.0,1257.3333333333333,1.6666666666666667,1.3333333333333333,0.5555555555555555,0.3333333333333333,0.1111111111111111,0.0,0.6666666666666666,1.0,0.0,0.3333333333333333,0,1071192384462815232
0.0,0.0,0.0,0.0,2.0,0.0,0.0,0.0,8335.0,190.0,902.0,0.0,0.0,0.0,0.0,0.0,0.0,0.0,0.0,0.0,0.0,0.0,0.0,0.0,0.0,0.0,0.0,0.0,503.0,0.0,0.0,0.0,0.0,0.0,2.0,0.0,1.0,4.0,0.0,1,1071559888842489856
0.0,0.0,0.0,0.0,2.0,0.0,0.0,0.0,625427.0,32.0,1672.0,0.0,0.0,0.0,0.0,0.0,0.0,0.0,0.0,0.0,0.0,0.0,0.0,0.0,0.0,0.0,0.0,0.0,893.0,1.0,1.0,1.0,0.0,0.0,2.0,1.0,0.0,10.0,0.0,1,1071611451216748544
6.291666666666667,1.4166666666666667,1.0,0.5,1.75,4.75,1.96875,0.0,151248.75,182.0,13322.75,3.25,2.5,2.5,0.75,0.75,4.0,0.90625,10.0,0.45833333333333337,0.3869047619047619,2.005952380952381,0.75,0.09375,1.75,0.5,0.5,1.125,3724.5,4.5,3.75,0.8958333333333334,0.75,0.10416666666666666,11.75,1.75,2.0,17.25,0.0,1,1073397272806817792
0.0,0.0,0.0,0.0,0.0,0.0,0.0,0.0,94924.0,70.0,3085.0,0.0,0.0,0.0,0.0,0.0,0.0,0.0,0.0,0.0,0.0,0.0,0.0,0.0,0.0,0.0,0.0,0.0,613.0,1.0,1.0,1.0,0.0,0.0,0.0,1.0,0.0,0.0,0.0,0,1073767088117682176
5.333333333333333,0.08333333333333333,0.25,0.25,1.0,1.5,2.65625,0.125,21758.75,655.0,27598.625,0.75,0.75,0.625,0.5,0.125,1.375,0.484375,7.0,0.16666666666666669,0.08928571428571429,2.669642857142857,0.125,0.015625,0.25,0.25,0.125,0.25,9126.875,2.25,1.75,0.65625,0.5,0.09375,8.0,1.125,1.375,8.625,0.0,0,1074178615274520576
0.0,0.0,0.0,0.0,0.0,1.0,0.0,0.0,126101.0,90.0,366.0,0.0,0.0,0.0,0.0,0.0,1.0,1.0,0.0,0.0,0.0,0.0,0.0,0.0,0.0,0.0,0.0,0.0,441.0,0.0,0.0,0.0,0.0,0.0,0.0,0.0,1.0,0.0,0.0,0,1074558864478883840
0.9642857142857143,0.07142857142857142,0.42857142857142855,0.6428571428571429,0.7142857142857143,4.642857142857143,0.3952380952380952,0.21428571428571427,50684.42857142857,706.5714285714286,12529.785714285714,1.2857142857142858,1.2142857142857142,0.7142857142857143,0.7142857142857143,0.5714285714285714,3.142857142857143,0.6572510822510822,1.2142857142857142,0.2982142857142857,0.15151515151515152,0.4659090909090909,1.5,0.19989177489177487,0.14285714285714285,0.3095238095238095,0.15391156462585034,0.047619047619047616,4562.428571428572,4.285714285714286,3.0,0.6237167594310451,1.2857142857142858,0.23342609771181197,1.4285714285714286,2.5714285714285716,2.5,7.5,0.41666666666666663,0,1075209954887151616
0.19047619047619047,0.0,0.7142857142857143,0.0,0.42857142857142855,1.5714285714285714,0.5714285714285714,0.14285714285714285,35038.28571428572,164.57142857142858,10996.142857142857,0.0,0.0,0.0,0.0,0.0,1.4285714285714286,0.9642857142857143,0.5714285714285714,0.0,0.0,0.5714285714285714,0.14285714285714285,0.03571428571428571,0.0,0.0,0.0,0.0,730.2857142857143,0.7142857142857143,0.7142857142857143,0.5714285714285714,0.0,0.0,0.5714285714285714,0.7142857142857143,1.5714285714285714,2.4285714285714284,0.0,0,1075288563576344576
0.0,0.0,0.0,0.0,0.3333333333333333,0.3333333333333333,0.0,0.0,2676.3333333333335,987.6666666666666,10353.666666666666,0.0,0.0,0.0,0.0,0.0,0.3333333333333333,0.3333333333333333,0.0,0.0,0.0,0.0,0.0,0.0,0.0,0.0,0.0,0.0,4162.333333333333,0.6666666666666666,0.6666666666666666,0.6666666666666666,0.0,0.0,0.3333333333333333,0.6666666666666666,0.3333333333333333,5.0,0.0,0,1075323229281083392
0.0,0.0,0.0,0.0,0.6666666666666666,1.6666666666666667,0.0,0.0,30487.666666666668,112.0,2271.3333333333335,0.6666666666666666,0.3333333333333333,0.3333333333333333,0.3333333333333333,0.3333333333333333,1.3333333333333333,0.5555555555555555,0.0,0.047619047619047596,0.16666666666666666,0.0,0.3333333333333333,0.1111111111111111,0.0,0.3333333333333333,0.3333333333333333,0.0,3009.0,3.6666666666666665,2.6666666666666665,0.40277777777777773,1.0,0.2638888888888889,2.0,2.0,1.6666666666666667,2.0,0.6666666666666666,0,1076449821596205056
0.875,0.125,0.0,0.0,1.25,1.25,0.8333333333333333,0.25,35813.5,433.75,20460.0,0.0,0.0,0.0,0.0,0.0,1.0,0.6666666666666666,1.25,0.0,0.0,0.875,0.25,0.08333333333333333,0.25,0.0,0.0,0.25,6223.0,0.5,0.5,0.25,0.0,0.0,2.75,0.25,1.0,5.75,0.0,1,1077720157402615808
0.0,0.0,0.0,1.0,0.0,0.0,0.0,0.0,613902.0,359.0,3034.0,0.0,0.0,0.0,0.0,0.0,0.0,0.0,0.0,0.0,0.0,0.0,0.0,0.0,0.0,0.0,0.0,0.0,3422.0,3.0,1.0,0.3333333333333333,2.0,0.6666666666666666,0.0,3.0,1.0,0.0,0.5,0,1078300657657741312
3.0,0.0,0.0,0.0,1.0,1.0,1.6666666666666667,0.0,172548.33333333334,388.6666666666667,23749.666666666668,0.0,0.0,0.0,0.0,0.0,1.0,0.6666666666666666,3.0,0.0,0.0,1.6666666666666667,0.0,0.0,0.0,0.0,0.0,0.0,555.0,0.3333333333333333,0.3333333333333333,0.3333333333333333,0.0,0.0,3.3333333333333335,0.6666666666666666,1.0,9.0,0.3333333333333333,1,1078788598574231552
0.0,0.0,1.0,0.0,0.0,1.0,0.0,0.3333333333333333,11340.333333333334,193.66666666666666,2083.3333333333335,0.0,0.0,0.0,0.0,0.0,1.0,1.0,0.0,0.0,0.0,0.0,0.0,0.0,0.0,0.0,0.0,0.0,189.66666666666666,1.0,1.0,1.0,0.0,0.0,0.0,1.0,1.0,0.0,0.0,0,1079165184779636736
1.2222222222222223,0.4444444444444444,0.4444444444444444,0.4444444444444444,1.2222222222222223,1.8888888888888888,0.8,0.2222222222222222,96293.33333333333,441.3333333333333,7580.222222222223,0.6666666666666666,0.2222222222222222,0.4444444444444444,0.2222222222222222,0.2222222222222222,1.2222222222222223,0.4185185185185185,1.8888888888888888,0.1388888888888889,0.14814814814814814,0.8703703703703703,0.6666666666666666,0.13703703703703704,0.6666666666666666,0.16666666666666666,0.09259259259259259,0.4074074074074074,11123.777777777777,2.5555555555555554,1.6666666666666667,0.5425925925925925,0.8888888888888888,0.2351851851851852,7.777777777777778,1.8888888888888888,1.7777777777777777,12.333333333333334,0.2222222222222222,0,1079941606209196032
0.0,0.0,0.3333333333333333,0.0,0.3333333333333333,0.6666666666666666,0.0,0.0,153685.66666666666,584.3333333333334,10001.333333333334,0.0,0.0,0.0,0.0,0.0,0.6666666666666666,0.3333333333333333,0.0,0.0,0.0,0.0,0.0,0.0,0.0,0.0,0.0,0.0,1530.3333333333333,1.6666666666666667,1.3333333333333333,0.5833333333333334,0.3333333333333333,0.08333333333333333,0.6666666666666666,1.6666666666666667,0.6666666666666666,9.0,0.3333333333333333,0,1080414388202143744
0.8333333333333334,0.25,0.8333333333333334,1.1666666666666667,1.0,5.0,0.4361111111111111,0.0,111199.16666666667,243.66666666666666,5191.333333333333,1.6666666666666667,0.8333333333333334,1.1666666666666667,1.3333333333333333,0.5,2.8333333333333335,0.4055555555555556,1.5,0.375,0.32575757575757575,0.5454545454545454,2.1666666666666665,0.42777777777777776,0.3333333333333333,0.31666666666666665,0.20833333333333334,0.25,1319.0,5.0,2.3333333333333335,0.43452380952380953,2.6666666666666665,0.3988095238095238,1.8333333333333333,3.1666666666666665,2.8333333333333335,16.166666666666668,0.25,0,1080644237860691968
0.875,0.0,0.25,0.0,0.75,1.0,1.25,0.25,6294.75,172.5,12269.0,0.5,0.25,0.25,0.25,0.25,0.75,0.625,1.25,0.25,0.25,1.25,0.25,0.125,0.0,0.25,0.25,0.0,3474.25,0.75,0.5,0.375,0.25,0.125,1.25,0.5,0.75,6.75,0.25,0,1081770339480018944
1.0,0.0,0.0,0.0,1.0,1.0,1.0,1.0,359.0,40.0,3181.0,0.0,0.0,0.0,0.0,0.0,1.0,1.0,1.0,0.0,0.0,1.0,0.0,0.0,0.0,0.0,0.0,0.0,1117.0,0.0,0.0,0.0,0.0,0.0,1.0,0.0,1.0,7.0,0.0,1,1082024475463172096
0.0,0.0,0.8333333333333334,0.0,0.0,2.1666666666666665,0.0,0.0,70457.58333333333,1170.3333333333333,8391.666666666666,0.0,0.0,0.0,0.0,0.0,2.0833333333333335,0.7440476190476191,0.0,0.0,0.0,0.0,0.08333333333333333,0.0059523809523809494,0.0,0.0,0.0,0.0,885.8333333333334,1.5833333333333333,1.5833333333333333,0.75,0.0,0.0,0.0,1.4166666666666667,1.8333333333333333,0.0,0.08333333333333333,0,1082811330043768832
1.0,0.0,0.0,0.0,1.0,1.0,1.0,0.0,13704.0,5977.0,8898.0,0.0,0.0,0.0,0.0,0.0,1.0,1.0,1.0,0.0,0.0,1.0,0.0,0.0,0.0,0.0,0.0,0.0,1276.0,0.0,0.0,0.0,0.0,0.0,1.0,0.0,1.0,6.0,0.0,0,1083200941169266688
0.0,0.0,0.0,0.0,0.3333333333333333,0.3333333333333333,0.0,0.3333333333333333,37358.666666666664,597.3333333333334,12008.0,0.0,0.3333333333333333,0.0,0.3333333333333333,0.0,0.3333333333333333,0.3333333333333333,0.0,0.3333333333333333,0.0,0.0,0.0,0.0,0.0,0.3333333333333333,0.0,0.0,3236.0,1.0,0.6666666666666666,0.5,0.3333333333333333,0.16666666666666666,0.3333333333333333,0.6666666666666666,0.3333333333333333,4.333333333333333,0.3333333333333333,0,1083599318768062464
9.0,0.0,0.0,0.0,1.0,4.0,2.25,0.0,2767.0,69.0,4739.0,0.0,0.0,0.0,0.0,0.0,4.0,1.0,9.0,0.0,0.0,2.25,0.0,0.0,0.0,0.0,0.0,0.0,126.0,0.0,0.0,0.0,0.0,0.0,9.0,0.0,4.0,0.0,0.0,1,1084002306900779008
0.0,0.0,1.0,0.0,0.0,1.0,0.0,0.0,5267.0,73.0,26710.0,0.0,0.0,0.0,0.0,0.0,1.0,1.0,0.0,0.0,0.0,0.0,0.0,0.0,0.0,0.0,0.0,0.0,20819.0,1.0,1.0,1.0,0.0,0.0,0.0,1.0,1.0,0.0,0.0,0,1084204805423034368
4.0,6.5,0.0,0.0,1.0,2.5,3.75,0.5,68339.5,414.5,14095.0,0.0,0.0,0.0,0.0,0.0,1.0,0.625,4.0,0.0,0.0,4.0,1.5,0.375,6.5,0.0,0.0,2.1666666666666665,6628.5,0.5,0.5,0.5,0.0,0.0,10.5,1.0,1.5,2.0,0.5,1,1086543779877523456
0.0,0.0,0.0,0.0,0.0,0.0,0.0,0.0,13330.0,268.0,5875.0,0.0,0.0,0.0,0.0,0.0,0.0,0.0,0.0,0.0,0.0,0.0,0.0,0.0,0.0,0.0,0.0,0.0,697.5,0.0,0.0,0.0,0.0,0.0,0.0,0.5,0.5,0.0,0.5,0,1086708000095629312
24.0,0.0,0.0,0.0,1.0,1.0,24.0,0.0,2020.0,263.0,7574.0,0.0,0.0,0.0,0.0,0.0,1.0,1.0,24.0,0.0,0.0,24.0,0.0,0.0,0.0,0.0,0.0,0.0,490.0,0.0,0.0,0.0,0.0,0.0,24.0,0.0,1.0,2.0,0.0,0,1087153434588753920
0.25,0.0,0.75,0.0,0.25,1.0,0.25,0.25,154528.0,250.25,35487.25,0.0,0.0,0.0,0.0,0.0,1.0,0.75,0.25,0.0,0.0,0.25,0.0,0.0,0.0,0.0,0.0,0.0,369.0,1.0,1.0,1.0,0.0,0.0,0.25,1.0,1.0,1.0,0.0,0,1087535147143827456
1.2222222222222223,0.0,0.1111111111111111,0.2222222222222222,1.2222222222222223,2.4444444444444446,1.1333333333333333,0.1111111111111111,49844.666666666664,381.6666666666667,14928.111111111111,0.6666666666666666,0.2222222222222222,0.5555555555555556,0.4444444444444444,0.1111111111111111,2.0,0.8592592592592593,1.4444444444444444,0.027777777777777776,0.0505050505050505,1.1414141414141414,0.4444444444444444,0.029629629629629624,0.0,0.07407407407407407,0.027777777777777776,0.0,616.8888888888889,2.111111111111111,1.3333333333333333,0.1523809523809524,0.7777777777777778,0.06984126984126984,1.5555555555555556,1.4444444444444444,1.4444444444444444,13.0,0.14814814814814814,1,1087666570542600192
0.0,0.0,0.0,0.0,0.0,0.3333333333333333,0.0,0.0,151131.0,1290.0,2626.6666666666665,0.0,0.0,0.0,0.0,0.0,0.3333333333333333,0.3333333333333333,0.0,0.0,0.0,0.0,0.0,0.0,0.0,0.0,0.0,0.0,1927.3333333333333,1.3333333333333333,1.0,0.25,0.3333333333333333,0.08333333333333333,0.0,1.3333333333333333,0.6666666666666666,0.0,0.3333333333333333,0,1088167410106023936
1.0,0.0,0.0,0.0,1.0,1.0,1.0,0.0,148.0,228.0,1621.0,0.0,0.0,0.0,0.0,0.0,1.0,1.0,1.0,0.0,0.0,1.0,0.0,0.0,0.0,0.0,0.0,0.0,282.0,0.0,0.0,0.0,0.0,0.0,1.0,0.0,1.0,2.0,0.0,1,1088397668046319616
1.3833333333333333,0.3,0.06666666666666667,0.0,1.6,1.0666666666666667,1.4611111111111112,0.13333333333333333,12307.2,1962.0,27266.0,0.13333333333333333,0.06666666666666667,0.06666666666666667,0.06666666666666667,0.06666666666666667,0.8666666666666667,0.5444444444444444,2.2,0.06666666666666667,0.03333333333333333,1.4888888888888892,0.2,0.05555555555555555,0.6666666666666666,0.03333333333333333,0.03333333333333333,0.6,4095.266666666667,1.0,0.8666666666666667,0.4222222222222223,0.13333333333333333,0.04444444444444444,3.8666666666666667,0.8666666666666667,1.0666666666666667,31.133333333333333,0.13333333333333333,1,1088606388550275072
0.25,0.0,0.0,0.0,0.25,0.75,0.25,0.0,32147.75,581.25,12035.25,0.0,0.0,0.0,0.0,0.0,0.75,0.75,0.25,0.0,0.0,0.25,0.0,0.0,0.0,0.0,0.0,0.0,5568.0,0.25,0.25,0.25,0.0,0.0,0.25,0.25,0.75,3.5,0.0,0,1088930373125242880
0.0,0.0,0.0,0.0,0.0,1.0,0.0,0.0,18.0,22.0,90.0,0.0,0.0,0.0,0.0,0.0,1.0,1.0,0.0,0.0,0.0,0.0,0.0,0.0,0.0,0.0,0.0,0.0,107.0,0.0,0.0,0.0,0.0,0.0,0.0,0.0,1.0,0.0,0.0,0,1089277769843875840
0.0,0.0,0.0,0.0,0.0,4.5,0.0,0.5,15995.5,294.5,18724.5,0.0,0.0,0.0,0.0,0.0,4.5,0.5,0.0,0.0,0.0,0.0,0.0,0.0,0.0,0.0,0.0,0.0,469.0,0.5,0.5,0.5,0.0,0.0,0.0,0.5,2.5,0.0,0.0,0,1089363733589180416
0.25,0.16666666666666666,0.0,0.0,2.0,1.3333333333333333,0.4166666666666667,0.0,1884.0,278.3333333333333,3833.3333333333335,0.6666666666666666,0.0,0.3333333333333333,0.0,0.3333333333333333,0.6666666666666666,0.16666666666666666,1.0,0.0,0.16666666666666666,0.5,0.6666666666666666,0.16666666666666666,0.6666666666666666,0.0,0.16666666666666666,0.3333333333333333,1719.3333333333333,0.0,0.0,0.0,0.0,0.0,2.6666666666666665,0.3333333333333333,1.3333333333333333,18.666666666666668,0.3333333333333333,1,1089999176642740224
0.0,0.0,0.0,0.0,0.0,0.5,0.0,0.0,96720.0,328.0,10072.75,0.0,0.0,0.0,0.0,0.0,0.5,0.5,0.0,0.0,0.0,0.0,0.0,0.0,0.0,0.0,0.0,0.0,418.25,0.75,0.5,0.375,0.25,0.125,0.0,1.0,1.0,0.0,0.5,0,1090088382400745472
1.7083333333333333,0.75,0.0,0.0,1.6666666666666667,1.8333333333333333,1.638888888888889,0.0,82935.5,844.3333333333334,11338.666666666666,0.3333333333333333,0.0,0.16666666666666666,0.0,0.16666666666666666,1.3333333333333333,0.3611111111111111,3.5,0.0,0.08333333333333333,1.7083333333333333,0.5,0.13888888888888887,1.6666666666666667,0.0,0.08333333333333333,1.5,2769.1666666666665,1.1666666666666667,0.8333333333333334,0.5833333333333334,0.3333333333333333,0.08333333333333333,5.666666666666667,1.3333333333333333,1.1666666666666667,17.666666666666668,0.3333333333333333,1,1090203245110247424
0.0,0.0,0.0,0.0,0.0,2.0,0.0,0.0,2015.0,1175.0,717.0,0.0,0.0,0.0,0.0,0.0,2.0,1.0,0.0,0.0,0.0,0.0,0.0,0.0,0.0,0.0,0.0,0.0,77.0,0.0,0.0,0.0,0.0,0.0,0.0,0.0,2.0,0.0,0.0,0,1090353709025779712
3.0,0.0,0.0,0.0,1.0,1.0,3.0,0.0,10847.0,22.0,12752.0,0.0,0.0,0.0,0.0,0.0,1.0,1.0,3.0,0.0,0.0,3.0,0.0,0.0,0.0,0.0,0.0,0.0,4507.0,0.0,0.0,0.0,0.0,0.0,3.0,1.0,1.0,0.0,1.0,1,1090702573801021440
0.3333333333333333,0.0,0.0,0.0,0.3333333333333333,0.6666666666666666,0.3333333333333333,0.3333333333333333,43267.0,17376.666666666668,24377.333333333332,0.0,0.0,0.0,0.0,0.0,0.6666666666666666,0.6666666666666666,0.3333333333333333,0.0,0.0,0.3333333333333333,0.0,0.0,0.0,0.0,0.0,0.0,2020.3333333333333,0.6666666666666666,0.6666666666666666,0.6666666666666666,0.0,0.0,0.3333333333333333,0.6666666666666666,0.6666666666666666,9.0,0.0,0,1090914499969650688
12.0,0.0,0.0,0.0,1.0,0.5,12.0,0.0,2753.0,393.5,7525.0,0.0,0.0,0.0,0.0,0.0,0.5,0.5,12.0,0.0,0.0,12.0,0.0,0.0,0.0,0.0,0.0,0.0,464.5,0.5,0.5,0.5,0.0,0.0,12.5,0.5,0.5,2.0,0.0,1,1092198309856202752
0.0,0.0,0.0,0.0,0.5,1.0,0.0,0.0,51844.5,637.0,3643.5,0.0,0.0,0.0,0.0,0.0,1.0,0.5,0.0,0.0,0.0,0.0,0.0,0.0,0.0,0.0,0.0,0.0,4681.5,0.5,0.5,0.5,0.0,0.0,0.5,0.5,1.0,16.0,0.0,0,1092214858084454400
0.0,0.0,1.0,0.0,0.0,1.0,0.0,0.0,7481.5,2786.5,37823.5,0.0,0.0,0.0,0.0,0.0,1.0,1.0,0.0,0.0,0.0,0.0,0.0,0.0,0.0,0.0,0.0,0.0,8383.5,1.0,1.0,1.0,0.0,0.0,0.0,1.0,1.0,0.0,0.0,0,1092907872842665984
1.5,0.0,0.0,0.0,1.0,1.0,1.5,0.0,20024.0,20.0,2663.5,0.0,0.0,0.0,0.0,0.0,1.0,1.0,1.5,0.0,0.0,1.5,0.0,0.0,0.0,0.0,0.0,0.0,333.0,0.5,0.5,0.5,0.0,0.0,1.5,0.5,1.0,3.0,0.0,1,1092969087300173824
0.5,0.0,0.25,0.0,0.25,1.75,0.25,0.0,17893.5,134.75,17483.25,0.0,0.0,0.0,0.0,0.0,1.75,0.5,0.5,0.0,0.0,0.25,0.0,0.0,0.0,0.0,0.0,0.0,482.25,1.75,1.5,0.7,0.25,0.05,0.5,1.5,2.0,0.75,0.5,0,1093363423410003968
7.0,8.0,1.0,1.0,1.0,5.5,2.7,0.5,245.0,646.0,4001.0,5.5,2.5,2.5,3.0,3.0,2.5,0.45,7.0,1.0,1.0,2.75,3.0,0.55,8.0,1.0,1.0,2.6666666666666665,4781.0,5.5,2.5,0.45,3.0,0.55,15.0,1.0,1.0,1.0,0.0,1,1093485395146063872
0.0,0.0,0.0,0.0,1.0,0.0,0.0,0.0,334.0,329.0,2644.0,0.0,0.0,0.0,0.0,0.0,0.0,0.0,0.0,0.0,0.0,0.0,0.0,0.0,0.0,0.0,0.0,0.0,783.0,0.0,0.0,0.0,0.0,0.0,1.0,0.0,1.0,3.0,0.0,1,1094413297685540864
3.5,1.5,0.0,1.0,1.0,1.5,1.6666666666666665,0.0,914.5,512.5,748.0,1.0,0.5,0.5,0.5,0.5,1.0,0.3333333333333333,3.5,0.5,0.25,1.75,0.5,0.16666666666666666,1.5,0.5,0.5,1.5,798.5,1.0,0.5,0.25,0.5,0.25,6.5,1.0,1.5,1.0,0.0,1,1094470760749301760
0.0,0.0,0.0,0.4,0.2,0.4,0.0,0.2,17761.4,580.2,25372.4,0.0,0.0,0.0,0.0,0.0,0.4,0.4,0.0,0.0,0.0,0.0,0.0,0.0,0.0,0.0,0.0,0.0,15169.6,0.8,0.4,0.2,0.4,0.2,0.4,1.0,1.2,1.0,0.2,0,1095091242351857664
1.0,0.0,0.6666666666666666,0.3333333333333333,1.0,2.0,0.75,0.3333333333333333,86713.0,357.0,4707.333333333333,0.0,0.0,0.0,0.0,0.0,1.0,0.75,1.0,0.0,0.0,1.0,1.0,0.25,0.0,0.0,0.0,0.0,3731.0,1.6666666666666667,1.3333333333333333,0.8888888888888888,0.3333333333333333,0.1111111111111111,1.0,1.6666666666666667,1.6666666666666667,8.0,0.0,0,1095439996166582272
0.0,0.0,0.0,0.0,0.0,0.9090909090909091,0.0,0.0,27809.363636363636,445.3636363636364,23331.636363636364,0.18181818181818182,0.09090909090909091,0.09090909090909091,0.09090909090909091,0.09090909090909091,0.7272727272727273,0.125,0.0,0.09090909090909091,0.09090909090909091,0.0,0.18181818181818182,0.056818181818181816,0.0,0.09090909090909091,0.09090909090909091,0.0,579.3636363636364,1.0909090909090908,0.9090909090909091,0.8181818181818182,0.18181818181818182,0.09090909090909091,0.0,1.0,0.8181818181818182,0.0,0.18181818181818182,0,1095630491862048768
1.25,2.0,0.0,0.0,2.0,3.0,1.0833333333333333,0.5,93456.0,570.0,12388.0,1.5,0.0,0.5,0.0,1.0,1.0,0.16666666666666666,2.5,0.0,0.25,1.25,2.0,0.3333333333333333,4.0,0.0,0.25,1.0,3184.5,2.0,0.5,0.125,1.5,0.375,8.5,1.0,2.0,10.5,0.5,1,1095736849378570240
0.0,0.0,0.0,0.0,0.0,0.6666666666666666,0.0,0.16666666666666666,164004.33333333334,10691.0,17798.833333333332,0.0,0.0,0.0,0.0,0.0,0.6666666666666666,0.5,0.0,0.0,0.0,0.0,0.0,0.0,0.0,0.0,0.0,0.0,789.8333333333334,0.8333333333333334,0.8333333333333334,0.5,0.0,0.0,0.0,0.6666666666666666,0.5,0.0,0.0,0,1095898870002941952
0.3333333333333333,0.0,0.0,0.0,0.3333333333333333,1.6666666666666667,0.08333333333333333,0.0,738.3333333333334,1382.3333333333333,13944.333333333334,0.0,0.0,0.0,0.0,0.0,1.6666666666666667,0.6666666666666666,0.3333333333333333,0.0,0.0,0.08333333333333333,0.0,0.0,0.0,0.0,0.0,0.0,1729.0,1.6666666666666667,1.6666666666666667,0.6666666666666666,0.0,0.0,0.3333333333333333,0.6666666666666666,0.6666666666666666,2.0,0.0,0,1096618808267177984
0.25,0.0,0.0,0.0,0.75,0.25,0.25,0.75,14631.0,275.75,19192.5,0.0,0.0,0.0,0.0,0.0,0.25,0.25,0.25,0.0,0.0,0.25,0.0,0.0,0.0,0.0,0.0,0.0,1909.0,0.75,0.75,0.75,0.0,0.0,0.75,0.75,0.25,10.5,0.0,0,1096623496114692096
9.666666666666666,0.0,0.3333333333333333,0.0,0.3333333333333333,2.0,1.9333333333333333,0.3333333333333333,4890.0,500.6666666666667,15080.0,0.0,0.3333333333333333,0.0,0.3333333333333333,0.0,2.0,0.6666666666666666,9.666666666666666,0.3333333333333333,0.0,1.9333333333333333,0.0,0.0,0.0,0.3333333333333333,0.0,0.0,1825.3333333333333,1.0,0.6666666666666666,0.5,0.3333333333333333,0.16666666666666666,9.666666666666666,0.6666666666666666,1.6666666666666667,1.6666666666666667,0.3333333333333333,0,1096628029943341056
2.0,0.0,1.0,0.0,1.0,2.0,1.0,0.0,28470.0,189.0,44782.0,0.0,0.0,0.0,0.0,0.0,2.0,1.0,2.0,0.0,0.0,1.0,0.0,0.0,0.0,0.0,0.0,0.0,956.0,5.0,4.0,0.8,1.0,0.2,2.0,3.0,2.0,3.0,1.0,1,1096973775121068032
2.0,0.0,0.0,0.0,1.0,0.5,2.0,0.0,5371.0,90.5,1206.5,0.0,0.0,0.0,0.0,0.0,0.5,0.5,2.0,0.0,0.0,2.0,0.0,0.0,0.0,0.0,0.0,0.0,153.5,0.5,0.5,0.5,0.0,0.0,2.5,0.5,0.5,2.0,0.0,1,1097110443434311680
0.0,0.0,1.0,0.0,0.0,1.5,0.0,0.0,3023.5,70.5,740.5,0.0,0.0,0.0,0.0,0.0,1.5,1.0,0.0,0.0,0.0,0.0,0.0,0.0,0.0,0.0,0.0,0.0,354.0,2.5,2.5,1.0,0.0,0.0,0.0,1.5,1.5,0.0,0.0,0,1097549752872361984
0.7,0.05,0.3,0.5,0.8,2.3,0.4866666666666667,0.0,105244.8,490.4,17896.1,0.6,0.3,0.5,0.6,0.1,1.8,0.54,1.1,0.075,0.04545454545454545,0.5272727272727272,0.5,0.059999999999999984,0.1,0.10666666666666666,0.025,0.1,9306.8,2.7,1.4,0.2857142857142857,1.3,0.21428571428571427,1.2,1.9,1.6,9.3,0.2,0,1097701474978656256
0.0,0.0,0.0,0.0,0.0,0.5,0.0,0.0,31966.5,238.5,4195.5,0.0,0.0,0.0,0.0,0.0,0.5,0.5,0.0,0.0,0.0,0.0,0.0,0.0,0.0,0.0,0.0,0.0,146.5,0.5,0.5,0.5,0.0,0.0,0.0,0.5,0.5,0.0,0.0,0,1098427247180034048
0.3333333333333333,0.0,0.3333333333333333,0.6666666666666666,2.3333333333333335,8.0,0.06666666666666667,0.0,61723.333333333336,8488.333333333334,50007.0,2.6666666666666665,0.6666666666666666,2.0,1.3333333333333333,0.6666666666666666,6.0,0.5037037037037037,1.0,0.08333333333333333,0.19913419913419908,0.0909090909090909,2.0,0.16296296296296295,0.0,0.2222222222222222,0.25,0.0,25628.666666666668,6.333333333333333,4.333333333333333,0.8571428571428571,2.0,0.14285714285714282,3.3333333333333335,4.333333333333333,3.6666666666666665,25.333333333333332,0.1111111111111111,0,1099520439597858816
0.0,0.0,0.0,0.0,0.5,1.0,0.0,0.0,364551.5,277.0,630.0,0.0,0.0,0.0,0.0,0.0,1.0,0.5,0.0,0.0,0.0,0.0,0.0,0.0,0.0,0.0,0.0,0.0,561.0,2.5,2.5,0.5,0.0,0.0,0.5,1.5,0.5,0.5,0.0,0,1099890043511795712
1.4444444444444444,0.0,0.0,0.0,0.1111111111111111,4.222222222222222,0.48148148148148145,0.0,9115.888888888889,328.8888888888889,6370.444444444444,0.0,0.0,0.0,0.0,0.0,4.222222222222222,1.0,1.4444444444444444,0.0,0.0,0.48148148148148145,0.0,0.0,0.0,0.0,0.0,0.0,610.8888888888889,0.7777777777777778,0.7777777777777778,0.3333333333333333,0.0,0.0,1.4444444444444444,0.6666666666666666,1.3333333333333333,1.2222222222222223,0.0,0,1100096249568595968
0.5833333333333333,0.0,0.0,0.0,1.0,1.0,1.25,0.25,12629.75,541.75,24889.75,0.0,0.0,0.0,0.0,0.0,1.0,1.0,1.25,0.0,0.0,1.25,0.0,0.0,0.0,0.0,0.0,0.0,345.5,0.0,0.0,0.0,0.0,0.0,1.25,0.0,1.0,7.0,0.0,0,1100181285881724928
0.125,0.0,0.0,0.0,0.125,3.375,0.125,0.0,16137.375,134.875,21004.25,0.0,0.0,0.0,0.0,0.0,3.375,1.0,0.125,0.0,0.0,0.125,0.0,0.0,0.0,0.0,0.0,0.0,839.125,0.625,0.625,0.375,0.0,0.0,0.125,0.5,1.625,1.375,0.0,0,1100569866882150400
0.0,0.0,0.0,0.0,0.0,2.8461538461538463,0.0,0.07692307692307693,3804.230769230769,162.53846153846155,10501.923076923076,0.0,0.0,0.0,0.0,0.0,2.8461538461538463,1.0,0.0,0.0,0.0,0.0,0.0,0.0,0.0,0.0,0.0,0.0,3178.5384615384614,0.07692307692307693,0.07692307692307693,0.07692307692307693,0.0,0.0,0.0,0.07692307692307693,1.3846153846153846,0.0,0.0,0,1100586565102940160
0.0,0.0,1.0,0.0,0.0,2.0,0.0,1.0,13291.0,87.0,6003.0,0.0,0.0,0.0,0.0,0.0,2.0,1.0,0.0,0.0,0.0,0.0,0.0,0.0,0.0,0.0,0.0,0.0,194.0,1.0,1.0,1.0,0.0,0.0,0.0,1.0,2.0,0.0,0.0,0,1100888664311242752
0.0,0.0,0.0,0.0,0.0,0.5,0.0,0.0,1590.0,70.0,4475.0,0.0,0.0,0.0,0.0,0.0,0.5,0.5,0.0,0.0,0.0,0.0,0.0,0.0,0.0,0.0,0.0,0.0,259.5,0.5,0.5,0.5,0.0,0.0,0.0,0.5,0.5,0.0,0.0,0,1100966706026872832
0.0,0.0,0.0,0.0,0.0,0.6666666666666666,0.0,0.0,1882135.0,258.6666666666667,14115.333333333334,0.0,0.0,0.0,0.0,0.0,0.6666666666666666,0.6666666666666666,0.0,0.0,0.0,0.0,0.0,0.0,0.0,0.0,0.0,0.0,1147.3333333333333,0.3333333333333333,0.3333333333333333,0.3333333333333333,0.0,0.0,0.0,0.3333333333333333,0.6666666666666666,0.0,0.0,0,1101031922005622784
0.0,0.0,0.0,0.0,1.0,0.5,0.0,0.0,73693.0,536.0,5161.5,0.0,0.0,0.0,0.0,0.0,0.5,0.5,0.0,0.0,0.0,0.0,0.0,0.0,0.0,0.0,0.0,0.0,24799.0,2.0,1.5,0.375,0.5,0.125,2.0,2.0,1.5,9.0,1.0,0,1102479930484260864
0.0,0.0,0.0,0.0,0.0,0.8,0.0,0.0,91027.6,538.0,26468.8,0.0,0.0,0.0,0.0,0.0,0.8,0.4,0.0,0.0,0.0,0.0,0.0,0.0,0.0,0.0,0.0,0.0,1273.2,0.6,0.6,0.6,0.0,0.0,0.0,0.6,0.8,0.0,0.0,0,1102830270438404096
0.3333333333333333,0.3333333333333333,0.0,0.0,1.3333333333333333,0.6666666666666666,0.6666666666666666,0.3333333333333333,7834.0,564.3333333333334,3192.3333333333335,0.0,0.0,0.0,0.0,0.0,0.3333333333333333,0.16666666666666666,0.6666666666666666,0.0,0.0,0.6666666666666666,0.3333333333333333,0.16666666666666666,0.6666666666666666,0.0,0.0,0.6666666666666666,1586.3333333333333,0.0,0.0,0.0,0.0,0.0,2.0,0.3333333333333333,1.0,14.666666666666666,0.3333333333333333,1,1102862880988413952
0.0,0.0,0.5714285714285714,0.0,0.0,1.0,0.0,0.14285714285714285,41480.0,336.57142857142856,7878.571428571428,0.0,0.0,0.0,0.0,0.0,1.0,1.0,0.0,0.0,0.0,0.0,0.0,0.0,0.0,0.0,0.0,0.0,1177.857142857143,0.7142857142857143,0.7142857142857143,0.7142857142857143,0.0,0.0,0.0,0.7142857142857143,1.0,0.0,0.0,0,1103172170706006016
0.0,0.0,0.0,0.0,0.0,1.0,0.0,0.0,1401.0,748.0,1195.0,0.0,0.0,0.0,0.0,0.0,1.0,1.0,0.0,0.0,0.0,0.0,0.0,0.0,0.0,0.0,0.0,0.0,6974.0,0.0,0.0,0.0,0.0,0.0,0.0,0.0,1.0,0.0,0.0,0,1104115343439302656
1.1666666666666667,0.16666666666666666,0.0,0.0,1.6666666666666667,3.3333333333333335,0.8444444444444444,0.3333333333333333,32467.0,353.0,2043.6666666666667,0.0,0.0,0.0,0.0,0.0,2.6666666666666665,0.8222222222222223,2.0,0.0,0.0,0.9166666666666666,0.6666666666666666,0.17777777777777778,0.3333333333333333,0.0,0.0,0.3333333333333333,1618.0,0.0,0.0,0.0,0.0,0.0,2.3333333333333335,0.0,3.0,5.0,0.0,1,1104202583716896768
0.0,0.0,0.0,0.0,0.0,1.5,0.0,1.0,67902.5,157.5,7328.0,0.0,0.0,0.0,0.0,0.0,1.5,0.5,0.0,0.0,0.0,0.0,0.0,0.0,0.0,0.0,0.0,0.0,3007.0,2.0,2.0,0.5,0.0,0.0,0.0,1.5,1.0,0.0,0.0,0,1104203476390772736
0.0,0.0,0.0,0.0,0.0,0.5,0.0,0.0,29470.0,40.0,324.5,0.0,0.0,0.0,0.0,0.0,0.5,0.5,0.0,0.0,0.0,0.0,0.0,0.0,0.0,0.0,0.0,0.0,165.5,0.5,0.5,0.5,0.0,0.0,0.0,0.5,0.5,0.0,0.0,0,1104288379144994816
1.1666666666666667,0.5,1.0,0.6666666666666666,1.6666666666666667,2.3333333333333335,0.7222222222222222,0.0,68158.66666666667,613.3333333333334,49508.333333333336,0.6666666666666666,0.3333333333333333,0.3333333333333333,0.3333333333333333,0.3333333333333333,1.3333333333333333,0.3611111111111111,2.0,0.3333333333333333,0.1111111111111111,0.888888888888889,1.0,0.3055555555555555,0.6666666666666666,0.3333333333333333,0.3333333333333333,0.5,12646.333333333334,3.0,2.3333333333333335,0.7222222222222222,0.6666666666666666,0.27777777777777773,3.3333333333333335,2.3333333333333335,2.0,17.333333333333332,0.0,1,1104586493953241088
1.5,0.0,1.0,0.0,2.0,1.0,3.0,1.0,3689.0,282.0,31501.0,0.0,0.0,0.0,0.0,0.0,1.0,1.0,3.0,0.0,0.0,3.0,0.0,0.0,0.0,0.0,0.0,0.0,13281.0,1.0,1.0,1.0,0.0,0.0,3.0,1.0,1.0,16.0,0.0,0,1104632605485494272
0.8095238095238094,0.11904761904761904,0.2857142857142857,0.2857142857142857,1.0,2.5714285714285716,0.7202380952380952,0.0,29578.571428571428,417.85714285714283,22692.428571428572,0.7142857142857143,0.42857142857142855,0.2857142857142857,0.7142857142857143,0.42857142857142855,1.4285714285714286,0.5095238095238095,1.2857142857142858,0.14285714285714285,0.14285714285714285,0.7857142857142857,1.1428571428571428,0.20476190476190473,0.2857142857142857,0.16428571428571428,0.14285714285714285,0.17857142857142858,1771.4285714285713,3.0,1.4285714285714286,0.4693877551020408,1.5714285714285714,0.2448979591836735,1.7142857142857142,2.0,2.0,10.571428571428571,0.4523809523809524,0,1105231090496466944
0.0,0.0,0.0,0.0,2.0,0.0,0.0,0.0,35664.0,214.0,9260.0,0.0,0.0,0.0,0.0,0.0,0.0,0.0,0.0,0.0,0.0,0.0,0.0,0.0,0.0,0.0,0.0,0.0,396.0,1.0,1.0,1.0,0.0,0.0,3.0,1.0,0.0,5.0,0.0,1,1105272517608042496
0.0,0.0,0.5,0.0,0.0,1.5,0.0,0.0,39880.0,484.0,13777.0,0.0,0.0,0.0,0.0,0.0,1.5,0.5,0.0,0.0,0.0,0.0,0.0,0.0,0.0,0.0,0.0,0.0,588.5,1.0,1.0,1.0,0.0,0.0,0.0,1.0,1.5,0.0,0.0,0,1105920604990816256
0.5,0.0,0.0,0.0,1.75,0.5,1.25,0.25,7264.75,454.0,59612.75,0.0,0.0,0.0,0.0,0.0,0.5,0.5,1.25,0.0,0.0,1.25,0.0,0.0,0.0,0.0,0.0,0.0,4021.0,0.0,0.0,0.0,0.0,0.0,2.0,0.25,0.75,14.5,0.25,1,1106382301555765248
0.0,0.0,0.0,0.0,0.0,2.5,0.0,0.0,3843.5,79.0,258.5,0.0,0.0,0.0,0.0,0.0,2.5,1.0,0.0,0.0,0.0,0.0,0.0,0.0,0.0,0.0,0.0,0.0,134.0,0.0,0.0,0.0,0.0,0.0,0.0,0.0,1.0,0.0,0.0,0,1106472773192384512
0.0,0.0,0.0,0.0,0.0,1.5,0.0,0.0,1059.0,1856.0,10097.0,0.0,0.0,0.0,0.0,0.0,1.5,0.5,0.0,0.0,0.0,0.0,0.0,0.0,0.0,0.0,0.0,0.0,9468.5,0.5,0.5,0.5,0.0,0.0,0.0,0.5,1.0,0.0,0.0,0,1106737307656036352
0.0,0.0,0.0,0.0,0.0,4.666666666666667,0.0,0.0,9764.666666666666,591.3333333333334,4689.333333333333,0.0,0.0,0.0,0.0,0.0,4.666666666666667,1.0,0.0,0.0,0.0,0.0,0.0,0.0,0.0,0.0,0.0,0.0,1062.6666666666667,0.3333333333333333,0.3333333333333333,0.3333333333333333,0.0,0.0,0.0,0.3333333333333333,1.3333333333333333,0.0,0.0,0,1106782634031673344
0.2,0.0,0.4,0.0,0.2,1.0,0.2,0.2,8040.0,203.4,6707.8,0.0,0.0,0.0,0.0,0.0,1.0,0.8,0.2,0.0,0.0,0.2,0.0,0.0,0.0,0.0,0.0,0.0,2121.2,0.8,0.8,0.6,0.0,0.0,0.2,1.0,1.2,0.8,0.2,0,1107151450280443904
0.0,0.0,0.0,0.0,0.0,1.0,0.0,0.0,17197.0,70.5,2855.0,0.0,0.0,0.0,0.0,0.0,1.0,1.0,0.0,0.0,0.0,0.0,0.0,0.0,0.0,0.0,0.0,0.0,150.5,0.5,0.5,0.5,0.0,0.0,0.0,0.5,1.0,0.0,0.0,0,1107535888336232448
0.0,0.0,0.0,0.5,0.0,0.25,0.0,0.25,247413.75,182.5,5155.0,0.0,0.0,0.0,0.0,0.0,0.25,0.25,0.0,0.0,0.0,0.0,0.0,0.0,0.0,0.0,0.0,0.0,1899.0,1.25,0.75,0.3333333333333333,0.5,0.16666666666666666,0.0,1.5,1.0,0.0,0.125,0,1107617794134110208
0.5,0.0,0.0,0.0,1.0,0.5,0.5,0.5,4727.0,69.0,6663.0,0.0,0.0,0.0,0.0,0.0,0.5,0.5,0.5,0.0,0.0,0.5,0.0,0.0,0.0,0.0,0.0,0.0,36.5,0.5,0.5,0.5,0.0,0.0,5.5,0.5,0.5,2.0,0.0,1,1107650590911172608
0.5,0.0,0.0,0.0,0.5,0.5,0.5,0.0,20663.0,682.0,11605.5,0.0,0.0,0.0,0.0,0.0,0.5,0.5,0.5,0.0,0.0,0.5,0.0,0.0,0.0,0.0,0.0,0.0,5558.5,1.0,1.0,0.5,0.0,0.0,0.5,1.0,0.5,2.5,0.0,0,1107672264998305792
0.0,0.0,0.0,0.0,0.0,1.0,0.0,1.0,271.0,159.0,4431.0,0.0,0.0,0.0,0.0,0.0,1.0,1.0,0.0,0.0,0.0,0.0,0.0,0.0,0.0,0.0,0.0,0.0,98.0,0.0,0.0,0.0,0.0,0.0,0.0,0.0,1.0,0.0,0.0,0,1107714967882563584
5.333333333333334,0.0,0.0,0.0,1.5,2.25,2.2666666666666666,0.25,7954.25,71.5,7392.75,0.0,0.0,0.0,0.0,0.0,2.25,0.75,6.0,0.0,0.0,2.2666666666666666,0.0,0.0,0.0,0.0,0.0,0.0,350.0,0.75,0.5,0.16666666666666666,0.25,0.08333333333333333,6.25,0.5,1.25,7.25,0.25,1,1107799880996368384
1.0,0.0,0.6,0.0,1.6,1.6,0.8,0.0,396634.4,563.6,32070.4,0.0,0.2,0.0,0.2,0.0,1.6,0.6,1.8,0.2,0.0,0.8,0.0,0.0,0.0,0.2,0.0,0.0,1200.0,1.6,1.2,0.4,0.4,0.2,2.6,1.4,1.8,8.0,0.4,1,1108179423997366272
2.0,0.0,0.0,0.0,1.0,1.5,1.25,0.0,41460.0,5515.0,1461.0,0.0,0.0,0.0,0.0,0.0,1.5,1.0,2.0,0.0,0.0,1.25,0.0,0.0,0.0,0.0,0.0,0.0,1026.0,0.0,0.0,0.0,0.0,0.0,2.0,0.0,1.5,2.0,0.0,1,1108563930927824896
0.0,0.0,0.0,0.0,0.0,0.3333333333333333,0.0,0.0,114625.66666666667,14.333333333333334,315.3333333333333,0.0,0.0,0.0,0.0,0.0,0.3333333333333333,0.3333333333333333,0.0,0.0,0.0,0.0,0.0,0.0,0.0,0.0,0.0,0.0,149.0,0.0,0.0,0.0,0.0,0.0,0.0,0.3333333333333333,0.6666666666666666,0.0,0.3333333333333333,0,1108883196646739968
1.5,0.0,1.0,0.0,2.0,2.0,1.5,0.0,534352.0,149.0,1299.0,0.0,0.0,0.0,0.0,0.0,2.0,1.0,3.0,0.0,0.0,1.5,0.0,0.0,0.0,0.0,0.0,0.0,1247.0,2.0,2.0,1.0,0.0,0.0,3.0,2.0,2.0,35.0,0.0,0,1109647179460808704
0.0,0.0,0.0,0.0,0.0,0.0,0.0,1.0,2931.0,1067.0,57267.0,0.0,0.0,0.0,0.0,0.0,0.0,0.0,0.0,0.0,0.0,0.0,0.0,0.0,0.0,0.0,0.0,0.0,5068.0,1.0,1.0,1.0,0.0,0.0,0.0,1.0,0.0,0.0,0.0,0,1109985167533064192
0.0,0.0,0.0,0.0,0.0,2.0,0.0,0.0,26478.0,222.0,892.0,0.0,0.0,0.0,0.0,0.0,2.0,0.5,0.0,0.0,0.0,0.0,0.0,0.0,0.0,0.0,0.0,0.0,245.5,0.5,0.5,0.5,0.0,0.0,0.0,0.5,1.5,0.0,0.0,0,1110813546008489984
1.0,0.0,0.0,0.0,1.0,1.0,1.0,0.0,16814.0,806.0,7522.0,0.0,0.0,0.0,0.0,0.0,1.0,1.0,1.0,0.0,0.0,1.0,0.0,0.0,0.0,0.0,0.0,0.0,4430.0,1.0,1.0,1.0,0.0,0.0,1.0,1.0,1.0,5.0,0.0,0,1111084851513430016
0.0,0.0,0.0,0.0,0.0,1.0,0.0,0.0,1229.0,430.0,7136.0,0.0,0.0,0.0,0.0,0.0,1.0,1.0,0.0,0.0,0.0,0.0,0.0,0.0,0.0,0.0,0.0,0.0,230.0,0.0,0.0,0.0,0.0,0.0,0.0,0.0,1.0,0.0,0.0,0,1111193671526916096
0.0,0.0,0.0,0.0,0.0,0.0,0.0,0.0,58639.0,409.0,47422.0,0.0,0.0,0.0,0.0,0.0,0.0,0.0,0.0,0.0,0.0,0.0,0.0,0.0,0.0,0.0,0.0,0.0,431.0,1.0,1.0,1.0,0.0,0.0,0.0,1.0,0.0,0.0,0.0,0,1111433093904007168
9.5,0.0,1.0,0.0,1.0,1.0,9.5,0.0,10360.5,242.0,1773.5,0.0,0.0,0.0,0.0,0.0,1.0,1.0,9.5,0.0,0.0,9.5,0.0,0.0,0.0,0.0,0.0,0.0,839.0,1.0,1.0,1.0,0.0,0.0,9.5,1.0,1.0,7.0,0.0,1,1111467239292444672
0.3333333333333333,0.0,0.6666666666666666,0.0,0.3333333333333333,1.6666666666666667,0.3333333333333333,0.3333333333333333,24663.0,17196.666666666668,6215.0,0.0,0.0,0.0,0.0,0.0,1.6666666666666667,1.0,0.3333333333333333,0.0,0.0,0.3333333333333333,0.0,0.0,0.0,0.0,0.0,0.0,1791.0,1.3333333333333333,1.3333333333333333,0.6666666666666666,0.0,0.0,0.3333333333333333,1.3333333333333333,1.6666666666666667,3.6666666666666665,0.0,0,1111633371961946112
1.5,1.0,0.0,2.0,2.0,6.0,0.8333333333333334,0.0,27293.0,594.0,20379.0,3.0,1.0,2.0,1.0,1.0,3.0,0.5,3.0,1.0,0.6666666666666666,1.0,3.0,0.5,2.0,0.5,0.3333333333333333,0.6666666666666666,4991.0,3.0,1.0,0.3333333333333333,2.0,0.6666666666666666,5.0,2.0,4.0,10.0,0.0,1,1111742426588270592
0.0,0.0,0.0,1.0,0.0,0.0,0.0,0.0,16463.0,122.0,4840.5,0.0,0.0,0.0,0.0,0.0,0.0,0.0,0.0,0.0,0.0,0.0,0.0,0.0,0.0,0.0,0.0,0.0,673.5,0.0,0.0,0.0,0.0,0.0,0.0,1.0,1.0,0.0,0.0,0,1111796155240882176
0.0,0.0,0.0,0.0,0.0,2.5,0.0,0.0,2705.0,196.5,12613.5,0.0,0.0,0.0,0.0,0.0,2.5,1.0,0.0,0.0,0.0,0.0,0.0,0.0,0.0,0.0,0.0,0.0,1685.5,0.0,0.0,0.0,0.0,0.0,0.0,0.0,1.5,0.0,0.0,0,1113277185982144512
0.0,0.0,0.0,0.0,0.0,2.6666666666666665,0.0,0.3333333333333333,8970.666666666666,186.33333333333334,6062.666666666667,0.0,0.0,0.0,0.0,0.0,2.3333333333333335,0.9444444444444445,0.0,0.0,0.0,0.0,0.3333333333333333,0.05555555555555553,0.0,0.0,0.0,0.0,158.33333333333334,0.0,0.0,0.0,0.0,0.0,0.0,0.3333333333333333,2.0,0.0,0.3333333333333333,0,1113305755882504192
0.0,0.0,0.0,0.0,0.0,1.3333333333333333,0.0,0.0,5808.666666666667,432.0,10770.666666666666,0.0,0.0,0.0,0.0,0.0,1.3333333333333333,0.6666666666666666,0.0,0.0,0.0,0.0,0.0,0.0,0.0,0.0,0.0,0.0,301.3333333333333,1.0,1.0,0.3333333333333333,0.0,0.0,0.0,0.3333333333333333,0.6666666666666666,0.0,0.0,0,1113743456934793216
0.25,0.0625,0.125,0.25,0.625,1.5,0.1875,0.125,21057.625,316.25,11295.625,0.375,0.125,0.125,0.25,0.25,1.125,0.5416666666666666,0.375,0.0625,0.03125,0.1875,0.375,0.08333333333333333,0.125,0.125,0.125,0.0625,7720.625,1.75,1.25,0.35714285714285715,0.5,0.14285714285714285,1.5,1.625,1.5,4.25,0.25,0,1113931305856520192
0.0,0.0,0.0,0.0,0.0,1.0,0.0,0.0,450.0,291.5,4598.0,0.0,0.0,0.0,0.0,0.0,1.0,1.0,0.0,0.0,0.0,0.0,0.0,0.0,0.0,0.0,0.0,0.0,1588.5,0.0,0.0,0.0,0.0,0.0,0.0,0.0,1.0,0.0,0.0,0,1115144120886087680
0.0,0.0,0.0,0.0,0.0,0.5,0.0,0.0,3808.5,89.5,3931.0,0.0,0.0,0.0,0.0,0.0,0.5,0.5,0.0,0.0,0.0,0.0,0.0,0.0,0.0,0.0,0.0,0.0,820.0,1.0,1.0,0.5,0.0,0.0,0.0,0.5,0.5,0.0,0.0,0,1115991006584987648
1.3333333333333333,0.0,0.0,0.0,3.0,1.0,4.0,1.0,1050.0,72.0,25177.0,0.0,0.0,0.0,0.0,0.0,1.0,1.0,4.0,0.0,0.0,4.0,0.0,0.0,0.0,0.0,0.0,0.0,364.0,0.0,0.0,0.0,0.0,0.0,4.0,0.0,1.0,17.0,0.0,0,1116277382010339328
0.0,0.0,0.0,0.0,0.0,1.0,0.0,0.0,82494.0,0.0,6.0,0.0,0.0,0.0,0.0,0.0,1.0,1.0,0.0,0.0,0.0,0.0,0.0,0.0,0.0,0.0,0.0,0.0,54.0,0.0,0.0,0.0,0.0,0.0,0.0,0.0,1.0,0.0,0.0,0,1116746377507311616
0.0,0.0,0.0,0.0,0.0,1.5,0.0,0.0,5794.0,238.0,5116.0,0.0,0.0,0.0,0.0,0.0,1.5,1.0,0.0,0.0,0.0,0.0,0.0,0.0,0.0,0.0,0.0,0.0,188.5,0.0,0.0,0.0,0.0,0.0,0.0,0.0,1.0,0.0,0.0,0,1116987080183062528
0.0,0.0,0.0,0.0,0.0,6.285714285714286,0.0,0.0,3707.5714285714284,161.57142857142858,4893.571428571428,0.0,0.0,0.0,0.0,0.0,6.285714285714286,1.0,0.0,0.0,0.0,0.0,0.0,0.0,0.0,0.0,0.0,0.0,1286.4285714285713,0.14285714285714285,0.14285714285714285,0.14285714285714285,0.0,0.0,0.0,0.14285714285714285,1.4285714285714286,0.0,0.0,0,1117113774453805056
0.25,0.0,0.5,0.0,0.25,1.0,0.25,0.25,12740.25,457.25,17527.75,0.0,0.0,0.0,0.0,0.0,1.0,0.75,0.25,0.0,0.0,0.25,0.0,0.0,0.0,0.0,0.0,0.0,9371.5,0.75,0.75,0.75,0.0,0.0,0.25,0.75,1.0,1.0,0.0,0,1118074285567909888
0.0,0.0,0.0,0.0,0.0,1.0,0.0,0.0,1242917.5,211.0,5729.0,0.0,0.0,0.0,0.0,0.0,1.0,1.0,0.0,0.0,0.0,0.0,0.0,0.0,0.0,0.0,0.0,0.0,575.5,1.0,1.0,0.5,0.0,0.0,0.0,1.0,1.0,0.0,0.0,0,1118326100557180928
0.5,0.0,0.0,0.0,1.5,0.5,0.5,0.0,90678.5,97.5,4867.0,0.0,0.0,0.0,0.0,0.0,0.5,0.5,0.5,0.0,0.0,0.5,0.0,0.0,0.0,0.0,0.0,0.0,385.5,1.0,0.5,0.25,0.5,0.25,3.0,1.0,0.5,8.5,0.5,1,1118342327396659200
1.0,0.0,0.0,0.0,1.0,1.0,1.0,1.0,215228.0,39.0,4565.0,0.0,0.0,0.0,0.0,0.0,1.0,1.0,1.0,0.0,0.0,1.0,0.0,0.0,0.0,0.0,0.0,0.0,482.0,0.0,0.0,0.0,0.0,0.0,1.0,0.0,1.0,4.0,0.0,1,1118658638433644544
0.0,0.0,0.0,0.0,0.0,1.0,0.0,0.0,15833.5,104.5,3086.0,0.0,0.0,0.0,0.0,0.0,1.0,0.5,0.0,0.0,0.0,0.0,0.0,0.0,0.0,0.0,0.0,0.0,293.0,0.5,0.5,0.5,0.0,0.0,0.0,0.5,1.0,0.0,0.0,0,1119743265634504704
0.0,0.0,0.0,0.0,1.0,0.0,0.0,1.0,1631.0,78.0,1632.0,0.0,0.0,0.0,0.0,0.0,0.0,0.0,0.0,0.0,0.0,0.0,0.0,0.0,0.0,0.0,0.0,0.0,1025.0,0.0,0.0,0.0,0.0,0.0,7.0,1.0,1.0,1.0,1.0,1,1119903629130801152
0.0,0.0,0.0,0.0,0.0,1.0,0.0,0.0,16440.0,152.0,358.0,0.0,0.0,0.0,0.0,0.0,1.0,1.0,0.0,0.0,0.0,0.0,0.0,0.0,0.0,0.0,0.0,0.0,60.0,0.0,0.0,0.0,0.0,0.0,0.0,0.0,1.0,0.0,0.0,0,1119946419399172096
0.5,0.0,0.0,0.0,1.5,0.5,0.5,0.0,121075.0,156.5,3075.5,0.0,0.0,0.0,0.0,0.0,0.5,0.5,0.5,0.0,0.0,0.5,0.0,0.0,0.0,0.0,0.0,0.0,280.0,0.0,0.0,0.0,0.0,0.0,2.0,0.0,1.0,3.5,0.0,1,1120192382017613824
1.0,0.0,0.0,0.0,1.3333333333333333,0.6666666666666666,1.0,0.0,211076.33333333334,549.0,11452.333333333334,0.0,0.0,0.0,0.0,0.0,0.6666666666666666,0.6666666666666666,1.0,0.0,0.0,1.0,0.0,0.0,0.0,0.0,0.0,0.0,881.6666666666666,0.6666666666666666,0.6666666666666666,0.6666666666666666,0.0,0.0,1.6666666666666667,0.6666666666666666,0.6666666666666666,7.333333333333333,0.0,1,1120196474228412416
0.0,0.0,0.0,0.0,1.0,0.0,0.0,1.0,2242.0,652.0,5208.0,0.0,0.0,0.0,0.0,0.0,0.0,0.0,0.0,0.0,0.0,0.0,0.0,0.0,0.0,0.0,0.0,0.0,1510.0,0.0,0.0,0.0,0.0,0.0,2.0,0.0,1.0,4.0,0.0,0,1120230350132772864
2.25,0.25,0.0,0.0,1.0,1.5,0.4166666666666667,0.0,4404.75,790.75,18092.5,0.75,0.5,0.5,0.25,0.25,1.25,0.20833333333333334,2.25,0.25,0.1,0.45,0.25,0.04166666666666665,0.25,0.25,0.25,0.25,3617.5,1.25,1.0,0.6666666666666666,0.25,0.08333333333333333,6.25,0.75,1.0,5.0,0.25,1,1120955068431372288
1.0,0.0,0.0,0.0,1.0,5.0,0.2,0.0,9335.0,249.0,5056.0,0.0,0.0,0.0,0.0,0.0,4.0,0.8,1.0,0.0,0.0,0.25,1.0,0.2,0.0,0.0,0.0,0.0,806.0,0.0,0.0,0.0,0.0,0.0,1.0,0.0,5.0,3.0,0.0,0,1121064275889537024
0.0,0.0,0.0,0.0,0.0,1.0,0.0,0.0,3111.0,865.0,24562.0,0.0,0.0,0.0,0.0,0.0,1.0,1.0,0.0,0.0,0.0,0.0,0.0,0.0,0.0,0.0,0.0,0.0,1055.0,0.0,0.0,0.0,0.0,0.0,0.0,0.0,1.0,0.0,0.0,0,1121066447423053824
1.0833333333333333,0.16666666666666666,0.0,0.5,1.1666666666666667,1.3333333333333333,0.9722222222222222,0.0,47386.166666666664,501.3333333333333,35036.0,0.5,0.5,0.3333333333333333,0.3333333333333333,0.16666666666666666,0.8333333333333334,0.4166666666666667,1.3333333333333333,0.3333333333333333,0.1111111111111111,1.0,0.5,0.08333333333333333,0.3333333333333333,0.25,0.05555555555555555,0.1111111111111111,6143.0,2.0,1.1666666666666667,0.5833333333333334,0.8333333333333334,0.24999999999999997,2.5,1.5,1.3333333333333333,10.0,0.3333333333333333,1,1121212235147096064
0.0,0.0,0.0,0.0,0.0,1.0,0.0,0.0,47470.5,377.0,14172.75,0.0,0.0,0.0,0.0,0.0,1.0,1.0,0.0,0.0,0.0,0.0,0.0,0.0,0.0,0.0,0.0,0.0,208.75,0.5,0.5,0.25,0.0,0.0,0.0,0.5,1.0,0.0,0.0,0,1121250455540867072
0.0,0.0,0.0,0.0,0.0,0.6666666666666666,0.0,0.0,56175.0,194.0,8854.666666666666,0.0,0.0,0.0,0.0,0.0,0.6666666666666666,0.3333333333333333,0.0,0.0,0.0,0.0,0.0,0.0,0.0,0.0,0.0,0.0,410.6666666666667,1.0,1.0,0.6666666666666666,0.0,0.0,0.0,1.0,0.6666666666666666,0.0,0.0,0,1121577975859580928
1.0,0.0,0.0,0.0,1.0,0.5,1.0,0.0,39940.0,343.5,3616.5,0.0,0.0,0.0,0.0,0.0,0.5,0.5,1.0,0.0,0.0,1.0,0.0,0.0,0.0,0.0,0.0,0.0,2726.0,1.0,1.0,0.5,0.0,0.0,1.5,1.0,0.5,4.0,0.0,1,1121977124702605312
1.0,0.0,0.0,0.0,1.0,0.75,1.0,0.25,9528.75,1212.5,34009.25,0.0,0.0,0.0,0.0,0.0,0.75,0.75,1.0,0.0,0.0,1.0,0.0,0.0,0.0,0.0,0.0,0.0,17082.75,0.25,0.25,0.25,0.0,0.0,1.25,0.5,0.75,4.0,0.25,1,1122565290144968704
1.0,0.0,0.0,0.0,1.0,1.0,1.0,0.0,422.0,58.0,1254.0,0.0,0.0,0.0,0.0,0.0,1.0,1.0,1.0,0.0,0.0,1.0,0.0,0.0,0.0,0.0,0.0,0.0,151.0,0.0,0.0,0.0,0.0,0.0,1.0,0.0,1.0,2.0,0.0,1,1122798217923645440
2.6666666666666665,1.3333333333333333,0.6666666666666666,0.6666666666666666,1.0,2.0,1.9444444444444444,0.6666666666666666,4911.333333333333,287.0,7326.666666666667,1.6666666666666667,1.0,1.0,0.6666666666666666,0.6666666666666666,1.3333333333333333,0.7222222222222222,2.6666666666666665,0.5555555555555555,0.6666666666666666,2.1666666666666665,0.6666666666666666,0.27777777777777773,1.3333333333333333,0.6666666666666666,0.6666666666666666,1.3333333333333333,679.3333333333334,2.0,1.3333333333333333,0.4166666666666667,0.6666666666666666,0.25,4.0,1.0,1.0,2.0,0.0,1,1123037967817043968
0.0,0.0,2.0,0.0,0.0,7.0,0.0,0.0,11164.0,29.0,3249.0,0.0,0.0,0.0,0.0,0.0,7.0,1.0,0.0,0.0,0.0,0.0,0.0,0.0,0.0,0.0,0.0,0.0,1781.0,2.0,2.0,1.0,0.0,0.0,0.0,2.0,6.0,0.0,0.0,0,1123119034326523904
0.0,0.0,0.0,0.0,0.0,2.0,0.0,0.0,394.0,16.0,984.0,0.0,0.0,0.0,0.0,0.0,2.0,1.0,0.0,0.0,0.0,0.0,0.0,0.0,0.0,0.0,0.0,0.0,444.0,0.0,0.0,0.0,0.0,0.0,0.0,0.0,1.0,0.0,0.0,0,1123478650373783552
0.5,0.25,0.75,0.0,0.5,2.5,0.22916666666666666,0.0,36042.75,679.25,40241.0,0.0,0.0,0.0,0.0,0.0,2.0,0.8333333333333334,0.5,0.0,0.0,0.3125,0.5,0.16666666666666666,0.25,0.0,0.0,0.125,13188.25,1.75,1.5,0.625,0.25,0.125,0.75,1.75,2.0,4.25,0.5,0,1123525409330565120
0.0,0.0,0.0,0.0,0.0,3.5,0.0,0.0,6599.5,96.5,364.0,0.0,0.0,0.0,0.0,0.0,3.5,1.0,0.0,0.0,0.0,0.0,0.0,0.0,0.0,0.0,0.0,0.0,99.5,0.0,0.0,0.0,0.0,0.0,0.0,0.0,1.5,0.0,0.0,0,1123819302441644032
0.5,1.5,0.0,0.25,0.5,1.75,0.2857142857142857,0.25,59182.75,329.25,27679.5,0.0,0.5,0.0,0.5,0.0,0.25,0.0357142857142857,0.5,0.25,0.0,0.5,1.5,0.21428571428571427,1.5,0.25,0.0,0.25,5370.75,1.5,1.0,0.625,0.5,0.125,2.25,1.0,0.5,2.25,0.25,0,1124193149447798784
0.0,0.0,0.0,0.0,0.0,24.0,0.0,0.0,209.0,284.0,510.0,0.0,0.0,0.0,0.0,0.0,24.0,1.0,0.0,0.0,0.0,0.0,0.0,0.0,0.0,0.0,0.0,0.0,150.0,0.0,0.0,0.0,0.0,0.0,0.0,0.0,3.0,0.0,0.0,0,1124478819911585792
0.0,0.0,0.0,0.0,0.0,1.0,0.0,0.0,1851.0,115.0,13177.0,0.0,0.0,0.0,0.0,0.0,1.0,1.0,0.0,0.0,0.0,0.0,0.0,0.0,0.0,0.0,0.0,0.0,63.0,0.0,0.0,0.0,0.0,0.0,0.0,0.0,1.0,0.0,0.0,0,1125123219658354688
0.0,0.0,0.0,0.0,0.0,1.25,0.0,0.25,19364.75,150.0,11250.0,1.0,0.75,0.75,0.25,0.25,1.0,0.2,0.0,0.25,0.1875,0.0,0.25,0.05,0.0,0.25,0.25,0.0,245.0,1.5,1.25,0.6875,0.25,0.0625,0.0,0.75,0.5,0.0,0.25,0,1125213533622435840
0.0,0.0,0.0,0.0,0.0,0.5,0.0,0.0,67786.5,365.5,37134.0,0.0,0.0,0.0,0.0,0.0,0.5,0.5,0.0,0.0,0.0,0.0,0.0,0.0,0.0,0.0,0.0,0.0,10379.5,1.0,0.5,0.25,0.5,0.25,0.0,1.5,0.5,0.0,1.0,0,1125967329365577728
0.0,0.0,0.0,0.0,1.5,0.0,0.0,0.0,478716.5,400.0,4019.5,0.0,0.0,0.0,0.0,0.0,0.0,0.0,0.0,0.0,0.0,0.0,0.0,0.0,0.0,0.0,0.0,0.0,1263.0,0.0,0.0,0.0,0.0,0.0,2.0,0.5,0.5,2.5,0.5,1,1126434493599809536
0.0,0.0,0.25,0.0,0.0,0.5,0.0,0.0,12176.25,604.5,35408.5,0.0,0.0,0.0,0.0,0.0,0.5,0.5,0.0,0.0,0.0,0.0,0.0,0.0,0.0,0.0,0.0,0.0,944.5,0.5,0.5,0.5,0.0,0.0,0.0,0.75,0.5,0.0,0.25,0,1126666343656443904
3.0,0.0,0.0,0.0,1.0,0.5,3.0,0.5,29790.5,361.0,13220.0,0.0,0.0,0.0,0.0,0.0,0.5,0.5,3.0,0.0,0.0,3.0,0.0,0.0,0.0,0.0,0.0,0.0,6369.5,1.0,1.0,0.5,0.0,0.0,3.5,1.0,0.5,2.0,0.0,1,1126668932112158720
0.0,0.0,0.0,0.0,0.0,5.0,0.0,0.5,10224.0,1203.5,46925.5,1.0,0.0,0.5,0.0,0.5,4.0,0.8888888888888888,0.0,0.0,0.0714285714285714,0.0,1.0,0.1111111111111111,0.0,0.0,0.25,0.0,36642.5,1.5,1.5,0.5,0.0,0.0,0.0,1.5,3.5,0.0,0.0,0,1127053283874267136
0.0,0.0,0.0,0.0,0.0,1.0,0.0,0.0,810.0,228.0,1900.0,0.0,0.0,0.0,0.0,0.0,1.0,1.0,0.0,0.0,0.0,0.0,0.0,0.0,0.0,0.0,0.0,0.0,254.0,0.0,0.0,0.0,0.0,0.0,0.0,0.0,1.0,0.0,0.0,0,1127158979873607680
0.0,0.0,0.375,0.0,0.0,1.4375,0.0,0.1875,13662.0,721.25,24277.4375,0.0,0.0,0.0,0.0,0.0,1.3125,0.40234375,0.0,0.0,0.0,0.0,0.125,0.03515625,0.0,0.0,0.0,0.0,2204.75,1.3125,1.25,0.8,0.0625,0.0125,0.0,1.25,1.25,0.0,0.1875,0,1127822026334154752
0.0,0.0,0.0,0.0,0.0,2.0,0.0,0.0,75.0,1.0,100.0,0.0,0.0,0.0,0.0,0.0,2.0,1.0,0.0,0.0,0.0,0.0,0.0,0.0,0.0,0.0,0.0,0.0,19.0,0.0,0.0,0.0,0.0,0.0,0.0,0.0,2.0,0.0,0.0,0,1127876297960669184
1.0,0.0,0.0,0.0,2.0,1.0,2.0,0.0,2534.0,299.0,550.0,0.0,0.0,0.0,0.0,0.0,1.0,1.0,2.0,0.0,0.0,2.0,0.0,0.0,0.0,0.0,0.0,0.0,78.0,0.0,0.0,0.0,0.0,0.0,2.0,0.0,1.0,11.0,0.0,0,1127899310961647616
0.0,0.0,1.0,0.0,0.0,3.3333333333333335,0.0,0.3333333333333333,29196.666666666668,66.0,1235.0,0.0,0.0,0.0,0.0,0.0,3.3333333333333335,1.0,0.0,0.0,0.0,0.0,0.0,0.0,0.0,0.0,0.0,0.0,309.3333333333333,4.333333333333333,4.333333333333333,1.0,0.0,0.0,0.0,1.6666666666666667,1.3333333333333333,0.0,0.0,0,1128501265627025408
2.3333333333333335,0.0,0.6666666666666666,0.0,1.1666666666666667,1.3333333333333333,1.25,0.0,45853.5,229.83333333333334,12939.666666666666,0.0,0.0,0.0,0.0,0.0,1.3333333333333333,0.6666666666666666,2.5,0.0,0.0,1.25,0.0,0.0,0.0,0.0,0.0,0.0,1945.3333333333333,1.5,1.5,0.8333333333333334,0.0,0.0,2.8333333333333335,1.0,0.8333333333333334,26.333333333333332,0.0,1,1128846724262416384
0.0,0.0,0.0,0.0,0.0,1.0,0.0,0.0,1875.0,20.0,2730.0,0.0,0.0,0.0,0.0,0.0,1.0,1.0,0.0,0.0,0.0,0.0,0.0,0.0,0.0,0.0,0.0,0.0,156.0,0.0,0.0,0.0,0.0,0.0,0.0,0.0,1.0,0.0,0.0,0,1129971720628121600
0.0,0.0,0.0,0.0,0.0,1.0,0.0,0.0,26528.0,51.5,180.5,0.0,0.0,0.0,0.0,0.0,1.0,0.5,0.0,0.0,0.0,0.0,0.0,0.0,0.0,0.0,0.0,0.0,75.5,0.5,0.5,0.5,0.0,0.0,0.0,0.5,1.0,0.0,0.0,0,1130132083722067968
1.1111111111111112,0.1111111111111111,0.16666666666666666,0.16666666666666666,0.8333333333333334,2.8333333333333335,0.4583333333333333,0.16666666666666666,9519.5,492.3333333333333,26439.666666666668,1.3333333333333333,0.8333333333333334,1.0,0.3333333333333333,0.3333333333333333,2.3333333333333335,0.27546296296296297,3.3333333333333335,0.1388888888888889,0.14285714285714285,0.4761904761904762,0.5,0.05787037037037037,0.3333333333333333,0.16666666666666666,0.25,0.3333333333333333,17893.0,2.8333333333333335,2.5,0.9583333333333334,0.3333333333333333,0.041666666666666664,4.333333333333333,1.5,1.6666666666666667,11.166666666666666,0.0,0,1130232332545142784
0.2,0.0,0.4,0.0,1.2,0.4,0.2,0.2,5510.6,4811.4,19735.8,0.0,0.0,0.0,0.0,0.0,0.4,0.4,0.2,0.0,0.0,0.2,0.0,0.0,0.0,0.0,0.0,0.0,3177.4,0.8,0.8,0.6,0.0,0.0,10.2,0.8,0.8,12.6,0.0,0,1130614482700529664
0.0,0.0,0.0,0.0,0.0,1.0,0.0,0.0,32481.0,300.0,10506.0,0.0,0.0,0.0,0.0,0.0,1.0,1.0,0.0,0.0,0.0,0.0,0.0,0.0,0.0,0.0,0.0,0.0,737.0,0.0,0.0,0.0,0.0,0.0,0.0,0.0,1.0,0.0,0.0,0,1131004326379503616
0.0,0.0,0.0,0.0,0.0,0.0,0.0,0.0,33492.0,186.0,4841.0,0.0,0.0,0.0,0.0,0.0,0.0,0.0,0.0,0.0,0.0,0.0,0.0,0.0,0.0,0.0,0.0,0.0,190.0,0.0,0.0,0.0,0.0,0.0,0.0,1.0,0.0,0.0,1.0,0,1131097486707351552
1.0,0.0,0.0,0.0,1.0,5.0,0.2,0.0,134.0,115.0,5534.0,0.0,0.0,0.0,0.0,0.0,5.0,1.0,1.0,0.0,0.0,0.2,0.0,0.0,0.0,0.0,0.0,0.0,2392.0,0.0,0.0,0.0,0.0,0.0,1.0,0.0,1.0,3.0,0.0,0,1131796294386483200
1.0,0.0,0.0,0.0,2.0,1.0,2.0,0.0,2534.0,299.0,550.0,0.0,0.0,0.0,0.0,0.0,1.0,1.0,2.0,0.0,0.0,2.0,0.0,0.0,0.0,0.0,0.0,0.0,78.0,0.0,0.0,0.0,0.0,0.0,2.0,0.0,1.0,11.0,0.0,1,1132085719264010240
1.0,0.0,0.0,0.0,2.0,1.0,2.0,0.0,2534.0,299.0,550.0,0.0,0.0,0.0,0.0,0.0,1.0,1.0,2.0,0.0,0.0,2.0,0.0,0.0,0.0,0.0,0.0,0.0,78.0,0.0,0.0,0.0,0.0,0.0,2.0,0.0,1.0,11.0,0.0,0,1132177012702806016
1.0,0.0,1.0,0.0,1.0,1.0,1.0,0.0,489194.0,421.0,13446.0,0.0,0.0,0.0,0.0,0.0,1.0,1.0,1.0,0.0,0.0,1.0,0.0,0.0,0.0,0.0,0.0,0.0,319.0,1.0,1.0,1.0,0.0,0.0,1.0,1.0,1.0,15.0,0.0,0,1132434737164881920
0.0,0.0,0.5,0.0,0.0,1.75,0.0,0.0,7503.5,301.75,7145.5,0.0,0.0,0.0,0.0,0.0,1.75,1.0,0.0,0.0,0.0,0.0,0.0,0.0,0.0,0.0,0.0,0.0,1730.25,0.5,0.5,0.5,0.0,0.0,0.0,0.5,1.25,0.0,0.0,0,1132907236507746304
0.2,0.0,0.0,0.0,0.6,0.4,0.2,0.2,152187.4,565.6,25324.4,0.0,0.0,0.0,0.0,0.0,0.4,0.4,0.2,0.0,0.0,0.2,0.0,0.0,0.0,0.0,0.0,0.0,12109.4,0.6,0.6,0.4,0.0,0.0,0.6,0.6,0.6,8.4,0.2,0,1133303721170997248
0.6,0.0,0.4,0.0,2.2,0.6,0.9,0.2,230542.6,4917.6,45209.2,0.0,1.8,0.0,1.0,0.0,0.6,0.4,1.2,0.18,0.0,0.9,0.0,0.0,0.0,0.14285714285714285,0.0,0.0,13615.8,4.0,2.6,0.5176470588235295,1.4,0.08235294117647059,3.4,1.6,0.8,27.0,0.4,1,1133597792259268608
0.0,0.0,0.0,0.6666666666666666,1.0,0.0,0.0,0.0,42630.333333333336,42.666666666666664,1165.6666666666667,0.0,0.0,0.0,0.0,0.0,0.0,0.0,0.0,0.0,0.0,0.0,0.0,0.0,0.0,0.0,0.0,0.0,1236.6666666666667,0.0,0.0,0.0,0.0,0.0,15.666666666666666,0.6666666666666666,1.0,2.0,0.0,1,1133675111459774464
0.0,0.0,0.0,0.0,0.0,1.0,0.0,0.0,32976.0,32.5,4922.0,0.0,0.0,0.0,0.0,0.0,1.0,1.0,0.0,0.0,0.0,0.0,0.0,0.0,0.0,0.0,0.0,0.0,134.5,0.0,0.0,0.0,0.0,0.0,0.0,0.0,1.0,0.0,0.0,0,1133907446788939776
0.0,0.0,0.0,0.0,0.0,1.0,0.0,0.0,434.0,220.0,9631.0,0.0,0.0,0.0,0.0,0.0,1.0,1.0,0.0,0.0,0.0,0.0,0.0,0.0,0.0,0.0,0.0,0.0,1637.0,0.0,0.0,0.0,0.0,0.0,0.0,0.0,1.0,0.0,0.0,0,1134683032226336768
2.0,6.0,0.0,0.0,1.0,2.5,1.6,0.5,460.5,138.0,6203.5,2.5,0.5,0.5,2.0,2.0,0.5,0.1,2.0,0.5,0.5,2.0,2.0,0.4,6.0,0.5,0.5,1.5,181.5,2.5,0.5,0.1,2.0,0.4,11.0,0.5,0.5,1.0,0.5,1,1134692072150949888
0.0,0.0,1.0,0.0,0.0,1.0,0.0,0.0,6784.0,425.0,15274.5,0.0,0.0,0.0,0.0,0.0,1.0,1.0,0.0,0.0,0.0,0.0,0.0,0.0,0.0,0.0,0.0,0.0,2476.5,1.0,1.0,1.0,0.0,0.0,0.0,1.0,1.0,0.0,0.0,0,1135396246904094720
1.0,0.0,1.0,0.0,1.0,1.0,1.0,1.0,31404.0,108.0,2958.0,0.0,0.0,0.0,0.0,0.0,1.0,1.0,1.0,0.0,0.0,1.0,0.0,0.0,0.0,0.0,0.0,0.0,294.0,1.0,1.0,1.0,0.0,0.0,1.0,1.0,1.0,4.0,0.0,0,1136438550527709184
0.0,0.0,1.0,0.0,0.0,1.0,0.0,0.0,12299.5,203.5,3658.0,0.0,0.0,0.0,0.0,0.0,1.0,1.0,0.0,0.0,0.0,0.0,0.0,0.0,0.0,0.0,0.0,0.0,2782.5,1.0,1.0,1.0,0.0,0.0,0.0,1.0,1.0,0.0,0.0,0,1136542961623310336
0.5,0.0,0.0,0.0,1.0,0.5,0.5,0.0,64153.5,115.0,4805.0,0.0,0.0,0.0,0.0,0.0,0.5,0.5,0.5,0.0,0.0,0.5,0.0,0.0,0.0,0.0,0.0,0.0,848.0,1.0,1.0,0.5,0.0,0.0,3.5,1.0,0.5,3.0,0.0,1,1136923911028723712
0.25,0.125,0.5,0.25,0.5,2.75,0.125,0.25,18953.75,304.25,6590.5,0.75,0.0,0.25,0.0,0.5,2.25,0.9166666666666666,0.5,0.0,0.0625,0.125,0.5,0.08333333333333333,0.25,0.0,0.25,0.125,5298.75,3.0,2.75,0.7142857142857143,0.25,0.0357142857142857,0.75,2.5,1.75,1.75,0.0,0,1137168303912091648
5.3125,3.3125,0.375,0.125,1.5,3.625,1.3322368421052633,0.0,148227.0,435.25,29381.25,2.0,1.125,1.25,0.625,0.75,2.375,0.6036184210526316,6.0,0.1125,0.14393939393939395,1.418560606060606,1.25,0.14638157894736842,3.5,0.08928571428571429,0.203125,0.765625,6584.125,3.625,2.125,0.3443627450980392,1.5,0.1556372549019608,10.0,1.75,1.75,17.875,0.25,1,1137537063202222080
1.0,0.0,0.0,0.0,1.0,107.0,0.0093457943925233,0.0,6113.0,84.0,26047.0,0.0,0.0,0.0,0.0,0.0,107.0,1.0,1.0,0.0,0.0,0.0093457943925233,0.0,0.0,0.0,0.0,0.0,0.0,6886.0,0.0,0.0,0.0,0.0,0.0,1.0,0.0,1.0,2.0,0.0,0,1137584551972270080
0.0,0.0,0.0,0.0,0.0,1.0,0.0,0.0,66256.0,3805.5,83.5,0.0,0.0,0.0,0.0,0.0,1.0,1.0,0.0,0.0,0.0,0.0,0.0,0.0,0.0,0.0,0.0,0.0,101.0,0.0,0.0,0.0,0.0,0.0,0.0,0.0,1.0,0.0,0.0,0,1137629756226174976
0.0,0.0,0.5,0.5,0.0,1.5,0.0,0.0,37194.25,319.0,5174.25,0.0,0.0,0.0,0.0,0.0,1.25,0.41666666666666663,0.0,0.0,0.0,0.0,0.25,0.08333333333333333,0.0,0.0,0.0,0.0,390.5,1.0,0.75,0.625,0.25,0.125,0.0,1.25,1.75,0.0,0.0,0,1138169176205225985
0.0,0.0,0.0,0.0,1.5,0.0,0.0,0.0,34617.0,288.5,32753.5,0.0,0.5,0.0,0.5,0.0,0.0,0.0,0.0,0.0714285714285714,0.0,0.0,0.0,0.0,0.0,0.5,0.0,0.0,5511.0,5.5,4.0,0.6041666666666666,1.5,0.3958333333333333,8.0,3.0,1.0,4.5,1.0,1,1138227974857265152
0.0,0.0,0.0,0.0,0.0,5.8,0.0,0.0,3494.8,1237.6,12462.0,0.0,0.0,0.0,0.0,0.0,5.8,1.0,0.0,0.0,0.0,0.0,0.0,0.0,0.0,0.0,0.0,0.0,5734.8,0.0,0.0,0.0,0.0,0.0,0.0,0.0,1.2,0.0,0.0,0,1139049958595825664
0.0,0.0,0.3333333333333333,0.0,0.0,2.6666666666666665,0.0,0.0,10581.0,156.66666666666666,2278.0,0.0,0.0,0.0,0.0,0.0,2.3333333333333335,0.9166666666666666,0.0,0.0,0.0,0.0,0.3333333333333333,0.08333333333333333,0.0,0.0,0.0,0.0,411.6666666666667,2.0,2.0,0.6666666666666666,0.0,0.0,0.0,1.3333333333333333,1.6666666666666667,0.0,0.3333333333333333,0,1139571355960934400
0.0,0.0,0.0,0.0,0.0,4.25,0.0,0.25,4797.5,299.5,21220.0,0.0,0.0,0.0,0.0,0.0,4.25,1.0,0.0,0.0,0.0,0.0,0.0,0.0,0.0,0.0,0.0,0.0,571.5,0.0,0.0,0.0,0.0,0.0,0.0,0.25,1.75,0.0,0.25,0,1139998679755812864
0.0,0.0,0.0,0.0,0.0,0.5,0.0,0.0,37279.75,173.25,5255.75,0.0,0.0,0.0,0.0,0.0,0.5,0.25,0.0,0.0,0.0,0.0,0.0,0.0,0.0,0.0,0.0,0.0,798.25,1.0,1.0,0.75,0.0,0.0,0.0,1.0,0.5,0.0,0.0,0,1140064326645075968
0.0,0.0,0.0,0.0,0.0,0.6666666666666666,0.0,0.0,12018.666666666666,398.6666666666667,1952.6666666666667,0.0,0.0,0.0,0.0,0.0,0.6666666666666666,0.3333333333333333,0.0,0.0,0.0,0.0,0.0,0.0,0.0,0.0,0.0,0.0,421.6666666666667,0.6666666666666666,0.6666666666666666,0.3333333333333333,0.0,0.0,0.0,0.6666666666666666,1.0,0.0,0.3333333333333333,0,1140761601281069056
0.0,0.0,0.0,0.0,1.0,0.0,0.0,0.5,354.5,89.5,5023.0,0.0,0.0,0.0,0.0,0.0,0.0,0.0,0.0,0.0,0.0,0.0,0.0,0.0,0.0,0.0,0.0,0.0,3500.0,0.0,0.0,0.0,0.0,0.0,22.0,0.5,0.5,1.0,0.5,1,1140906491818233856
0.2857142857142857,0.0,0.14285714285714285,0.0,0.5714285714285714,1.4285714285714286,0.19047619047619047,0.0,9142.142857142857,1208.2857142857142,32563.571428571428,0.0,0.0,0.0,0.0,0.0,1.2857142857142858,0.40476190476190477,0.2857142857142857,0.0,0.0,0.19047619047619047,0.14285714285714285,0.0238095238095238,0.0,0.0,0.0,0.0,2189.714285714286,1.2857142857142858,1.0,0.4761904761904762,0.2857142857142857,0.09523809523809523,1.8571428571428572,1.1428571428571428,1.2857142857142858,9.714285714285714,0.2857142857142857,0,1140936616479985664
1.0,0.0,0.0,0.0,1.0,1.0,1.0,0.0,25553.0,365.0,53763.0,0.0,0.0,0.0,0.0,0.0,1.0,1.0,1.0,0.0,0.0,1.0,0.0,0.0,0.0,0.0,0.0,0.0,353.0,0.0,0.0,0.0,0.0,0.0,1.0,0.0,1.0,3.0,0.0,1,1140939557404024832
0.0,0.0,0.5,0.0,0.0,0.5,0.0,0.0,4388.0,426.5,48965.5,0.0,0.0,0.0,0.0,0.0,0.5,0.5,0.0,0.0,0.0,0.0,0.0,0.0,0.0,0.0,0.0,0.0,1354.0,1.0,1.0,1.0,0.0,0.0,0.0,1.0,0.5,0.0,0.0,0,1141578684688445440
0.0,0.0,0.0,0.0,0.0,0.5,0.0,0.0,30600.0,1096.75,26747.0,0.0,0.0,0.0,0.0,0.0,0.5,0.5,0.0,0.0,0.0,0.0,0.0,0.0,0.0,0.0,0.0,0.0,3339.5,0.75,0.75,0.5,0.0,0.0,0.0,0.75,0.5,0.0,0.0,0,1141606450175594496
0.0,0.0,0.0,0.0,0.0,1.0,0.0,0.0,50278.0,193.0,5480.0,0.0,0.0,0.0,0.0,0.0,1.0,1.0,0.0,0.0,0.0,0.0,0.0,0.0,0.0,0.0,0.0,0.0,1734.0,0.0,0.0,0.0,0.0,0.0,0.0,0.0,1.0,0.0,0.0,0,1141891042325520384
0.0,0.0,0.0,0.0,0.0,3.3333333333333335,0.0,0.0,2376.0,526.3333333333334,5360.333333333333,0.0,0.0,0.0,0.0,0.0,3.3333333333333335,1.0,0.0,0.0,0.0,0.0,0.0,0.0,0.0,0.0,0.0,0.0,1322.3333333333333,0.0,0.0,0.0,0.0,0.0,0.0,0.0,1.0,0.0,0.0,0,1142134642015895552
0.0,0.0,0.0,0.0,1.0,0.0,0.0,0.3333333333333333,29687.333333333332,103.0,32387.666666666668,0.0,0.0,0.0,0.0,0.0,0.0,0.0,0.0,0.0,0.0,0.0,0.0,0.0,0.0,0.0,0.0,0.0,2429.0,0.6666666666666666,0.6666666666666666,0.6666666666666666,0.0,0.0,1.0,0.6666666666666666,0.6666666666666666,3.0,0.0,1,1142252770586521600
0.0,0.0,0.0,0.0,0.0,2.0,0.0,0.0,1377.0,91.0,5074.0,0.0,0.0,0.0,0.0,0.0,2.0,1.0,0.0,0.0,0.0,0.0,0.0,0.0,0.0,0.0,0.0,0.0,454.0,0.0,0.0,0.0,0.0,0.0,0.0,0.0,2.0,0.0,0.0,0,1142441980983689216
9.0,0.0,0.0,0.0,1.0,2.0,4.5,0.0,3660.0,630.0,8935.0,0.0,0.0,0.0,0.0,0.0,2.0,1.0,9.0,0.0,0.0,4.5,0.0,0.0,0.0,0.0,0.0,0.0,1106.0,0.0,0.0,0.0,0.0,0.0,9.0,0.0,2.0,2.0,0.0,1,1144094099423514624
0.0,0.0,1.0,0.0,0.0,5.0,0.0,0.0,478.0,1007.0,244.0,0.0,0.0,0.0,0.0,0.0,5.0,1.0,0.0,0.0,0.0,0.0,0.0,0.0,0.0,0.0,0.0,0.0,466.0,3.0,3.0,1.0,0.0,0.0,0.0,1.0,2.0,0.0,0.0,0,1144141477287514112
0.0,0.0,0.0,0.0,0.0,1.1818181818181819,0.0,0.09090909090909091,11890.09090909091,157.9090909090909,11212.545454545454,0.0,0.0,0.0,0.0,0.0,1.1818181818181819,1.0,0.0,0.0,0.0,0.0,0.0,0.0,0.0,0.0,0.0,0.0,970.5454545454545,0.2727272727272727,0.2727272727272727,0.09090909090909091,0.0,0.0,0.0,0.18181818181818182,1.0909090909090908,0.0,0.0,0,1145133476874444800
0.0,0.0,0.0,0.0,0.0,0.5,0.0,0.5,11424.5,54.0,4227.0,0.0,0.0,0.0,0.0,0.0,0.5,0.5,0.0,0.0,0.0,0.0,0.0,0.0,0.0,0.0,0.0,0.0,148.0,0.5,0.5,0.5,0.0,0.0,0.0,1.0,1.0,0.0,0.5,0,1145644420725678080
0.0,0.0,0.0,0.0,0.0,2.0,0.0,1.0,1701.0,605.0,18266.0,0.0,0.0,0.0,0.0,0.0,2.0,1.0,0.0,0.0,0.0,0.0,0.0,0.0,0.0,0.0,0.0,0.0,6088.0,0.0,0.0,0.0,0.0,0.0,0.0,0.0,2.0,0.0,0.0,0,1145901976232550400
2.0,0.0,0.0,0.0,1.0,0.5,2.0,0.0,20212.0,130.5,805.0,0.0,0.0,0.0,0.0,0.0,0.5,0.5,2.0,0.0,0.0,2.0,0.0,0.0,0.0,0.0,0.0,0.0,203.5,0.5,0.5,0.5,0.0,0.0,2.5,0.5,0.5,2.0,0.0,1,1146249209444712448
0.0,0.0,0.0,0.0,0.0,0.5,0.0,0.5,52009.0,312.5,20464.5,0.0,0.0,0.0,0.0,0.0,0.5,0.5,0.0,0.0,0.0,0.0,0.0,0.0,0.0,0.0,0.0,0.0,1669.5,0.5,0.5,0.5,0.0,0.0,0.0,0.5,0.5,0.0,0.0,0,1146944515064893440
0.4444444444444444,0.0,0.0,0.0,1.0,0.6666666666666666,1.3333333333333333,0.3333333333333333,6040.666666666667,384.0,38769.0,0.0,0.3333333333333333,0.0,0.3333333333333333,0.0,0.6666666666666666,0.6666666666666666,1.3333333333333333,0.3333333333333333,0.0,1.3333333333333333,0.0,0.0,0.0,0.3333333333333333,0.0,0.0,653.0,0.6666666666666666,0.3333333333333333,0.16666666666666666,0.3333333333333333,0.16666666666666666,1.3333333333333333,0.3333333333333333,0.6666666666666666,5.666666666666667,0.3333333333333333,0,1146973250014863360
3.0,0.0,0.0,0.0,1.0,2.0,1.5,0.0,11161.0,30.0,1166.0,0.0,0.0,0.0,0.0,0.0,2.0,1.0,3.0,0.0,0.0,1.5,0.0,0.0,0.0,0.0,0.0,0.0,115.0,0.0,0.0,0.0,0.0,0.0,3.0,0.0,2.0,7.0,0.0,0,1147087383884611584
1.4097222222222223,0.18055555555555555,0.4166666666666667,0.25,1.75,3.25,0.9125,0.08333333333333333,39894.333333333336,365.25,21939.083333333332,1.1666666666666667,0.5833333333333334,0.9166666666666666,0.5,0.25,2.5833333333333335,0.6340277777777777,3.0,0.09027777777777779,0.13906926406926406,0.9899891774891776,0.6666666666666666,0.11597222222222221,0.5,0.13888888888888887,0.14583333333333334,0.4166666666666667,7429.166666666667,3.25,2.1666666666666665,0.6101190476190476,1.0833333333333333,0.13988095238095236,4.083333333333333,2.0,2.0,21.416666666666668,0.19444444444444442,1,1147331269718618112
1.5,0.0,1.0,0.0,1.0,1.0,1.5,0.0,7282.0,489.0,5664.0,0.0,0.0,0.0,0.0,0.0,1.0,1.0,1.5,0.0,0.0,1.5,0.0,0.0,0.0,0.0,0.0,0.0,2120.0,1.0,1.0,1.0,0.0,0.0,1.5,1.0,1.0,5.0,0.0,1,1147707543662247936
1.476190476190476,0.0,0.2857142857142857,0.0,1.4285714285714286,1.0,1.4285714285714286,0.14285714285714285,63169.71428571428,316.42857142857144,9611.42857142857,0.0,0.0,0.0,0.0,0.0,1.0,0.7142857142857143,2.0,0.0,0.0,1.4285714285714286,0.0,0.0,0.0,0.0,0.0,0.0,534.5714285714286,0.5714285714285714,0.5714285714285714,0.5714285714285714,0.0,0.0,2.2857142857142856,0.5714285714285714,1.0,11.142857142857142,0.0,1,1148862471034011648
0.3333333333333333,0.0,0.0,0.3333333333333333,0.3333333333333333,4.333333333333333,0.08333333333333333,0.0,25047.0,799.3333333333334,23899.666666666668,0.6666666666666666,0.0,0.3333333333333333,0.0,0.3333333333333333,2.6666666666666665,0.34259259259259256,0.3333333333333333,0.0,0.047619047619047596,0.3333333333333333,1.6666666666666667,0.32407407407407407,0.0,0.0,0.16666666666666666,0.0,24013.666666666668,2.0,1.6666666666666667,0.5555555555555555,0.3333333333333333,0.1111111111111111,0.3333333333333333,2.3333333333333335,3.0,1.6666666666666667,0.3333333333333333,0,1148898679500255232
0.0,0.0,0.6666666666666666,0.0,0.0,1.3333333333333333,0.0,0.3333333333333333,33125.333333333336,17930.333333333332,5970.0,0.0,0.0,0.0,0.0,0.0,1.3333333333333333,1.0,0.0,0.0,0.0,0.0,0.0,0.0,0.0,0.0,0.0,0.0,7506.333333333333,1.0,1.0,0.6666666666666666,0.0,0.0,0.0,1.0,1.3333333333333333,0.0,0.0,0,1148914872248410112
2.0,0.0,0.0,0.0,1.0,1.0,2.0,1.0,4781.0,190.0,9251.0,0.0,0.0,0.0,0.0,0.0,1.0,1.0,2.0,0.0,0.0,2.0,0.0,0.0,0.0,0.0,0.0,0.0,4598.0,0.0,0.0,0.0,0.0,0.0,2.0,0.0,1.0,0.0,0.0,1,1149037756371320832
0.0,0.0,0.0,0.0,0.058823529411764705,1.7058823529411764,0.0,0.11764705882352941,120061.94117647059,19076.117647058825,7563.64705882353,0.0,0.0,0.0,0.0,0.0,1.6470588235294117,0.9264705882352942,0.0,0.0,0.0,0.0,0.058823529411764705,0.014705882352941176,0.0,0.0,0.0,0.0,1080.0,16.529411764705884,16.470588235294116,0.2156862745098039,0.058823529411764705,0.0196078431372549,0.058823529411764705,4.9411764705882355,1.1764705882352942,0.6470588235294118,0.058823529411764705,0,1149040324006629376
9.666666666666666,0.0,0.3333333333333333,0.0,0.3333333333333333,3.0,1.9333333333333333,0.3333333333333333,19067.666666666668,1328.0,33448.0,0.6666666666666666,0.6666666666666666,0.3333333333333333,0.6666666666666666,0.3333333333333333,2.6666666666666665,0.5833333333333334,9.666666666666666,0.6666666666666666,0.1111111111111111,1.9333333333333333,0.3333333333333333,0.08333333333333333,0.0,0.6666666666666666,0.3333333333333333,0.0,754.6666666666666,1.3333333333333333,0.6666666666666666,0.3333333333333333,0.6666666666666666,0.3333333333333333,9.666666666666666,0.6666666666666666,2.3333333333333335,1.6666666666666667,0.6666666666666666,0,1149078962279211008
3.5,0.0,0.25,0.5,2.0,5.0,0.7000000000000001,0.0,54767.5,179.5,22052.0,1.5,0.75,1.25,1.25,0.25,4.0,0.43333333333333335,4.0,0.0982142857142857,0.11363636363636362,0.7181818181818183,1.0,0.06666666666666665,0.0,0.41666666666666663,0.0625,0.0,8861.25,5.75,4.0,0.6116071428571428,1.75,0.13839285714285712,6.0,3.25,2.5,12.5,0.3333333333333333,1,1149097542819139584
1.0,0.0,0.0,0.0,1.0,1.0,1.0,0.0,16814.0,806.0,7522.0,0.0,0.0,0.0,0.0,0.0,1.0,1.0,1.0,0.0,0.0,1.0,0.0,0.0,0.0,0.0,0.0,0.0,4430.0,1.0,1.0,1.0,0.0,0.0,1.0,1.0,1.0,5.0,0.0,1,1149143832555147264
5.5,0.0,1.0,0.0,1.0,1.0,5.5,0.0,368.0,732.5,3635.5,0.0,0.0,0.0,0.0,0.0,1.0,1.0,5.5,0.0,0.0,5.5,0.0,0.0,0.0,0.0,0.0,0.0,2826.0,1.0,1.0,1.0,0.0,0.0,5.5,1.0,1.0,1.0,0.0,1,1149544187516035072
3.0,0.0,0.0,0.0,1.0,1.0,3.0,0.0,1197.0,97.0,834.0,0.0,0.0,0.0,0.0,0.0,1.0,1.0,3.0,0.0,0.0,3.0,0.0,0.0,0.0,0.0,0.0,0.0,146.0,0.0,0.0,0.0,0.0,0.0,3.0,0.0,1.0,2.0,0.0,1,1149815277853339648
0.0,0.0,0.0,0.0,0.0,1.0,0.0,0.0,2262.5,2573.5,9011.5,0.0,0.0,0.0,0.0,0.0,1.0,1.0,0.0,0.0,0.0,0.0,0.0,0.0,0.0,0.0,0.0,0.0,4956.0,0.0,0.0,0.0,0.0,0.0,0.0,0.0,1.0,0.0,0.0,0,1150153898221604864
0.0,0.0,0.0,0.0,0.0,1.0,0.0,0.0,6032.0,224.5,7998.0,0.0,0.0,0.0,0.0,0.0,1.0,1.0,0.0,0.0,0.0,0.0,0.0,0.0,0.0,0.0,0.0,0.0,2697.0,0.0,0.0,0.0,0.0,0.0,0.0,0.0,1.0,0.0,0.0,0,1150175436693749760
0.5,0.0,0.5,0.0,0.25,1.0,0.25,0.0,16712.5,162.0,18346.5,0.0,0.0,0.0,0.0,0.0,1.0,0.5,0.5,0.0,0.0,0.25,0.0,0.0,0.0,0.0,0.0,0.0,666.75,2.0,1.75,0.95,0.25,0.05,0.5,1.5,1.25,0.75,0.25,0,1150286134589440000
0.0,0.0,0.0,0.0,0.0,0.0,0.0,1.0,697.0,117.0,4832.0,0.0,0.0,0.0,0.0,0.0,0.0,0.0,0.0,0.0,0.0,0.0,0.0,0.0,0.0,0.0,0.0,0.0,170.0,0.0,0.0,0.0,0.0,0.0,0.0,0.0,1.0,0.0,0.0,0,1150320501583921152
0.0,0.0,0.0,0.0,1.0,0.0,0.0,0.0,13590.0,2399.0,12396.0,0.0,0.0,0.0,0.0,0.0,0.0,0.0,0.0,0.0,0.0,0.0,0.0,0.0,0.0,0.0,0.0,0.0,1676.0,0.0,0.0,0.0,0.0,0.0,2.0,0.0,1.0,1.0,0.0,1,1150544685866143744
6.0,6.0,0.0,0.0,1.0,1.0,6.0,0.0,965.0,427.5,3549.0,1.0,0.5,0.5,0.5,0.5,0.5,0.25,6.0,0.5,0.5,6.0,0.5,0.25,6.0,0.5,0.5,6.0,3022.5,1.0,0.5,0.25,0.5,0.25,13.0,0.5,0.5,1.0,0.5,1,1151131828892114944
0.0,0.0,0.0,0.0,0.0,1.0,0.0,0.0,2129.0,90.0,1047.0,0.0,0.0,0.0,0.0,0.0,1.0,1.0,0.0,0.0,0.0,0.0,0.0,0.0,0.0,0.0,0.0,0.0,113.0,0.0,0.0,0.0,0.0,0.0,0.0,0.0,1.0,0.0,0.0,0,1151375296252272640
0.0,0.0,0.0,0.0,0.0,0.0,0.0,1.0,2819.0,291.0,4155.0,0.0,0.0,0.0,0.0,0.0,0.0,0.0,0.0,0.0,0.0,0.0,0.0,0.0,0.0,0.0,0.0,0.0,351.0,0.0,0.0,0.0,0.0,0.0,0.0,0.0,1.0,0.0,0.0,0,1152013993666629632
1.0,0.0,1.0,0.0,2.3333333333333335,2.3333333333333335,1.0,0.0,53120.0,280.3333333333333,77634.0,0.0,0.0,0.0,0.0,0.0,2.3333333333333335,0.6666666666666666,2.6666666666666665,0.0,0.0,1.0,0.0,0.0,0.0,0.0,0.0,0.0,2628.3333333333335,1.6666666666666667,1.6666666666666667,0.6666666666666666,0.0,0.0,3.3333333333333335,1.6666666666666667,2.3333333333333335,14.333333333333334,0.0,1,1152035731439788032
0.25,0.0,0.0,0.0,1.0,0.5,0.25,0.25,39244.75,117.75,12082.25,0.0,0.0,0.0,0.0,0.0,0.5,0.5,0.25,0.0,0.0,0.25,0.0,0.0,0.0,0.0,0.0,0.0,1053.75,0.75,0.75,0.5,0.0,0.0,1.0,0.75,0.75,3.25,0.0,0,1152109702961065984
1.3333333333333333,0.0,0.0,0.0,3.0,1.0,4.0,1.0,1050.0,72.0,25177.0,0.0,0.0,0.0,0.0,0.0,1.0,1.0,4.0,0.0,0.0,4.0,0.0,0.0,0.0,0.0,0.0,0.0,364.0,0.0,0.0,0.0,0.0,0.0,4.0,0.0,1.0,17.0,0.0,1,1152325866454708224
1.4166666666666667,0.0,1.0,0.0,1.6666666666666667,1.8333333333333333,1.3333333333333333,0.3333333333333333,37628.0,622.0,42632.666666666664,0.0,0.0,0.0,0.0,0.0,1.8333333333333333,0.8333333333333334,2.3333333333333335,0.0,0.0,1.3333333333333333,0.0,0.0,0.0,0.0,0.0,0.0,4548.333333333333,1.5,1.5,0.6666666666666666,0.0,0.0,2.6666666666666665,1.5,2.0,11.0,0.0,1,1152375978807496704
0.0,0.0,1.0,0.0,0.0,1.0,0.0,0.0,5041.0,389.0,6929.0,0.0,0.0,0.0,0.0,0.0,1.0,1.0,0.0,0.0,0.0,0.0,0.0,0.0,0.0,0.0,0.0,0.0,5384.0,1.0,1.0,1.0,0.0,0.0,0.0,1.0,1.0,0.0,0.0,0,1152774856690098176
1.0,0.0,0.0,0.0,1.0,1.0,1.0,0.0,480.0,230.0,11422.0,0.0,0.0,0.0,0.0,0.0,1.0,1.0,1.0,0.0,0.0,1.0,0.0,0.0,0.0,0.0,0.0,0.0,51817.0,0.0,0.0,0.0,0.0,0.0,1.0,0.0,1.0,2.0,0.0,0,1153579232531042304
1.0,0.0,0.0,0.0,1.0,1.0,1.0,0.0,1167.0,164.0,977.0,0.0,0.0,0.0,0.0,0.0,1.0,1.0,1.0,0.0,0.0,1.0,0.0,0.0,0.0,0.0,0.0,0.0,290.0,0.0,0.0,0.0,0.0,0.0,1.0,0.0,1.0,2.0,0.0,1,1153805453625622528
7.75,0.25,0.75,0.0,1.0,2.0,1.95,0.0,4011.0,689.75,32603.25,0.5,0.25,0.25,0.25,0.25,1.75,0.625,7.75,0.25,0.25,1.95,0.25,0.125,0.25,0.25,0.25,0.25,3074.75,1.5,1.25,0.875,0.25,0.125,8.25,1.0,1.5,5.0,0.25,1,1153877774747004928
0.0,0.0,0.0,0.0,0.0,0.5,0.0,0.0,36062.5,257.5,4044.0,0.0,0.0,0.0,0.0,0.0,0.5,0.5,0.0,0.0,0.0,0.0,0.0,0.0,0.0,0.0,0.0,0.0,475.0,54.0,54.0,0.5,0.0,0.0,0.0,1.0,0.5,0.0,0.0,0,1154295514678829056
0.0,0.0,0.0,0.0,0.0,0.0,0.0,0.0,985.0,110.0,4681.0,0.0,3.0,0.0,1.0,0.0,0.0,0.0,0.0,1.0,0.0,0.0,0.0,0.0,0.0,1.0,0.0,0.0,209.0,4.0,3.0,0.75,1.0,0.25,0.0,1.0,0.0,0.0,1.0,0,1154563101698543616
1.0,0.25,0.5,0.25,0.25,1.25,0.3125,0.25,29842.75,1264.0,10603.25,0.5,0.5,0.25,0.25,0.25,1.0,0.4375,1.0,0.16666666666666666,0.08333333333333333,0.3333333333333333,0.25,0.0625,0.25,0.125,0.25,0.25,9098.75,1.5,1.0,0.4,0.5,0.1,1.25,1.25,1.5,2.5,0.375,0,1154631183800373248
0.0,0.0,0.0,0.0,0.0,1.0,0.0,0.0,9892.0,997.0,7151.0,0.0,0.0,0.0,0.0,0.0,1.0,1.0,0.0,0.0,0.0,0.0,0.0,0.0,0.0,0.0,0.0,0.0,5373.0,0.0,0.0,0.0,0.0,0.0,0.0,0.0,1.0,0.0,0.0,0,1154637880610746368
11.5,0.0,0.0,0.0,1.0,0.5,11.5,0.0,10470.5,77.5,5019.5,0.0,0.0,0.0,0.0,0.0,0.5,0.5,11.5,0.0,0.0,11.5,0.0,0.0,0.0,0.0,0.0,0.0,119.0,0.5,0.5,0.5,0.0,0.0,13.5,0.5,0.5,1.0,0.0,1,1155088061789569024
0.0,0.0,0.0,0.0,0.0,1.0,0.0,0.0,8627.0,61.0,6192.0,0.0,0.0,0.0,0.0,0.0,1.0,1.0,0.0,0.0,0.0,0.0,0.0,0.0,0.0,0.0,0.0,0.0,2020.0,0.0,0.0,0.0,0.0,0.0,0.0,0.0,1.0,0.0,0.0,0,1155900416773836800
1.0,0.0,0.0,0.0,1.0,1.0,1.0,0.0,327.0,6.0,7.0,0.0,0.0,0.0,0.0,0.0,1.0,1.0,1.0,0.0,0.0,1.0,0.0,0.0,0.0,0.0,0.0,0.0,3.0,0.0,0.0,0.0,0.0,0.0,1.0,0.0,1.0,1.0,0.0,1,1155999615620157440
1.0,0.0,0.0,0.0,1.0,1.0,1.0,0.0,3117.0,15953.0,327.0,0.0,0.0,0.0,0.0,0.0,1.0,1.0,1.0,0.0,0.0,1.0,0.0,0.0,0.0,0.0,0.0,0.0,144.0,0.0,0.0,0.0,0.0,0.0,1.0,0.0,1.0,8.0,0.0,1,1156414078580133888
0.0,0.0,0.0,0.0,0.0,1.0,0.0,0.0,871.75,679.75,5513.25,0.0,0.0,0.0,0.0,0.0,1.0,1.0,0.0,0.0,0.0,0.0,0.0,0.0,0.0,0.0,0.0,0.0,949.5,0.0,0.0,0.0,0.0,0.0,0.0,0.0,1.0,0.0,0.0,0,1156467652974342144
0.0,0.0,0.0,0.0,0.0,0.5,0.0,0.0,1098.0,68.5,1292.0,0.0,0.0,0.0,0.0,0.0,0.5,0.5,0.0,0.0,0.0,0.0,0.0,0.0,0.0,0.0,0.0,0.0,379.5,0.5,0.5,0.5,0.0,0.0,0.0,0.5,0.5,0.0,0.0,0,1156758594600284160
0.14285714285714285,0.0,0.2857142857142857,0.0,0.42857142857142855,1.4285714285714286,0.047619047619047616,0.0,11935.285714285714,261.14285714285717,26129.0,0.0,0.0,0.0,0.0,0.0,1.2857142857142858,0.6785714285714286,0.14285714285714285,0.0,0.0,0.047619047619047616,0.14285714285714285,0.03571428571428571,0.0,0.0,0.0,0.0,2366.285714285714,1.2857142857142858,1.2857142857142858,0.5714285714285714,0.0,0.0,0.42857142857142855,1.1428571428571428,1.1428571428571428,6.142857142857143,0.14285714285714285,0,1157453574419460096
0.0,0.0,0.0,0.0,0.0,0.5,0.0,0.0,26449.0,90.0,1621.5,0.0,0.0,0.0,0.0,0.0,0.5,0.5,0.0,0.0,0.0,0.0,0.0,0.0,0.0,0.0,0.0,0.0,194.0,0.5,0.5,0.5,0.0,0.0,0.0,0.5,0.5,0.0,0.0,0,1157810188783390720
0.0,0.0,1.0,1.0,0.0,3.0,0.0,0.0,37778.5,446.5,27088.0,3.0,1.0,1.0,2.0,2.0,1.0,0.375,0.0,1.0,1.0,0.0,2.0,0.625,0.0,1.0,1.0,0.0,2634.5,3.0,1.0,0.375,2.0,0.625,0.0,1.0,1.0,0.0,0.0,0,1159223757680914432
0.0,0.0,0.0,0.0,0.0,0.0,0.0,0.0,103148.5,151.5,1348.5,0.0,0.0,0.0,0.0,0.0,0.0,0.0,0.0,0.0,0.0,0.0,0.0,0.0,0.0,0.0,0.0,0.0,842.0,0.0,0.0,0.0,0.0,0.0,0.0,0.5,0.5,0.0,0.5,0,1159386710598402048
0.5,0.0,0.5,0.0,0.5,2.0,0.16666666666666666,0.0,4252.0,445.0,12366.5,0.0,0.0,0.0,0.0,0.0,2.0,1.0,0.5,0.0,0.0,0.16666666666666666,0.0,0.0,0.0,0.0,0.0,0.0,2543.0,1.5,1.5,0.5,0.0,0.0,0.5,1.0,1.5,13.5,0.0,0,1159515118229397504
9.8,0.0,0.4,0.0,1.0,0.8,6.3,0.2,2721.6,668.6,26108.2,0.0,0.0,0.0,0.0,0.0,0.8,0.6,9.8,0.0,0.0,6.3,0.0,0.0,0.0,0.0,0.0,0.0,7101.0,0.8,0.8,0.8,0.0,0.0,10.2,0.8,0.8,5.0,0.0,1,1159559695544299520
6.0,0.0,0.0,0.0,1.0,1.0,6.0,0.0,3040.0,548.0,14006.0,0.0,0.0,0.0,0.0,0.0,1.0,1.0,6.0,0.0,0.0,6.0,0.0,0.0,0.0,0.0,0.0,0.0,3296.0,0.0,0.0,0.0,0.0,0.0,6.0,0.0,1.0,10.0,0.0,1,1159585512882143232
0.0,0.0,0.0,0.0,0.0,2.3333333333333335,0.0,0.0,7880.333333333333,92.66666666666667,3914.6666666666665,1.0,0.6666666666666666,0.6666666666666666,0.3333333333333333,0.3333333333333333,2.0,0.2857142857142857,0.0,0.3333333333333333,0.1111111111111111,0.0,0.3333333333333333,0.047619047619047596,0.0,0.3333333333333333,0.3333333333333333,0.0,684.0,1.6666666666666667,1.3333333333333333,0.5555555555555555,0.3333333333333333,0.1111111111111111,0.0,0.6666666666666666,1.3333333333333333,0.0,0.3333333333333333,0,1160347476902006784
0.0,0.0,0.0,0.0,0.0,1.0,0.0,0.0,13862.0,17.0,23977.0,0.0,0.0,0.0,0.0,0.0,1.0,1.0,0.0,0.0,0.0,0.0,0.0,0.0,0.0,0.0,0.0,0.0,148.0,1.0,1.0,1.0,0.0,0.0,0.0,1.0,1.0,0.0,0.0,0,1160414289270632448
0.0,0.0,0.0,0.0,0.0,1.0,0.0,0.0,5275.333333333333,2263.3333333333335,14419.333333333334,0.0,0.0,0.0,0.0,0.0,1.0,0.3333333333333333,0.0,0.0,0.0,0.0,0.0,0.0,0.0,0.0,0.0,0.0,1960.0,1.0,1.0,0.6666666666666666,0.0,0.0,0.0,0.6666666666666666,0.6666666666666666,0.0,0.0,0,1160685224867364864
0.0,0.0,0.0,0.0,0.0,0.6666666666666666,0.0,0.0,33024.666666666664,44.333333333333336,2998.6666666666665,0.0,0.0,0.0,0.0,0.0,0.6666666666666666,0.6666666666666666,0.0,0.0,0.0,0.0,0.0,0.0,0.0,0.0,0.0,0.0,286.0,0.3333333333333333,0.3333333333333333,0.3333333333333333,0.0,0.0,0.0,0.3333333333333333,0.6666666666666666,0.0,0.0,0,1160687030888706048
2.5,0.0,0.5,0.0,1.0,2.0,1.25,0.0,14219.5,137.0,20038.5,0.0,0.0,0.0,0.0,0.0,2.0,1.0,2.5,0.0,0.0,1.25,0.0,0.0,0.0,0.0,0.0,0.0,5649.5,1.0,1.0,0.5,0.0,0.0,2.5,1.0,2.0,7.0,0.0,1,1160855446715092992
0.0,0.0,0.0,0.0,0.0,0.6666666666666666,0.0,0.16666666666666666,1621.6666666666667,818.3333333333334,7403.333333333333,0.0,0.0,0.0,0.0,0.0,0.6666666666666666,0.5,0.0,0.0,0.0,0.0,0.0,0.0,0.0,0.0,0.0,0.0,3462.5,0.5,0.5,0.5,0.0,0.0,0.0,0.5,0.6666666666666666,0.0,0.0,0,1161274434586574848
0.5,0.0,0.0,0.0,0.5,1.0,0.5,0.5,5755.5,143.0,12474.5,0.0,0.0,0.0,0.0,0.0,1.0,1.0,0.5,0.0,0.0,0.5,0.0,0.0,0.0,0.0,0.0,0.0,97.5,0.0,0.0,0.0,0.0,0.0,0.5,0.0,1.0,5.5,0.0,0,1161351608429625344
0.0,0.0,1.0,0.0,0.0,4.0,0.0,0.0,2550.0,4088.0,16012.5,0.0,0.0,0.0,0.0,0.0,4.0,1.0,0.0,0.0,0.0,0.0,0.0,0.0,0.0,0.0,0.0,0.0,7348.0,3.5,3.5,1.0,0.0,0.0,0.0,1.0,1.5,0.0,0.0,0,1161367022081286144
0.0,0.0,0.0,0.0,0.0,3.0,0.0,0.0,400190.0,228.0,134.0,0.0,0.0,0.0,0.0,0.0,2.0,0.6666666666666666,0.0,0.0,0.0,0.0,1.0,0.3333333333333333,0.0,0.0,0.0,0.0,1019.0,0.0,0.0,0.0,0.0,0.0,0.0,0.0,3.0,0.0,0.0,0,1161394357018984448
0.0,0.0,0.0,0.0,0.0,1.3333333333333333,0.0,0.3333333333333333,1832.6666666666667,274.0,7590.0,0.0,0.0,0.0,0.0,0.0,1.3333333333333333,1.0,0.0,0.0,0.0,0.0,0.0,0.0,0.0,0.0,0.0,0.0,3472.6666666666665,0.0,0.0,0.0,0.0,0.0,0.0,0.0,1.3333333333333333,0.0,0.0,0,1161504489703194624
0.0,0.0,0.0,0.0,0.0,1.75,0.0,0.0,5951.0,95.0,12137.5,0.0,0.0,0.0,0.0,0.0,1.75,1.0,0.0,0.0,0.0,0.0,0.0,0.0,0.0,0.0,0.0,0.0,900.75,0.5,0.5,0.25,0.0,0.0,0.0,0.25,1.0,0.0,0.0,0,1161768321448910848
0.0,0.0,1.0,0.0,0.0,1.5,0.0,0.0,351875.5,576.0,6222.0,0.0,0.0,0.0,0.0,0.0,1.5,1.0,0.0,0.0,0.0,0.0,0.0,0.0,0.0,0.0,0.0,0.0,193.5,1.0,1.0,1.0,0.0,0.0,0.0,1.0,1.5,0.0,0.0,0,1161834111133155329
0.0,0.0,1.0,0.0,0.0,1.0,0.0,0.0,4877.5,25204.0,10414.5,0.0,0.0,0.0,0.0,0.0,1.0,1.0,0.0,0.0,0.0,0.0,0.0,0.0,0.0,0.0,0.0,0.0,196.0,1.0,1.0,1.0,0.0,0.0,0.0,1.0,1.0,0.0,0.0,0,1162188993182695424
0.0,0.0,1.3333333333333333,0.0,0.0,8.333333333333334,0.0,0.3333333333333333,24854.0,27782.333333333332,4325.0,3.3333333333333335,1.6666666666666667,1.6666666666666667,1.6666666666666667,1.6666666666666667,6.666666666666667,0.8484848484848485,0.0,0.3333333333333333,0.2777777777777778,0.0,1.6666666666666667,0.1515151515151515,0.0,0.3333333333333333,0.3333333333333333,0.0,2019.6666666666667,8.333333333333334,6.666666666666667,0.8333333333333334,1.6666666666666667,0.16666666666666666,0.0,1.6666666666666667,1.6666666666666667,0.0,0.3333333333333333,0,1162257615913467904
0.0,0.0,0.0,0.0,0.0,0.6666666666666666,0.0,0.0,17691.666666666668,23.666666666666668,11932.0,0.0,0.0,0.0,0.0,0.0,0.3333333333333333,0.16666666666666666,0.0,0.0,0.0,0.0,0.3333333333333333,0.16666666666666666,0.0,0.0,0.0,0.0,208.0,0.3333333333333333,0.3333333333333333,0.3333333333333333,0.0,0.0,0.0,0.6666666666666666,0.6666666666666666,0.0,0.3333333333333333,0,1162527278816165888
0.0,0.0,0.6666666666666666,0.3333333333333333,0.0,1.0,0.0,0.3333333333333333,13292.333333333334,85.33333333333333,7524.0,0.0,0.3333333333333333,0.0,0.3333333333333333,0.0,1.0,0.6666666666666666,0.0,0.16666666666666666,0.0,0.0,0.0,0.0,0.0,0.3333333333333333,0.0,0.0,1538.0,1.6666666666666667,1.3333333333333333,0.8888888888888888,0.3333333333333333,0.1111111111111111,0.0,1.3333333333333333,1.3333333333333333,0.0,0.0,0,1162626868445327360
0.0,0.0,0.0,0.0,0.0,8.0,0.0,0.0,15248.0,315.0,15855.0,0.0,0.0,0.0,0.0,0.0,8.0,1.0,0.0,0.0,0.0,0.0,0.0,0.0,0.0,0.0,0.0,0.0,1171.0,0.0,0.0,0.0,0.0,0.0,0.0,0.0,2.0,0.0,0.0,0,1162968975672778752
2.0,0.0,0.0,0.0,1.0,1.0,2.0,0.0,265737.0,183.0,8060.0,0.0,0.0,0.0,0.0,0.0,1.0,1.0,2.0,0.0,0.0,2.0,0.0,0.0,0.0,0.0,0.0,0.0,952.0,0.0,0.0,0.0,0.0,0.0,2.0,0.0,1.0,9.0,0.0,0,1163561219811172352
0.0,0.0,0.0,0.0,0.0,1.5,0.0,0.0,3333.0,79.0,15179.0,0.0,0.0,0.0,0.0,0.0,1.5,1.0,0.0,0.0,0.0,0.0,0.0,0.0,0.0,0.0,0.0,0.0,204.0,0.5,0.5,0.5,0.0,0.0,0.0,0.5,1.5,0.0,0.0,0,1163626828175691776
0.0,0.0,0.0,0.0,0.0,1.0,0.0,0.0,11825.0,180.0,29.0,0.0,0.0,0.0,0.0,0.0,1.0,1.0,0.0,0.0,0.0,0.0,0.0,0.0,0.0,0.0,0.0,0.0,294.0,0.0,0.0,0.0,0.0,0.0,0.0,0.0,1.0,0.0,0.0,0,1163980691873357824
0.0,0.0,0.0,0.0,0.0,1.0,0.0,0.0,17237.0,54.0,2046.0,0.0,0.0,0.0,0.0,0.0,1.0,1.0,0.0,0.0,0.0,0.0,0.0,0.0,0.0,0.0,0.0,0.0,426.0,0.0,0.0,0.0,0.0,0.0,0.0,0.0,1.0,0.0,0.0,0,1164091195023306752
0.0,0.0,1.0,0.0,0.0,6.0,0.0,0.0,11031.0,2022.3333333333333,9433.666666666666,0.0,0.0,0.0,0.0,0.0,5.666666666666667,0.6458333333333334,0.0,0.0,0.0,0.0,0.3333333333333333,0.020833333333333332,0.0,0.0,0.0,0.0,4274.666666666667,2.6666666666666665,2.3333333333333335,0.6,0.3333333333333333,0.06666666666666667,0.0,2.3333333333333335,5.0,0.0,0.3333333333333333,0,1164828038630879232
0.0,0.0,0.0,0.0,0.0,0.6666666666666666,0.0,0.0,4336.666666666667,381.6666666666667,9860.666666666666,0.0,0.0,0.0,0.0,0.0,0.6666666666666666,0.3333333333333333,0.0,0.0,0.0,0.0,0.0,0.0,0.0,0.0,0.0,0.0,803.3333333333334,0.6666666666666666,0.6666666666666666,0.6666666666666666,0.0,0.0,0.0,0.6666666666666666,0.6666666666666666,0.0,0.0,0,1164855192760602624
0.0,0.0,0.0,0.0,1.5,0.0,0.0,0.5,71591.0,542.0,7670.0,0.0,0.0,0.0,0.0,0.0,0.0,0.0,0.0,0.0,0.0,0.0,0.0,0.0,0.0,0.0,0.0,0.0,28680.0,2.0,1.5,0.375,0.5,0.125,3.5,1.5,1.5,10.5,0.5,1,1165086499860275200
0.0,0.0,0.5,0.0,0.0,1.0,0.0,0.0,12941.75,94.0,5369.75,0.0,0.0,0.0,0.0,0.0,1.0,0.75,0.0,0.0,0.0,0.0,0.0,0.0,0.0,0.0,0.0,0.0,185.5,0.75,0.75,0.75,0.0,0.0,0.0,1.0,1.25,0.0,0.25,0,1165174042676912128
1.2,0.1,0.6,0.2,1.4,2.0,0.9,0.0,43299.8,1162.6,21832.2,0.6,0.0,0.2,0.0,0.4,1.6,0.7333333333333333,1.4,0.0,0.05,0.9,0.4,0.06666666666666667,0.2,0.0,0.2,0.1,24558.4,3.2,2.4,0.5880952380952381,0.8,0.21190476190476187,2.4,3.0,1.8,9.0,0.4,0,1165783210110701568
0.0,0.0,0.0,0.0,0.6666666666666666,1.0,0.0,0.0,33938.333333333336,402.0,3006.3333333333335,0.0,0.0,0.0,0.0,0.0,1.0,0.3333333333333333,0.0,0.0,0.0,0.0,0.0,0.0,0.0,0.0,0.0,0.0,16588.333333333332,1.6666666666666667,1.3333333333333333,0.5833333333333334,0.3333333333333333,0.08333333333333333,1.3333333333333333,1.6666666666666667,1.3333333333333333,6.0,0.6666666666666666,0,1165856327927750656
0.0,0.0,0.0,0.0,0.0,1.0,0.0,0.0,3313.0,972.0,2188.0,0.0,0.0,0.0,0.0,0.0,1.0,1.0,0.0,0.0,0.0,0.0,0.0,0.0,0.0,0.0,0.0,0.0,3068.0,0.0,0.0,0.0,0.0,0.0,0.0,0.0,1.0,0.0,0.0,0,1165888095896649728
0.5,0.0,0.0,0.0,1.0,1.0,1.0,0.0,525764.0,150.0,701.0,0.0,0.0,0.0,0.0,0.0,1.0,1.0,1.0,0.0,0.0,1.0,0.0,0.0,0.0,0.0,0.0,0.0,1092.0,0.5,0.5,0.5,0.0,0.0,1.0,0.5,1.0,5.5,0.0,0,1166111009145245696
0.0,0.0,0.0,0.0,0.0,0.5,0.0,0.0,8332.5,27.5,1767.5,0.0,0.0,0.0,0.0,0.0,0.5,0.5,0.0,0.0,0.0,0.0,0.0,0.0,0.0,0.0,0.0,0.0,145.0,0.5,0.5,0.5,0.0,0.0,0.0,0.5,0.5,0.0,0.0,0,1166131397384433664
1.0,0.4,0.4,0.0,1.6,1.0,0.8666666666666666,0.0,11290.4,6033.6,25600.8,0.4,0.2,0.2,0.2,0.2,0.6,0.4666666666666666,1.0,0.2,0.2,1.0,0.4,0.13333333333333333,0.4,0.2,0.1,0.2,3714.4,1.0,0.8,0.5,0.2,0.1,3.2,1.0,0.8,14.2,0.4,1,1166274181290512384
1.0,0.0,0.0,0.0,1.0,5.0,0.2,0.0,134.0,115.0,5534.0,0.0,0.0,0.0,0.0,0.0,5.0,1.0,1.0,0.0,0.0,0.2,0.0,0.0,0.0,0.0,0.0,0.0,2392.0,0.0,0.0,0.0,0.0,0.0,1.0,0.0,1.0,3.0,0.0,1,1166565010009370624
0.42857142857142855,0.0,0.0,0.14285714285714285,0.7142857142857143,1.7142857142857142,0.32142857142857145,0.14285714285714285,25716.285714285714,525.2857142857143,16937.285714285714,0.2857142857142857,0.14285714285714285,0.14285714285714285,0.14285714285714285,0.14285714285714285,1.1428571428571428,0.4404761904761905,0.42857142857142855,0.14285714285714285,0.028571428571428574,0.42857142857142855,0.5714285714285714,0.13095238095238096,0.0,0.14285714285714285,0.14285714285714285,0.0,7206.571428571428,1.2857142857142858,1.0,0.5952380952380951,0.2857142857142857,0.11904761904761904,0.7142857142857143,1.1428571428571428,1.4285714285714286,5.857142857142857,0.14285714285714285,0,1166952370773897216
0.0,0.0,0.0,0.0,0.0,8.0,0.0,0.0,3051.5,2324.0,40457.5,0.0,0.0,0.0,0.0,0.0,8.0,1.0,0.0,0.0,0.0,0.0,0.0,0.0,0.0,0.0,0.0,0.0,18092.5,0.0,0.0,0.0,0.0,0.0,0.0,0.0,1.0,0.0,0.0,0,1166993514807304192
0.0,0.0,0.0,0.0,0.0,1.0,0.0,0.0,1086.0,379.0,5277.0,0.0,0.0,0.0,0.0,0.0,1.0,1.0,0.0,0.0,0.0,0.0,0.0,0.0,0.0,0.0,0.0,0.0,947.0,0.0,0.0,0.0,0.0,0.0,0.0,0.0,1.0,0.0,0.0,0,1167324347300724736
0.0,0.0,0.0,1.0,0.0,1.0,0.0,0.0,11322.0,38.0,2157.5,1.0,0.5,0.5,0.5,0.5,0.5,0.25,0.0,0.25,0.5,0.0,0.5,0.25,0.0,0.5,0.5,0.0,102.0,1.5,1.0,0.3333333333333333,0.5,0.16666666666666666,0.0,1.5,1.0,0.0,0.0,0,1167671471288844288
7.0,0.0,0.0,0.0,1.0,1.0,7.0,0.0,252.0,104.0,670.0,0.0,0.0,0.0,0.0,0.0,1.0,1.0,7.0,0.0,0.0,7.0,0.0,0.0,0.0,0.0,0.0,0.0,715.0,0.0,0.0,0.0,0.0,0.0,7.0,0.0,1.0,0.0,0.0,1,1167693037900857344
0.6666666666666666,0.0,0.3333333333333333,0.0,0.3333333333333333,1.0,0.6666666666666666,0.0,2393.6666666666665,1649.0,26985.666666666668,0.0,0.0,0.0,0.0,0.0,1.0,1.0,0.6666666666666666,0.0,0.0,0.6666666666666666,0.0,0.0,0.0,0.0,0.0,0.0,16430.333333333332,0.6666666666666666,0.6666666666666666,0.3333333333333333,0.0,0.0,0.6666666666666666,0.3333333333333333,1.0,4.0,0.0,0,1167724898471256064
0.0,0.0,0.0,0.0,0.0,1.2,0.0,0.4,15051.2,13327.8,37593.4,0.0,0.0,0.0,0.0,0.0,1.0,0.35,0.0,0.0,0.0,0.0,0.2,0.05,0.0,0.0,0.0,0.0,1695.8,1.6,1.2,0.4666666666666666,0.4,0.13333333333333333,0.0,1.4,1.2,0.0,0.6,0,1167795973586853888
0.0,0.0,0.0,0.0,0.0,1.0,0.0,0.0,8627.0,61.0,6192.0,0.0,0.0,0.0,0.0,0.0,1.0,1.0,0.0,0.0,0.0,0.0,0.0,0.0,0.0,0.0,0.0,0.0,2020.0,0.0,0.0,0.0,0.0,0.0,0.0,0.0,1.0,0.0,0.0,0,1168346839330738176
0.0,0.0,0.0,0.0,0.6666666666666666,0.0,0.0,0.0,55197.0,402.3333333333333,10364.0,0.0,0.0,0.0,0.0,0.0,0.0,0.0,0.0,0.0,0.0,0.0,0.0,0.0,0.0,0.0,0.0,0.0,3596.3333333333335,0.6666666666666666,0.6666666666666666,0.6666666666666666,0.0,0.0,1.0,0.6666666666666666,0.3333333333333333,12.333333333333334,0.0,0,1168674303898976256
0.0,0.0,0.0,0.0,1.0,0.0,0.0,0.0,22105.0,560.0,4280.0,0.0,0.0,0.0,0.0,0.0,0.0,0.0,0.0,0.0,0.0,0.0,0.0,0.0,0.0,0.0,0.0,0.0,2170.0,3.0,1.0,0.3333333333333333,2.0,0.6666666666666666,1.0,3.0,0.0,0.0,1.0,1,1168806492346982400
0.0,0.0,0.0,0.0,0.0,2.0,0.0,0.0,22010.0,225.0,2857.0,0.0,0.0,0.0,0.0,0.0,2.0,1.0,0.0,0.0,0.0,0.0,0.0,0.0,0.0,0.0,0.0,0.0,1233.0,0.0,0.0,0.0,0.0,0.0,0.0,0.0,2.0,0.0,0.0,0,1169050854352097280
0.6666666666666666,0.0,0.3333333333333333,0.0,1.0,0.6666666666666666,0.6666666666666666,0.6666666666666666,32315.0,134.33333333333334,6206.0,0.0,0.0,0.0,0.0,0.0,0.6666666666666666,0.6666666666666666,0.6666666666666666,0.0,0.0,0.6666666666666666,0.0,0.0,0.0,0.0,0.0,0.0,967.3333333333334,0.6666666666666666,0.6666666666666666,0.6666666666666666,0.0,0.0,1.0,1.0,1.0,4.0,0.3333333333333333,1,1169358143893966848
1.0,0.0,0.0,0.0,2.0,2.0,1.0,0.0,26498.0,96.0,1069.0,0.0,0.0,0.0,0.0,0.0,2.0,1.0,2.0,0.0,0.0,1.0,0.0,0.0,0.0,0.0,0.0,0.0,1910.0,0.0,0.0,0.0,0.0,0.0,2.0,0.0,2.0,4.0,0.0,1,1169427455535419392
0.0,0.0,0.0,0.0,0.0,0.5,0.0,0.0,190398.0,1328.0,8857.5,0.0,0.0,0.0,0.0,0.0,0.5,0.5,0.0,0.0,0.0,0.0,0.0,0.0,0.0,0.0,0.0,0.0,9094.5,1.0,1.0,0.5,0.0,0.0,0.0,1.0,0.5,0.0,0.0,0,1169489874899066880
0.0,0.0,0.0,0.0,2.0,0.0,0.0,0.0,8669.0,50.0,596.0,0.0,1.0,0.0,1.0,0.0,0.0,0.0,0.0,1.0,0.0,0.0,0.0,0.0,0.0,1.0,0.0,0.0,443.0,2.0,1.0,0.5,1.0,0.5,3.0,1.0,1.0,10.0,1.0,1,1169494844386037760
0.0,0.0,0.0,0.0,0.0,0.0,0.0,0.0,1025.0,118.0,596.0,0.0,0.0,0.0,0.0,0.0,0.0,0.0,0.0,0.0,0.0,0.0,0.0,0.0,0.0,0.0,0.0,0.0,30.0,0.0,0.0,0.0,0.0,0.0,0.0,0.0,1.0,0.0,0.0,0,1169509008340873216
0.0,0.0,0.0,0.0,0.0,2.0,0.0,0.0,496084.0,336.0,2305.0,0.0,0.0,0.0,0.0,0.0,2.0,1.0,0.0,0.0,0.0,0.0,0.0,0.0,0.0,0.0,0.0,0.0,32546.0,1.0,1.0,1.0,0.0,0.0,0.0,1.0,2.0,0.0,0.0,0,1170173033755934720
0.0,0.0,0.0,0.0,0.0,1.3333333333333333,0.0,0.0,4361.666666666667,131.66666666666666,2545.6666666666665,1.0,0.6666666666666666,0.6666666666666666,0.3333333333333333,0.3333333333333333,1.0,0.5555555555555555,0.0,0.3333333333333333,0.3333333333333333,0.0,0.3333333333333333,0.1111111111111111,0.0,0.3333333333333333,0.3333333333333333,0.0,761.6666666666666,1.0,0.6666666666666666,0.2222222222222222,0.3333333333333333,0.1111111111111111,0.0,0.3333333333333333,0.6666666666666666,0.0,0.3333333333333333,0,1170465736184012800
0.0,0.0,0.0,0.14285714285714285,0.0,1.4285714285714286,0.0,0.07142857142857142,8665.5,173.78571428571428,9587.5,0.35714285714285715,0.07142857142857142,0.21428571428571427,0.07142857142857142,0.14285714285714285,1.1428571428571428,0.5969387755102041,0.0,0.03571428571428571,0.09523809523809523,0.0,0.2857142857142857,0.1173469387755102,0.0,0.07142857142857142,0.14285714285714285,0.0,832.5,0.35714285714285715,0.2857142857142857,0.19047619047619047,0.07142857142857142,0.023809523809523808,0.0,0.5,1.2857142857142858,0.0,0.14285714285714285,0,1170556890108088320
0.0,0.0,0.3333333333333333,0.0,0.0,0.3333333333333333,0.0,0.0,12890.0,236.66666666666666,12594.333333333334,0.0,0.0,0.0,0.0,0.0,0.3333333333333333,0.3333333333333333,0.0,0.0,0.0,0.0,0.0,0.0,0.0,0.0,0.0,0.0,357.3333333333333,1.0,1.0,0.6666666666666666,0.0,0.0,0.0,1.0,0.3333333333333333,0.0,0.3333333333333333,0,1170871500140666880
0.0,0.0,0.0,0.0,0.0,1.0,0.0,0.0,80803.0,195.5,17337.5,0.0,0.0,0.0,0.0,0.0,1.0,0.5,0.0,0.0,0.0,0.0,0.0,0.0,0.0,0.0,0.0,0.0,5358.5,0.5,0.5,0.5,0.0,0.0,0.0,0.5,1.0,0.0,0.0,0,1170976393530941440
3.0952380952380953,0.5238095238095238,1.0,0.42857142857142855,1.2857142857142858,3.4285714285714284,1.207142857142857,0.0,21528.428571428572,453.57142857142856,25172.714285714286,1.5714285714285714,1.4285714285714286,1.1428571428571428,0.8571428571428571,0.42857142857142855,2.857142857142857,0.7464285714285713,5.0,0.5357142857142857,0.2448979591836735,1.2534013605442176,0.5714285714285714,0.11071428571428572,0.7142857142857143,0.6428571428571429,0.35714285714285715,0.5714285714285714,8185.285714285715,3.4285714285714284,2.4285714285714284,0.7357142857142858,1.0,0.2642857142857143,5.857142857142857,1.5714285714285714,1.8571428571428572,12.571428571428571,0.35714285714285715,1,1171065124103041024
0.0,0.0,0.0,0.0,0.0,3.0,0.0,0.0,859.0,27.0,5588.0,0.0,0.0,0.0,0.0,0.0,3.0,1.0,0.0,0.0,0.0,0.0,0.0,0.0,0.0,0.0,0.0,0.0,2432.0,0.0,0.0,0.0,0.0,0.0,0.0,0.0,2.0,0.0,0.0,0,1171237779695689728
0.3333333333333333,0.0,0.0,0.0,0.3333333333333333,1.0,0.3333333333333333,0.0,9676.0,81.66666666666667,6021.0,0.0,0.0,0.0,0.0,0.0,1.0,1.0,0.3333333333333333,0.0,0.0,0.3333333333333333,0.0,0.0,0.0,0.0,0.0,0.0,191.66666666666666,0.0,0.0,0.0,0.0,0.0,0.3333333333333333,0.0,1.0,2.0,0.0,0,1171260118231326721
0.0,0.0,0.25,0.125,0.0,1.125,0.0,0.375,6606.875,166.25,9667.375,0.0,0.125,0.0,0.125,0.0,1.0,0.234375,0.0,0.0625,0.0,0.0,0.125,0.015625,0.0,0.125,0.0,0.0,2882.875,1.25,1.125,0.8333333333333334,0.125,0.041666666666666664,0.0,1.125,1.125,0.0,0.125,0,1171278643926863872
0.2,0.0,0.0,0.0,0.2,3.0,0.2,0.2,37625.0,748.2,23274.6,0.4,0.0,0.2,0.0,0.2,2.6,0.5555555555555556,0.2,0.0,0.02857142857142856,0.2,0.4,0.04444444444444444,0.0,0.0,0.1,0.0,20377.8,1.2,1.2,0.8,0.0,0.0,0.2,1.2,2.4,1.0,0.0,0,1171707907222761472
0.0,0.0,0.6666666666666666,0.0,0.0,19.333333333333332,0.0,0.0,6461.333333333333,173.33333333333334,12689.333333333334,0.0,0.0,0.0,0.0,0.0,19.333333333333332,1.0,0.0,0.0,0.0,0.0,0.0,0.0,0.0,0.0,0.0,0.0,1178.3333333333333,2.6666666666666665,2.3333333333333335,0.5555555555555555,0.3333333333333333,0.1111111111111111,0.0,1.0,1.3333333333333333,0.0,0.3333333333333333,0,1172294545229434880
5.0,0.0,0.0,0.0,1.0,0.5,5.0,0.5,5135.5,145.0,4840.0,0.0,0.0,0.0,0.0,0.0,0.5,0.5,5.0,0.0,0.0,5.0,0.0,0.0,0.0,0.0,0.0,0.0,159.0,0.5,0.5,0.5,0.0,0.0,5.5,0.5,0.5,15.0,0.0,1,1173253347336237056
0.0,0.0,0.0,0.0,1.0,0.0,0.0,1.0,423.0,110.0,27944.0,0.0,0.0,0.0,0.0,0.0,0.0,0.0,0.0,0.0,0.0,0.0,0.0,0.0,0.0,0.0,0.0,0.0,105.0,0.0,0.0,0.0,0.0,0.0,1.0,0.0,1.0,1.0,0.0,1,1173344250096697344
0.0,0.0,1.0,0.0,0.0,3.142857142857143,0.0,0.14285714285714285,10404.285714285714,1007.7142857142857,26117.285714285714,0.0,0.0,0.0,0.0,0.0,3.0,0.8482142857142857,0.0,0.0,0.0,0.0,0.14285714285714285,0.008928571428571428,0.0,0.0,0.0,0.0,824.5714285714286,1.5714285714285714,1.4285714285714286,0.8285714285714285,0.14285714285714285,0.028571428571428574,0.0,1.5714285714285714,2.7142857142857144,0.0,0.14285714285714285,0,1173345217597095936
6.5,0.0,0.0,0.0,0.5,8.0,2.1666666666666665,0.0,11739.5,166.0,2788.5,0.0,0.0,0.0,0.0,0.0,8.0,1.0,6.5,0.0,0.0,2.1666666666666665,0.0,0.0,0.0,0.0,0.0,0.0,278.0,2.5,2.5,0.5,0.0,0.0,6.5,2.0,2.0,5.5,0.0,0,1173457572985225216
0.0,0.0,0.0,0.0,0.0,0.0,0.0,0.0,3074.0,455.0,4805.0,0.0,0.0,0.0,0.0,0.0,0.0,0.0,0.0,0.0,0.0,0.0,0.0,0.0,0.0,0.0,0.0,0.0,1481.0,1.0,1.0,1.0,0.0,0.0,0.0,1.0,0.0,0.0,0.0,0,1173764731941654528
2.0,0.0,0.0,0.0,1.0,1.0,2.0,0.0,48971.0,385.5,75160.5,0.0,0.0,0.0,0.0,0.0,1.0,1.0,2.0,0.0,0.0,2.0,0.0,0.0,0.0,0.0,0.0,0.0,9545.0,2.0,1.0,0.25,1.0,0.25,2.0,1.5,1.0,7.0,0.5,0,1173788073822248960
2.0,0.0,0.0,0.0,1.0,1.0,2.0,0.0,2760.5,24.5,120.0,0.0,0.0,0.0,0.0,0.0,1.0,1.0,2.0,0.0,0.0,2.0,0.0,0.0,0.0,0.0,0.0,0.0,50.0,0.5,0.5,0.5,0.0,0.0,2.0,0.5,1.0,2.0,0.0,1,1173882968301883392
0.0,0.0,0.5,0.0,0.0,1.0,0.0,0.0,21041.75,375.0,8239.75,0.5,0.25,0.25,0.25,0.25,0.75,0.41666666666666663,0.0,0.25,0.125,0.0,0.25,0.08333333333333333,0.0,0.25,0.25,0.0,3398.75,2.0,1.25,0.7083333333333333,0.75,0.29166666666666663,0.0,1.5,1.0,0.0,0.5,0,1174139920647086080
0.0,0.0,0.3333333333333333,0.3333333333333333,0.0,3.6666666666666665,0.0,0.0,6609.333333333333,60.666666666666664,10309.0,2.3333333333333335,0.3333333333333333,2.0,1.6666666666666667,0.3333333333333333,3.3333333333333335,0.9523809523809524,0.0,0.3333333333333333,0.3333333333333333,0.0,0.3333333333333333,0.047619047619047596,0.0,0.3333333333333333,0.3333333333333333,0.0,1125.6666666666667,2.6666666666666665,1.0,0.38888888888888884,1.6666666666666667,0.2777777777777778,0.0,0.6666666666666666,1.0,0.0,0.0,0,1174245255768346624
1.0,0.0,0.0,0.0,1.0,0.5,1.0,0.0,39471.0,943.0,27044.5,0.0,0.0,0.0,0.0,0.0,0.5,0.5,1.0,0.0,0.0,1.0,0.0,0.0,0.0,0.0,0.0,0.0,17787.5,1.0,0.5,0.25,0.5,0.25,2.0,1.0,1.0,5.0,0.5,1,1174312914862411776
5.0,13.0,0.0,0.0,1.0,4.0,4.5,0.0,135621.0,55.0,1007.0,0.0,0.0,0.0,0.0,0.0,1.0,0.25,5.0,0.0,0.0,5.0,3.0,0.75,13.0,0.0,0.0,4.333333333333333,4564.0,1.0,1.0,1.0,0.0,0.0,18.0,1.0,2.0,2.0,0.0,0,1174852090141560832
0.0,0.0,0.0,0.0,0.0,1.5,0.0,0.0,7184.0,147.0,7797.0,0.0,0.0,0.0,0.0,0.0,1.5,0.5,0.0,0.0,0.0,0.0,0.0,0.0,0.0,0.0,0.0,0.0,414.5,1.0,1.0,0.5,0.0,0.0,0.0,0.5,1.0,0.0,0.0,0,1174867646131699712
0.0,0.0,0.0,0.0,0.0,1.0,0.0,0.0,9919.0,88.0,2609.0,0.0,0.0,0.0,0.0,0.0,1.0,1.0,0.0,0.0,0.0,0.0,0.0,0.0,0.0,0.0,0.0,0.0,1487.0,0.0,0.0,0.0,0.0,0.0,0.0,0.0,1.0,0.0,0.0,0,1174929297677389824
1.0,0.0,0.0,0.0,1.0,5.0,0.2,0.0,9335.0,249.0,5056.0,0.0,0.0,0.0,0.0,0.0,4.0,0.8,1.0,0.0,0.0,0.25,1.0,0.2,0.0,0.0,0.0,0.0,806.0,0.0,0.0,0.0,0.0,0.0,1.0,0.0,5.0,3.0,0.0,0,1174956015058567168
0.0,0.0,0.0,0.0,0.0,0.0,0.0,1.0,5747.0,52.0,2296.0,0.0,0.0,0.0,0.0,0.0,0.0,0.0,0.0,0.0,0.0,0.0,0.0,0.0,0.0,0.0,0.0,0.0,1875.0,0.0,0.0,0.0,0.0,0.0,0.0,0.0,1.0,0.0,0.0,0,1175171847919206400
0.25,0.25,0.25,0.0,0.25,1.5,0.16666666666666666,0.25,36208.5,652.75,61953.0,0.0,0.0,0.0,0.0,0.0,1.0,0.3333333333333333,0.25,0.0,0.0,0.25,0.5,0.16666666666666666,0.25,0.0,0.0,0.125,12672.25,1.5,1.5,0.75,0.0,0.0,0.5,1.25,1.25,0.5,0.0,0,1175237914666627072
0.0,0.0,0.0,0.0,0.0,1.5,0.0,0.0,1145.5,98.0,3838.0,1.5,1.0,1.0,0.5,0.5,1.0,0.3333333333333333,0.0,0.5,0.5,0.0,0.5,0.16666666666666666,0.0,0.5,0.5,0.0,1774.0,1.5,1.0,0.3333333333333333,0.5,0.16666666666666666,0.0,0.5,0.5,0.0,0.5,0,1175534682763677696
0.0,0.0,0.0,0.0,0.0,1.0,0.0,0.0,3313.0,972.0,2188.0,0.0,0.0,0.0,0.0,0.0,1.0,1.0,0.0,0.0,0.0,0.0,0.0,0.0,0.0,0.0,0.0,0.0,3068.0,0.0,0.0,0.0,0.0,0.0,0.0,0.0,1.0,0.0,0.0,0,1175799532286894080
0.0,0.0,0.0,0.0,0.0,0.5,0.0,0.5,1329.0,1505.5,11470.5,0.0,0.0,0.0,0.0,0.0,0.5,0.5,0.0,0.0,0.0,0.0,0.0,0.0,0.0,0.0,0.0,0.0,4360.0,0.5,0.5,0.5,0.0,0.0,0.0,0.5,0.5,0.0,0.0,0,1175909985952190464
0.0,0.0,0.0,0.0,0.0,0.5,0.0,0.0,2180.0,53.0,4531.0,0.0,0.0,0.0,0.0,0.0,0.5,0.5,0.0,0.0,0.0,0.0,0.0,0.0,0.0,0.0,0.0,0.0,99.5,0.5,0.5,0.5,0.0,0.0,0.0,0.5,0.5,0.0,0.0,0,1175946850696650752
0.0,0.0,0.0,0.0,0.0,1.3333333333333333,0.0,0.3333333333333333,916.0,374.3333333333333,3272.6666666666665,0.0,0.0,0.0,0.0,0.0,1.3333333333333333,0.3333333333333333,0.0,0.0,0.0,0.0,0.0,0.0,0.0,0.0,0.0,0.0,1418.3333333333333,1.3333333333333333,1.3333333333333333,0.6666666666666666,0.0,0.0,0.0,0.6666666666666666,0.6666666666666666,0.0,0.0,0,1176245201720033280
0.0,0.0,0.6666666666666666,0.0,0.0,2.0,0.0,0.0,3654.6666666666665,79.0,46461.0,1.3333333333333333,1.0,1.0,0.3333333333333333,0.3333333333333333,1.6666666666666667,0.6,0.0,0.3333333333333333,0.25,0.0,0.3333333333333333,0.06666666666666667,0.0,0.3333333333333333,0.3333333333333333,0.0,2188.3333333333335,2.0,1.6666666666666667,0.9166666666666666,0.3333333333333333,0.08333333333333333,0.0,1.0,1.0,0.0,0.3333333333333333,0,1176404479424471040
0.0,0.0,0.0,0.0,0.0,0.5,0.0,0.0,2171.0,155.0,20872.5,0.0,0.0,0.0,0.0,0.0,0.5,0.5,0.0,0.0,0.0,0.0,0.0,0.0,0.0,0.0,0.0,0.0,266.5,0.5,0.5,0.5,0.0,0.0,0.0,0.5,0.5,0.0,0.0,0,1176423855544258560
0.0,0.0,1.0,0.0,0.0,1.0,0.0,0.5,4249.0,71.0,17122.0,0.0,0.0,0.0,0.0,0.0,1.0,1.0,0.0,0.0,0.0,0.0,0.0,0.0,0.0,0.0,0.0,0.0,9587.5,1.0,1.0,1.0,0.0,0.0,0.0,1.0,1.0,0.0,0.0,0,1177065690230943744
1.75,0.0,0.0,0.0,1.5,1.0,3.0,0.0,13420.5,58.0,8923.0,0.0,0.0,0.0,0.0,0.0,1.0,1.0,3.0,0.0,0.0,3.0,0.0,0.0,0.0,0.0,0.0,0.0,406.5,0.0,0.0,0.0,0.0,0.0,3.0,0.0,1.0,9.5,0.0,1,1177434684763013120
0.0,0.0,0.0,0.0,0.0,1.0,0.0,0.25,10808.5,156.25,7061.75,0.0,0.0,0.0,0.0,0.0,1.0,1.0,0.0,0.0,0.0,0.0,0.0,0.0,0.0,0.0,0.0,0.0,257.5,0.25,0.25,0.25,0.0,0.0,0.0,0.25,1.0,0.0,0.0,0,1177470110844268544
0.0,0.0,0.0,0.0,0.0,1.0,0.0,0.0,6779.0,26.5,167.5,0.0,0.0,0.0,0.0,0.0,1.0,1.0,0.0,0.0,0.0,0.0,0.0,0.0,0.0,0.0,0.0,0.0,178.5,0.0,0.0,0.0,0.0,0.0,0.0,0.0,1.0,0.0,0.0,0,1177505698758692864
0.25,0.0,0.0,0.0,0.25,0.75,0.25,0.0,19215.0,55.5,9709.0,0.0,0.0,0.0,0.0,0.0,0.75,0.75,0.25,0.0,0.0,0.25,0.0,0.0,0.0,0.0,0.0,0.0,446.25,0.75,0.75,0.25,0.0,0.0,0.25,0.75,0.75,1.5,0.0,0,1178177738159624192
0.8333333333333334,0.0,0.16666666666666666,0.16666666666666666,0.5,1.6666666666666667,0.5416666666666666,0.0,19595.5,692.8333333333334,15080.0,0.0,0.0,0.0,0.0,0.0,1.0,0.4861111111111111,0.8333333333333334,0.0,0.0,0.6666666666666666,0.6666666666666666,0.18055555555555555,0.0,0.0,0.0,0.0,8783.0,1.1666666666666667,1.0,0.611111111111111,0.16666666666666666,0.05555555555555555,0.8333333333333334,1.3333333333333333,1.6666666666666667,3.6666666666666665,0.16666666666666666,0,1178570675292639232
1.5,0.0,0.0,0.0,1.0,1.0,1.5,0.5,3255.0,360.5,1776.0,0.0,0.0,0.0,0.0,0.0,1.0,1.0,1.5,0.0,0.0,1.5,0.0,0.0,0.0,0.0,0.0,0.0,226.0,0.0,0.0,0.0,0.0,0.0,1.5,0.0,1.0,5.0,0.0,1,1178583926424612864
0.0,0.0,0.08333333333333333,0.0,0.0,0.75,0.0,0.16666666666666666,11171.583333333334,187.91666666666666,11314.916666666666,0.0,0.0,0.0,0.0,0.0,0.75,0.6666666666666666,0.0,0.0,0.0,0.0,0.0,0.0,0.0,0.0,0.0,0.0,1106.5,0.6666666666666666,0.6666666666666666,0.5833333333333334,0.0,0.0,0.0,0.6666666666666666,0.75,0.0,0.08333333333333333,0,1178591154238050304
0.0,0.0,0.0,0.0,0.0,1.0,0.0,1.0,18245.0,211.0,859.0,0.0,0.0,0.0,0.0,0.0,1.0,1.0,0.0,0.0,0.0,0.0,0.0,0.0,0.0,0.0,0.0,0.0,485.0,0.0,0.0,0.0,0.0,0.0,0.0,0.0,1.0,0.0,0.0,0,1178861486844547072
0.3333333333333333,0.0,0.6666666666666666,0.0,0.4444444444444444,2.0,0.2222222222222222,0.0,38748.444444444445,299.6666666666667,29125.0,0.0,0.0,0.0,0.0,0.0,2.0,0.6666666666666666,0.7777777777777778,0.0,0.0,0.2222222222222222,0.0,0.0,0.0,0.0,0.0,0.0,3050.0,1.4444444444444444,1.4444444444444444,0.7777777777777778,0.0,0.0,0.7777777777777778,1.3333333333333333,1.8888888888888888,3.6666666666666665,0.0,0,1178927326902595584
1.5,0.0,0.0,0.0,0.5,0.5,1.5,0.0,8937.0,49.0,6703.0,0.0,0.0,0.0,0.0,0.0,0.5,0.5,1.5,0.0,0.0,1.5,0.0,0.0,0.0,0.0,0.0,0.0,2580.0,0.0,0.0,0.0,0.0,0.0,1.5,0.5,1.0,0.0,0.5,0,1179210206551404544
0.0,0.0,0.0,0.0,0.0,2.25,0.0,0.0,32935.5,143.5,4572.25,0.75,0.0,0.5,0.0,0.25,2.0,0.7142857142857143,0.0,0.0,0.08333333333333333,0.0,0.25,0.0357142857142857,0.0,0.0,0.25,0.0,252.75,0.25,0.25,0.25,0.0,0.0,0.0,0.25,1.5,0.0,0.0,0,1179657072758132736
0.0,0.0,0.0,0.0,0.0,0.0,0.0,0.0,5172.5,519.0,7928.0,0.0,0.0,0.0,0.0,0.0,0.0,0.0,0.0,0.0,0.0,0.0,0.0,0.0,0.0,0.0,0.0,0.0,1360.5,0.0,0.0,0.0,0.0,0.0,0.0,0.5,0.5,0.0,0.5,0,1179668668150398976
0.0,0.0,0.0,0.0,0.0,1.5,0.0,0.0,250437.0,169.0,1153.0,0.0,0.0,0.0,0.0,0.0,1.5,1.0,0.0,0.0,0.0,0.0,0.0,0.0,0.0,0.0,0.0,0.0,16274.5,0.5,0.5,0.5,0.0,0.0,0.0,0.5,1.5,0.0,0.0,0,1180058415821746176
0.0,0.0,0.0,0.0,0.0,1.0,0.0,0.0,3417.0,189.0,149.0,0.0,0.0,0.0,0.0,0.0,1.0,1.0,0.0,0.0,0.0,0.0,0.0,0.0,0.0,0.0,0.0,0.0,59.0,0.0,0.0,0.0,0.0,0.0,0.0,0.0,1.0,0.0,0.0,0,1180304109229035520
0.6875,0.25,0.25,0.125,0.5,1.875,0.46875,0.125,5822.875,1554.25,30090.0,0.25,0.25,0.125,0.125,0.125,1.5,0.6354166666666667,0.875,0.08333333333333333,0.041666666666666664,0.5416666666666666,0.375,0.11458333333333333,0.375,0.0625,0.125,0.375,6643.5,1.875,1.125,0.3875,0.75,0.1125,1.375,1.375,1.75,6.375,0.1875,0,1180317338965278720
0.2,0.0,0.4,0.2,0.4,1.6,0.05,0.0,14617.4,683.0,14708.0,0.0,0.0,0.0,0.0,0.0,1.0,0.65,0.2,0.0,0.0,0.2,0.6,0.15,0.0,0.0,0.0,0.0,7455.4,1.6,1.2,0.6333333333333333,0.4,0.16666666666666666,0.6,1.4,1.4,2.0,0.2,0,1180639864811597824
0.0,0.0,0.0,0.0,0.0,1.0,0.0,0.0,1995.0,0.0,0.0,0.0,0.0,0.0,0.0,0.0,1.0,1.0,0.0,0.0,0.0,0.0,0.0,0.0,0.0,0.0,0.0,0.0,2.0,0.0,0.0,0.0,0.0,0.0,0.0,0.0,1.0,0.0,0.0,0,1181066254816030720
0.0,0.0,0.0,0.0,0.0,2.0,0.0,0.0,9724.0,196.0,1439.0,0.0,0.0,0.0,0.0,0.0,1.0,0.5,0.0,0.0,0.0,0.0,1.0,0.5,0.0,0.0,0.0,0.0,70.0,1.0,1.0,1.0,0.0,0.0,0.0,1.0,2.0,0.0,0.0,0,1181136411290640384
0.0,0.0,0.0,0.0,0.0,0.0,0.0,1.0,2931.0,1067.0,57267.0,0.0,0.0,0.0,0.0,0.0,0.0,0.0,0.0,0.0,0.0,0.0,0.0,0.0,0.0,0.0,0.0,0.0,5068.0,1.0,1.0,1.0,0.0,0.0,0.0,1.0,0.0,0.0,0.0,0,1181354572539936768
0.0,0.0,0.0,0.0,0.3333333333333333,0.6666666666666666,0.0,0.0,7733.0,68.66666666666667,14437.333333333334,0.0,0.0,0.0,0.0,0.0,0.6666666666666666,0.6666666666666666,0.0,0.0,0.0,0.0,0.0,0.0,0.0,0.0,0.0,0.0,601.3333333333334,0.6666666666666666,0.6666666666666666,0.6666666666666666,0.0,0.0,0.3333333333333333,0.6666666666666666,0.6666666666666666,7.333333333333333,0.0,0,1181490674051522560
0.0,0.0,0.14285714285714285,0.14285714285714285,0.0,1.8571428571428572,0.0,0.0,20430.14285714286,205.0,18260.428571428572,1.0,0.14285714285714285,0.8571428571428571,0.7142857142857143,0.14285714285714285,1.7142857142857142,0.6938775510204083,0.0,0.14285714285714285,0.14285714285714285,0.0,0.14285714285714285,0.020408163265306114,0.0,0.14285714285714285,0.14285714285714285,0.0,760.5714285714286,1.5714285714285714,0.8571428571428571,0.5952380952380951,0.7142857142857143,0.11904761904761905,0.0,0.7142857142857143,0.8571428571428571,0.0,0.0,0,1181756604215922688
0.0,0.0,0.0,0.0,1.0,0.0,0.0,0.0,9901.0,15.0,730.0,0.0,0.0,0.0,0.0,0.0,0.0,0.0,0.0,0.0,0.0,0.0,0.0,0.0,0.0,0.0,0.0,0.0,307.0,2.0,2.0,1.0,0.0,0.0,1.0,1.0,1.0,7.0,0.0,1,1181848305580351488
1.0,0.0,0.0,0.0,1.0,1.0,1.0,0.0,426.0,160.0,4479.0,0.0,0.0,0.0,0.0,0.0,1.0,1.0,1.0,0.0,0.0,1.0,0.0,0.0,0.0,0.0,0.0,0.0,3704.0,0.0,0.0,0.0,0.0,0.0,1.0,0.0,1.0,1.0,0.0,1,934329487129214976
0.0,0.0,0.0,0.0,0.0,0.0,0.0,0.0,578441.0,336.0,4235.0,0.0,0.0,0.0,0.0,0.0,0.0,0.0,0.0,0.0,0.0,0.0,0.0,0.0,0.0,0.0,0.0,0.0,714.0,1.0,1.0,1.0,0.0,0.0,0.0,1.0,0.0,0.0,0.0,0,949149610885136384
1.0,0.0,0.0,0.0,1.0,0.6666666666666666,1.0,0.3333333333333333,234339.0,28484.0,9980.0,0.0,0.0,0.0,0.0,0.0,0.6666666666666666,0.6666666666666666,1.0,0.0,0.0,1.0,0.0,0.0,0.0,0.0,0.0,0.0,200.0,0.6666666666666666,0.6666666666666666,0.3333333333333333,0.0,0.0,1.3333333333333333,0.6666666666666666,0.6666666666666666,2.0,0.0,1,951236509728641024
8.0,0.0,0.0,0.0,1.0,2.0,4.0,0.0,97160.0,335763.0,407.0,0.0,0.0,0.0,0.0,0.0,2.0,1.0,8.0,0.0,0.0,4.0,0.0,0.0,0.0,0.0,0.0,0.0,825.0,0.0,0.0,0.0,0.0,0.0,8.0,0.0,2.0,3.0,0.0,1,957785592803020800
0.0,0.0,0.0,0.0,1.0,0.0,0.0,0.0,728370.0,203.0,1251.0,0.0,0.0,0.0,0.0,0.0,0.0,0.0,0.0,0.0,0.0,0.0,0.0,0.0,0.0,0.0,0.0,0.0,896.0,5.0,5.0,1.0,0.0,0.0,1.0,3.0,0.0,1.0,0.0,1,958401254873264128
0.0,0.0,0.0,0.0,0.0,1.0,0.0,0.0,1332.0,75.0,3696.0,0.0,0.0,0.0,0.0,0.0,1.0,1.0,0.0,0.0,0.0,0.0,0.0,0.0,0.0,0.0,0.0,0.0,147.0,0.0,0.0,0.0,0.0,0.0,0.0,0.0,1.0,0.0,0.0,0,958643388486467584
0.75,0.0,0.25,0.0,1.75,0.5,0.75,0.0,252623.25,194.0,19775.0,0.0,0.0,0.0,0.0,0.0,0.5,0.5,0.75,0.0,0.0,0.75,0.0,0.0,0.0,0.0,0.0,0.0,1031.5,1.0,0.5,0.3333333333333333,0.5,0.16666666666666666,3.25,1.0,0.75,15.75,0.25,1,981841413136666624
0.5,0.0,0.0,0.0,0.5,2.5,0.1,0.0,5071.0,257.0,3502.5,0.0,0.0,0.0,0.0,0.0,2.0,0.4,0.5,0.0,0.0,0.125,0.5,0.1,0.0,0.0,0.0,0.0,502.0,0.5,0.5,0.5,0.0,0.0,0.5,0.5,2.5,1.5,0.0,0,982975898804736000
0.5,0.0,0.0,0.0,0.5,3.0,0.1,0.0,4936.0,179.5,2603.0,0.0,0.0,0.0,0.0,0.0,2.5,0.9,0.5,0.0,0.0,0.125,0.5,0.1,0.0,0.0,0.0,0.0,418.0,0.0,0.0,0.0,0.0,0.0,0.5,0.5,3.0,1.5,0.5,0,987238296176463872
2.0,0.0,1.0,0.0,1.0,2.0,1.0,0.5,4453.0,43.5,667.5,0.0,0.0,0.0,0.0,0.0,2.0,1.0,2.0,0.0,0.0,1.0,0.0,0.0,0.0,0.0,0.0,0.0,103.0,1.0,1.0,1.0,0.0,0.0,2.0,1.0,2.0,8.0,0.0,1,989014494384701440
0.0,0.0,0.0,0.0,1.0,0.0,0.0,1.0,2468.0,453.0,657.0,0.0,0.0,0.0,0.0,0.0,0.0,0.0,0.0,0.0,0.0,0.0,0.0,0.0,0.0,0.0,0.0,0.0,345.0,0.0,0.0,0.0,0.0,0.0,2.0,0.0,1.0,3.0,0.0,0,990100922606993408
0.5,0.0,0.0,0.0,0.5,1.0,0.5,0.0,499699.5,390.0,2111.5,0.0,0.0,0.0,0.0,0.0,1.0,1.0,0.5,0.0,0.0,0.5,0.0,0.0,0.0,0.0,0.0,0.0,19932.0,0.0,0.0,0.0,0.0,0.0,0.5,0.0,1.0,3.5,0.0,0,990183429989871616
0.16666666666666666,0.0,0.3333333333333333,0.0,0.16666666666666666,1.8333333333333333,0.16666666666666666,0.0,118503.0,156.0,5543.166666666667,0.0,0.0,0.0,0.0,0.0,1.8333333333333333,0.8333333333333334,0.16666666666666666,0.0,0.0,0.16666666666666666,0.0,0.0,0.0,0.0,0.0,0.0,421.0,1.5,1.5,0.8333333333333334,0.0,0.0,0.16666666666666666,1.0,1.3333333333333333,0.16666666666666666,0.0,0,990362753342521344
0.0,0.0,0.0,0.0,0.0,0.6,0.0,0.0,37901.2,457.8,18255.0,0.0,0.0,0.0,0.0,0.0,0.6,0.6,0.0,0.0,0.0,0.0,0.0,0.0,0.0,0.0,0.0,0.0,295.4,0.8,0.6,0.5,0.2,0.1,0.0,0.8,0.8,0.0,0.2,0,991018949669957632
1.0,0.0,0.0,0.0,1.0,1.0,1.0,0.0,480.0,230.0,11422.0,0.0,0.0,0.0,0.0,0.0,1.0,1.0,1.0,0.0,0.0,1.0,0.0,0.0,0.0,0.0,0.0,0.0,51817.0,0.0,0.0,0.0,0.0,0.0,1.0,0.0,1.0,2.0,0.0,1,991891149956562944
0.0,0.0,0.0,0.0,1.0,0.0,0.0,0.0,247501.0,274.0,19727.0,0.0,0.0,0.0,0.0,0.0,0.0,0.0,0.0,0.0,0.0,0.0,0.0,0.0,0.0,0.0,0.0,0.0,874.0,1.0,1.0,1.0,0.0,0.0,1.0,1.0,1.0,11.0,0.0,0,995662050179371008
0.0,0.0,0.0,0.6666666666666666,0.0,3.6666666666666665,0.0,0.0,493637.3333333333,148.66666666666666,3285.0,1.3333333333333333,0.0,1.0,0.0,0.3333333333333333,3.0,0.27272727272727276,0.0,0.0,0.1111111111111111,0.0,0.6666666666666666,0.0606060606060606,0.0,0.0,0.16666666666666666,0.0,394.0,0.3333333333333333,0.3333333333333333,0.3333333333333333,0.0,0.0,0.0,1.0,3.0,0.0,0.0,0,997366810225803264
0.3333333333333333,0.16666666666666666,0.5,0.5,2.5,4.0,0.1875,0.0,52914.5,345.5,13614.5,0.0,1.0,0.0,1.5,0.0,2.0,0.25,1.0,0.25,0.0,0.25,2.0,0.25,0.5,0.375,0.0,0.125,949.5,4.5,2.5,0.75,2.0,0.25,2.5,2.5,3.5,14.0,0.25,1,999039695801720832
0.0,0.0,0.0,0.0,0.0,0.5,0.0,0.0,38100.5,224.5,1951.0,0.0,0.0,0.0,0.0,0.0,0.5,0.5,0.0,0.0,0.0,0.0,0.0,0.0,0.0,0.0,0.0,0.0,279.0,0.5,0.5,0.5,0.0,0.0,0.0,0.5,0.5,0.0,0.0,0,999836029462667264
