source,target
video_1001397703332573184,label_emotion_1001397703332573184
video_1001397703332573184,label_topic_1001397703332573184
video_1001531161459441664,label_emotion_1001531161459441664
video_1001531161459441664,label_topic_1001531161459441664
video_1001681548694978560,label_emotion_1001681548694978560
video_1001681548694978560,label_topic_1001681548694978560
video_1003042166966312960,label_emotion_1003042166966312960
video_1003042166966312960,label_topic_1003042166966312960
video_1003490149176602624,label_emotion_1003490149176602624
video_1003490149176602624,label_topic_1003490149176602624
video_1003782474029248512,label_emotion_1003782474029248512
video_1003782474029248512,label_topic_1003782474029248512
video_1004042856425508864,label_emotion_1004042856425508864
video_1004042856425508864,label_topic_1004042856425508864
video_1004191380798881792,label_emotion_1004191380798881792
video_1004191380798881792,label_topic_1004191380798881792
video_1005287795113463808,label_emotion_1005287795113463808
video_1005287795113463808,label_topic_1005287795113463808
video_1005624904525201408,label_emotion_1005624904525201408
video_1005624904525201408,label_topic_1005624904525201408
video_1006189706306084864,label_emotion_1006189706306084864
video_1006189706306084864,label_topic_1006189706306084864
video_1006225114423021568,label_emotion_1006225114423021568
video_1006225114423021568,label_topic_1006225114423021568
video_1006384270601768960,label_emotion_1006384270601768960
video_1006384270601768960,label_topic_1006384270601768960
video_1006719408925827072,label_emotion_1006719408925827072
video_1006719408925827072,label_topic_1006719408925827072
video_1007133962444914688,label_emotion_1007133962444914688
video_1007133962444914688,label_topic_1007133962444914688
video_1008090316898803712,label_emotion_1008090316898803712
video_1008090316898803712,label_topic_1008090316898803712
video_1008196651174727680,label_emotion_1008196651174727680
video_1008196651174727680,label_topic_1008196651174727680
video_1008397706999549952,label_emotion_1008397706999549952
video_1008397706999549952,label_topic_1008397706999549952
video_1009254563917803520,label_emotion_1009254563917803520
video_1009254563917803520,label_topic_1009254563917803520
video_1009707103394627584,label_emotion_1009707103394627584
video_1009707103394627584,label_topic_1009707103394627584
video_1010700490369089536,label_emotion_1010700490369089536
video_1010700490369089536,label_topic_1010700490369089536
video_1010794773910863872,label_emotion_1010794773910863872
video_1010794773910863872,label_topic_1010794773910863872
video_1010803384435216384,label_emotion_1010803384435216384
video_1010803384435216384,label_topic_1010803384435216384
video_1011871419321417728,label_emotion_1011871419321417728
video_1011871419321417728,label_topic_1011871419321417728
video_1012202601665691648,label_emotion_1012202601665691648
video_1012202601665691648,label_topic_1012202601665691648
video_1012300587720699904,label_emotion_1012300587720699904
video_1012300587720699904,label_topic_1012300587720699904
video_1012520751829598208,label_emotion_1012520751829598208
video_1012520751829598208,label_topic_1012520751829598208
video_1012670469843058688,label_emotion_1012670469843058688
video_1012670469843058688,label_topic_1012670469843058688
video_1013942839530467328,label_emotion_1013942839530467328
video_1013942839530467328,label_topic_1013942839530467328
video_1013994610969788416,label_emotion_1013994610969788416
video_1013994610969788416,label_topic_1013994610969788416
video_1014047599634104320,label_emotion_1014047599634104320
video_1014047599634104320,label_topic_1014047599634104320
video_1014296143544356864,label_emotion_1014296143544356864
video_1014296143544356864,label_topic_1014296143544356864
video_1014439802227286016,label_emotion_1014439802227286016
video_1014439802227286016,label_topic_1014439802227286016
video_1014455979091656704,label_emotion_1014455979091656704
video_1014455979091656704,label_topic_1014455979091656704
video_1014514130801008640,label_emotion_1014514130801008640
video_1014514130801008640,label_topic_1014514130801008640
video_1015742929878622208,label_emotion_1015742929878622208
video_1015742929878622208,label_topic_1015742929878622208
video_1015768740903772160,label_emotion_1015768740903772160
video_1015768740903772160,label_topic_1015768740903772160
video_1016168381583654912,label_emotion_1016168381583654912
video_1016168381583654912,label_topic_1016168381583654912
video_1016596288051306496,label_emotion_1016596288051306496
video_1016596288051306496,label_topic_1016596288051306496
video_1017316387020218368,label_emotion_1017316387020218368
video_1017316387020218368,label_topic_1017316387020218368
video_1017348591884328960,label_emotion_1017348591884328960
video_1017348591884328960,label_topic_1017348591884328960
video_1017875065444130816,label_emotion_1017875065444130816
video_1017875065444130816,label_topic_1017875065444130816
video_1017970044258377728,label_emotion_1017970044258377728
video_1017970044258377728,label_topic_1017970044258377728
video_1018345515672645632,label_emotion_1018345515672645632
video_1018345515672645632,label_topic_1018345515672645632
video_1018399483828326400,label_emotion_1018399483828326400
video_1018399483828326400,label_topic_1018399483828326400
video_1018667358321250304,label_emotion_1018667358321250304
video_1018667358321250304,label_topic_1018667358321250304
video_1018729501821399040,label_emotion_1018729501821399040
video_1018729501821399040,label_topic_1018729501821399040
video_1019009049120886784,label_emotion_1019009049120886784
video_1019009049120886784,label_topic_1019009049120886784
video_1019862122563563520,label_emotion_1019862122563563520
video_1019862122563563520,label_topic_1019862122563563520
video_1020511330580787200,label_emotion_1020511330580787200
video_1020511330580787200,label_topic_1020511330580787200
video_1020541928640507905,label_emotion_1020541928640507905
video_1020541928640507905,label_topic_1020541928640507905
video_1020817084546215936,label_emotion_1020817084546215936
video_1020817084546215936,label_topic_1020817084546215936
video_1020901686048665600,label_emotion_1020901686048665600
video_1020901686048665600,label_topic_1020901686048665600
video_1020912874765619200,label_emotion_1020912874765619200
video_1020912874765619200,label_topic_1020912874765619200
video_1020930368741761024,label_emotion_1020930368741761024
video_1020930368741761024,label_topic_1020930368741761024
video_1021214042855018496,label_emotion_1021214042855018496
video_1021214042855018496,label_topic_1021214042855018496
video_1021311568061095936,label_emotion_1021311568061095936
video_1021311568061095936,label_topic_1021311568061095936
video_1021335174224465920,label_emotion_1021335174224465920
video_1021335174224465920,label_topic_1021335174224465920
video_1021655017381584896,label_emotion_1021655017381584896
video_1021655017381584896,label_topic_1021655017381584896
video_1023091917250023424,label_emotion_1023091917250023424
video_1023091917250023424,label_topic_1023091917250023424
video_1025200529762304000,label_emotion_1025200529762304000
video_1025200529762304000,label_topic_1025200529762304000
video_1025231522179231744,label_emotion_1025231522179231744
video_1025231522179231744,label_topic_1025231522179231744
video_1025563073714483200,label_emotion_1025563073714483200
video_1025563073714483200,label_topic_1025563073714483200
video_1025583405355937792,label_emotion_1025583405355937792
video_1025583405355937792,label_topic_1025583405355937792
video_1025590120042164224,label_emotion_1025590120042164224
video_1025590120042164224,label_topic_1025590120042164224
video_1025609192838443008,label_emotion_1025609192838443008
video_1025609192838443008,label_topic_1025609192838443008
video_1026296025050148864,label_emotion_1026296025050148864
video_1026296025050148864,label_topic_1026296025050148864
video_1026658089262612480,label_emotion_1026658089262612480
video_1026658089262612480,label_topic_1026658089262612480
video_1026805374071754752,label_emotion_1026805374071754752
video_1026805374071754752,label_topic_1026805374071754752
video_1026948475654725632,label_emotion_1026948475654725632
video_1026948475654725632,label_topic_1026948475654725632
video_1027003324282654720,label_emotion_1027003324282654720
video_1027003324282654720,label_topic_1027003324282654720
video_1027371347221045248,label_emotion_1027371347221045248
video_1027371347221045248,label_topic_1027371347221045248
video_1027437650183081984,label_emotion_1027437650183081984
video_1027437650183081984,label_topic_1027437650183081984
video_1027479240444452864,label_emotion_1027479240444452864
video_1027479240444452864,label_topic_1027479240444452864
video_1027519055210438656,label_emotion_1027519055210438656
video_1027519055210438656,label_topic_1027519055210438656
video_1027733396387975168,label_emotion_1027733396387975168
video_1027733396387975168,label_topic_1027733396387975168
video_1028080834764255232,label_emotion_1028080834764255232
video_1028080834764255232,label_topic_1028080834764255232
video_1028570940705239040,label_emotion_1028570940705239040
video_1028570940705239040,label_topic_1028570940705239040
video_1030291178240856064,label_emotion_1030291178240856064
video_1030291178240856064,label_topic_1030291178240856064
video_1030470596695359488,label_emotion_1030470596695359488
video_1030470596695359488,label_topic_1030470596695359488
video_1030637312557678592,label_emotion_1030637312557678592
video_1030637312557678592,label_topic_1030637312557678592
video_1031714823689437184,label_emotion_1031714823689437184
video_1031714823689437184,label_topic_1031714823689437184
video_1032610021605056512,label_emotion_1032610021605056512
video_1032610021605056512,label_topic_1032610021605056512
video_1033243846865473536,label_emotion_1033243846865473536
video_1033243846865473536,label_topic_1033243846865473536
video_1033551391932710912,label_emotion_1033551391932710912
video_1033551391932710912,label_topic_1033551391932710912
video_1033993129051017216,label_emotion_1033993129051017216
video_1033993129051017216,label_topic_1033993129051017216
video_1034009613798187008,label_emotion_1034009613798187008
video_1034009613798187008,label_topic_1034009613798187008
video_1034325239603015680,label_emotion_1034325239603015680
video_1034325239603015680,label_topic_1034325239603015680
video_1035095956305125376,label_emotion_1035095956305125376
video_1035095956305125376,label_topic_1035095956305125376
video_1035362829223784448,label_emotion_1035362829223784448
video_1035362829223784448,label_topic_1035362829223784448
video_1035704405627965440,label_emotion_1035704405627965440
video_1035704405627965440,label_topic_1035704405627965440
video_1035709331489832960,label_emotion_1035709331489832960
video_1035709331489832960,label_topic_1035709331489832960
video_1035989830989217792,label_emotion_1035989830989217792
video_1035989830989217792,label_topic_1035989830989217792
video_1036391385047134208,label_emotion_1036391385047134208
video_1036391385047134208,label_topic_1036391385047134208
video_1036470207365230592,label_emotion_1036470207365230592
video_1036470207365230592,label_topic_1036470207365230592
video_1036776803483684864,label_emotion_1036776803483684864
video_1036776803483684864,label_topic_1036776803483684864
video_1036918934974406656,label_emotion_1036918934974406656
video_1036918934974406656,label_topic_1036918934974406656
video_1037513465897598976,label_emotion_1037513465897598976
video_1037513465897598976,label_topic_1037513465897598976
video_1037547364719775744,label_emotion_1037547364719775744
video_1037547364719775744,label_topic_1037547364719775744
video_1037557671953342464,label_emotion_1037557671953342464
video_1037557671953342464,label_topic_1037557671953342464
video_1037584295784497152,label_emotion_1037584295784497152
video_1037584295784497152,label_topic_1037584295784497152
video_1037604986386882560,label_emotion_1037604986386882560
video_1037604986386882560,label_topic_1037604986386882560
video_1038002020772110336,label_emotion_1038002020772110336
video_1038002020772110336,label_topic_1038002020772110336
video_1038279828601765888,label_emotion_1038279828601765888
video_1038279828601765888,label_topic_1038279828601765888
video_1038638173796159488,label_emotion_1038638173796159488
video_1038638173796159488,label_topic_1038638173796159488
video_1038952710659035136,label_emotion_1038952710659035136
video_1038952710659035136,label_topic_1038952710659035136
video_1040017863920017408,label_emotion_1040017863920017408
video_1040017863920017408,label_topic_1040017863920017408
video_1040475260585484288,label_emotion_1040475260585484288
video_1040475260585484288,label_topic_1040475260585484288
video_1040480063214456832,label_emotion_1040480063214456832
video_1040480063214456832,label_topic_1040480063214456832
video_1040547079480930304,label_emotion_1040547079480930304
video_1040547079480930304,label_topic_1040547079480930304
video_1040715918327648256,label_emotion_1040715918327648256
video_1040715918327648256,label_topic_1040715918327648256
video_1041223651707719680,label_emotion_1041223651707719680
video_1041223651707719680,label_topic_1041223651707719680
video_1041575393192218624,label_emotion_1041575393192218624
video_1041575393192218624,label_topic_1041575393192218624
video_1041926984047251456,label_emotion_1041926984047251456
video_1041926984047251456,label_topic_1041926984047251456
video_1042152100458799104,label_emotion_1042152100458799104
video_1042152100458799104,label_topic_1042152100458799104
video_1044184247084498944,label_emotion_1044184247084498944
video_1044184247084498944,label_topic_1044184247084498944
video_1044413228903788544,label_emotion_1044413228903788544
video_1044413228903788544,label_topic_1044413228903788544
video_1044444091183788032,label_emotion_1044444091183788032
video_1044444091183788032,label_topic_1044444091183788032
video_1045487837144907776,label_emotion_1045487837144907776
video_1045487837144907776,label_topic_1045487837144907776
video_1045523258935754752,label_emotion_1045523258935754752
video_1045523258935754752,label_topic_1045523258935754752
video_1045940810706726912,label_emotion_1045940810706726912
video_1045940810706726912,label_topic_1045940810706726912
video_1046262244998258688,label_emotion_1046262244998258688
video_1046262244998258688,label_topic_1046262244998258688
video_1046367793622441984,label_emotion_1046367793622441984
video_1046367793622441984,label_topic_1046367793622441984
video_1046683080292782080,label_emotion_1046683080292782080
video_1046683080292782080,label_topic_1046683080292782080
video_1046969682382794752,label_emotion_1046969682382794752
video_1046969682382794752,label_topic_1046969682382794752
video_1047214355399462912,label_emotion_1047214355399462912
video_1047214355399462912,label_topic_1047214355399462912
video_1047231749924728832,label_emotion_1047231749924728832
video_1047231749924728832,label_topic_1047231749924728832
video_1047619465950736384,label_emotion_1047619465950736384
video_1047619465950736384,label_topic_1047619465950736384
video_1047662801553936384,label_emotion_1047662801553936384
video_1047662801553936384,label_topic_1047662801553936384
video_1048237592963330048,label_emotion_1048237592963330048
video_1048237592963330048,label_topic_1048237592963330048
video_1048311727059861504,label_emotion_1048311727059861504
video_1048311727059861504,label_topic_1048311727059861504
video_1048815494985551872,label_emotion_1048815494985551872
video_1048815494985551872,label_topic_1048815494985551872
video_1048908355407675392,label_emotion_1048908355407675392
video_1048908355407675392,label_topic_1048908355407675392
video_1049049912895234048,label_emotion_1049049912895234048
video_1049049912895234048,label_topic_1049049912895234048
video_1049829133251125248,label_emotion_1049829133251125248
video_1049829133251125248,label_topic_1049829133251125248
video_1049866734833991680,label_emotion_1049866734833991680
video_1049866734833991680,label_topic_1049866734833991680
video_1050549294417457152,label_emotion_1050549294417457152
video_1050549294417457152,label_topic_1050549294417457152
video_1050956336680345600,label_emotion_1050956336680345600
video_1050956336680345600,label_topic_1050956336680345600
video_1050979346070077440,label_emotion_1050979346070077440
video_1050979346070077440,label_topic_1050979346070077440
video_1050987543383937024,label_emotion_1050987543383937024
video_1050987543383937024,label_topic_1050987543383937024
video_1051013843955957760,label_emotion_1051013843955957760
video_1051013843955957760,label_topic_1051013843955957760
video_1051123149653118976,label_emotion_1051123149653118976
video_1051123149653118976,label_topic_1051123149653118976
video_1051235021203316736,label_emotion_1051235021203316736
video_1051235021203316736,label_topic_1051235021203316736
video_1051368830045483008,label_emotion_1051368830045483008
video_1051368830045483008,label_topic_1051368830045483008
video_1052149019687985152,label_emotion_1052149019687985152
video_1052149019687985152,label_topic_1052149019687985152
video_1052156302291767296,label_emotion_1052156302291767296
video_1052156302291767296,label_topic_1052156302291767296
video_1052335428860043264,label_emotion_1052335428860043264
video_1052335428860043264,label_topic_1052335428860043264
video_1052400209289940992,label_emotion_1052400209289940992
video_1052400209289940992,label_topic_1052400209289940992
video_1052407693459476480,label_emotion_1052407693459476480
video_1052407693459476480,label_topic_1052407693459476480
video_1052863263529963520,label_emotion_1052863263529963520
video_1052863263529963520,label_topic_1052863263529963520
video_1053133798101442560,label_emotion_1053133798101442560
video_1053133798101442560,label_topic_1053133798101442560
video_1053238178943234048,label_emotion_1053238178943234048
video_1053238178943234048,label_topic_1053238178943234048
video_1053441156740681728,label_emotion_1053441156740681728
video_1053441156740681728,label_topic_1053441156740681728
video_1053509458280050688,label_emotion_1053509458280050688
video_1053509458280050688,label_topic_1053509458280050688
video_1053567200277450752,label_emotion_1053567200277450752
video_1053567200277450752,label_topic_1053567200277450752
video_1053791122083753984,label_emotion_1053791122083753984
video_1053791122083753984,label_topic_1053791122083753984
video_1053817084393508864,label_emotion_1053817084393508864
video_1053817084393508864,label_topic_1053817084393508864
video_1053834433943183360,label_emotion_1053834433943183360
video_1053834433943183360,label_topic_1053834433943183360
video_1053851785821384704,label_emotion_1053851785821384704
video_1053851785821384704,label_topic_1053851785821384704
video_1053867748171595776,label_emotion_1053867748171595776
video_1053867748171595776,label_topic_1053867748171595776
video_1053874949846663168,label_emotion_1053874949846663168
video_1053874949846663168,label_topic_1053874949846663168
video_1054174904356311040,label_emotion_1054174904356311040
video_1054174904356311040,label_topic_1054174904356311040
video_1054210825700741120,label_emotion_1054210825700741120
video_1054210825700741120,label_topic_1054210825700741120
video_1054254121538498560,label_emotion_1054254121538498560
video_1054254121538498560,label_topic_1054254121538498560
video_1054332992950054912,label_emotion_1054332992950054912
video_1054332992950054912,label_topic_1054332992950054912
video_1054888765589991424,label_emotion_1054888765589991424
video_1054888765589991424,label_topic_1054888765589991424
video_1054929697353457664,label_emotion_1054929697353457664
video_1054929697353457664,label_topic_1054929697353457664
video_1055241182718332928,label_emotion_1055241182718332928
video_1055241182718332928,label_topic_1055241182718332928
video_1055302920520220672,label_emotion_1055302920520220672
video_1055302920520220672,label_topic_1055302920520220672
video_1055376321662377984,label_emotion_1055376321662377984
video_1055376321662377984,label_topic_1055376321662377984
video_1055573849443864576,label_emotion_1055573849443864576
video_1055573849443864576,label_topic_1055573849443864576
video_1055729335686066176,label_emotion_1055729335686066176
video_1055729335686066176,label_topic_1055729335686066176
video_1056396634285637632,label_emotion_1056396634285637632
video_1056396634285637632,label_topic_1056396634285637632
video_1056441342043242496,label_emotion_1056441342043242496
video_1056441342043242496,label_topic_1056441342043242496
video_1056707580472258560,label_emotion_1056707580472258560
video_1056707580472258560,label_topic_1056707580472258560
video_1056767045251080192,label_emotion_1056767045251080192
video_1056767045251080192,label_topic_1056767045251080192
video_1056991806686478336,label_emotion_1056991806686478336
video_1056991806686478336,label_topic_1056991806686478336
video_1057501435811500032,label_emotion_1057501435811500032
video_1057501435811500032,label_topic_1057501435811500032
video_1057758328068952064,label_emotion_1057758328068952064
video_1057758328068952064,label_topic_1057758328068952064
video_1057901075220598784,label_emotion_1057901075220598784
video_1057901075220598784,label_topic_1057901075220598784
video_1058237395197440000,label_emotion_1058237395197440000
video_1058237395197440000,label_topic_1058237395197440000
video_1058275301689892864,label_emotion_1058275301689892864
video_1058275301689892864,label_topic_1058275301689892864
video_1058279271862329344,label_emotion_1058279271862329344
video_1058279271862329344,label_topic_1058279271862329344
video_1058308699795390464,label_emotion_1058308699795390464
video_1058308699795390464,label_topic_1058308699795390464
video_1058495731721728000,label_emotion_1058495731721728000
video_1058495731721728000,label_topic_1058495731721728000
video_1058567897011920896,label_emotion_1058567897011920896
video_1058567897011920896,label_topic_1058567897011920896
video_1058889058803146752,label_emotion_1058889058803146752
video_1058889058803146752,label_topic_1058889058803146752
video_1058940543196979200,label_emotion_1058940543196979200
video_1058940543196979200,label_topic_1058940543196979200
video_1058975819718160384,label_emotion_1058975819718160384
video_1058975819718160384,label_topic_1058975819718160384
video_1059310997544079360,label_emotion_1059310997544079360
video_1059310997544079360,label_topic_1059310997544079360
video_1059574871014674432,label_emotion_1059574871014674432
video_1059574871014674432,label_topic_1059574871014674432
video_1059992032464228352,label_emotion_1059992032464228352
video_1059992032464228352,label_topic_1059992032464228352
video_1060350847097221120,label_emotion_1060350847097221120
video_1060350847097221120,label_topic_1060350847097221120
video_1060431703267028992,label_emotion_1060431703267028992
video_1060431703267028992,label_topic_1060431703267028992
video_1061048387769679872,label_emotion_1061048387769679872
video_1061048387769679872,label_topic_1061048387769679872
video_1061579724511498240,label_emotion_1061579724511498240
video_1061579724511498240,label_topic_1061579724511498240
video_1061582683249012736,label_emotion_1061582683249012736
video_1061582683249012736,label_topic_1061582683249012736
video_1061793757764231168,label_emotion_1061793757764231168
video_1061793757764231168,label_topic_1061793757764231168
video_1062159878522589184,label_emotion_1062159878522589184
video_1062159878522589184,label_topic_1062159878522589184
video_1062530169086095360,label_emotion_1062530169086095360
video_1062530169086095360,label_topic_1062530169086095360
video_1062535235822292992,label_emotion_1062535235822292992
video_1062535235822292992,label_topic_1062535235822292992
video_1062542981300740096,label_emotion_1062542981300740096
video_1062542981300740096,label_topic_1062542981300740096
video_1062801916175974400,label_emotion_1062801916175974400
video_1062801916175974400,label_topic_1062801916175974400
video_1062857673374101504,label_emotion_1062857673374101504
video_1062857673374101504,label_topic_1062857673374101504
video_1063362568720117760,label_emotion_1063362568720117760
video_1063362568720117760,label_topic_1063362568720117760
video_1063569089739534336,label_emotion_1063569089739534336
video_1063569089739534336,label_topic_1063569089739534336
video_1064015840896225280,label_emotion_1064015840896225280
video_1064015840896225280,label_topic_1064015840896225280
video_1064321446668607489,label_emotion_1064321446668607489
video_1064321446668607489,label_topic_1064321446668607489
video_1064324203748175872,label_emotion_1064324203748175872
video_1064324203748175872,label_topic_1064324203748175872
video_1064662952684179456,label_emotion_1064662952684179456
video_1064662952684179456,label_topic_1064662952684179456
video_1064754213302792192,label_emotion_1064754213302792192
video_1064754213302792192,label_topic_1064754213302792192
video_1065395268834463744,label_emotion_1065395268834463744
video_1065395268834463744,label_topic_1065395268834463744
video_1065408203174641664,label_emotion_1065408203174641664
video_1065408203174641664,label_topic_1065408203174641664
video_1065464392118067200,label_emotion_1065464392118067200
video_1065464392118067200,label_topic_1065464392118067200
video_1065798031183650816,label_emotion_1065798031183650816
video_1065798031183650816,label_topic_1065798031183650816
video_1066169079599104000,label_emotion_1066169079599104000
video_1066169079599104000,label_topic_1066169079599104000
video_1066207153549086720,label_emotion_1066207153549086720
video_1066207153549086720,label_topic_1066207153549086720
video_1066222158239453184,label_emotion_1066222158239453184
video_1066222158239453184,label_topic_1066222158239453184
video_1066305683928035328,label_emotion_1066305683928035328
video_1066305683928035328,label_topic_1066305683928035328
video_1066477558595461120,label_emotion_1066477558595461120
video_1066477558595461120,label_topic_1066477558595461120
video_1066980163927085056,label_emotion_1066980163927085056
video_1066980163927085056,label_topic_1066980163927085056
video_1067325353481154560,label_emotion_1067325353481154560
video_1067325353481154560,label_topic_1067325353481154560
video_1067712613082931200,label_emotion_1067712613082931200
video_1067712613082931200,label_topic_1067712613082931200
video_1068090269611814912,label_emotion_1068090269611814912
video_1068090269611814912,label_topic_1068090269611814912
video_1068331658626875392,label_emotion_1068331658626875392
video_1068331658626875392,label_topic_1068331658626875392
video_1068931474784436224,label_emotion_1068931474784436224
video_1068931474784436224,label_topic_1068931474784436224
video_1069119845687328768,label_emotion_1069119845687328768
video_1069119845687328768,label_topic_1069119845687328768
video_1069402134493184000,label_emotion_1069402134493184000
video_1069402134493184000,label_topic_1069402134493184000
video_1069505734389223424,label_emotion_1069505734389223424
video_1069505734389223424,label_topic_1069505734389223424
video_1069797641048776704,label_emotion_1069797641048776704
video_1069797641048776704,label_topic_1069797641048776704
video_1070034127660666880,label_emotion_1070034127660666880
video_1070034127660666880,label_topic_1070034127660666880
video_1070449102225096704,label_emotion_1070449102225096704
video_1070449102225096704,label_topic_1070449102225096704
video_1071192384462815232,label_emotion_1071192384462815232
video_1071192384462815232,label_topic_1071192384462815232
video_1071559888842489856,label_emotion_1071559888842489856
video_1071559888842489856,label_topic_1071559888842489856
video_1071569348935725056,label_emotion_1071569348935725056
video_1071569348935725056,label_topic_1071569348935725056
video_1071611451216748544,label_emotion_1071611451216748544
video_1071611451216748544,label_topic_1071611451216748544
video_1072272423350611968,label_emotion_1072272423350611968
video_1072272423350611968,label_topic_1072272423350611968
video_1072641231181459456,label_emotion_1072641231181459456
video_1072641231181459456,label_topic_1072641231181459456
video_1073365057221664768,label_emotion_1073365057221664768
video_1073365057221664768,label_topic_1073365057221664768
video_1073397272806817792,label_emotion_1073397272806817792
video_1073397272806817792,label_topic_1073397272806817792
video_1073767088117682176,label_emotion_1073767088117682176
video_1073767088117682176,label_topic_1073767088117682176
video_1074093091838996480,label_emotion_1074093091838996480
video_1074093091838996480,label_topic_1074093091838996480
video_1074178615274520576,label_emotion_1074178615274520576
video_1074178615274520576,label_topic_1074178615274520576
video_1074558864478883840,label_emotion_1074558864478883840
video_1074558864478883840,label_topic_1074558864478883840
video_1074565114495225856,label_emotion_1074565114495225856
video_1074565114495225856,label_topic_1074565114495225856
video_1074582050805350400,label_emotion_1074582050805350400
video_1074582050805350400,label_topic_1074582050805350400
video_1075209954887151616,label_emotion_1075209954887151616
video_1075209954887151616,label_topic_1075209954887151616
video_1075288563576344576,label_emotion_1075288563576344576
video_1075288563576344576,label_topic_1075288563576344576
video_1075323229281083392,label_emotion_1075323229281083392
video_1075323229281083392,label_topic_1075323229281083392
video_1075400357594677248,label_emotion_1075400357594677248
video_1075400357594677248,label_topic_1075400357594677248
video_1075911890053615616,label_emotion_1075911890053615616
video_1075911890053615616,label_topic_1075911890053615616
video_1076155793067458560,label_emotion_1076155793067458560
video_1076155793067458560,label_topic_1076155793067458560
video_1076449821596205056,label_emotion_1076449821596205056
video_1076449821596205056,label_topic_1076449821596205056
video_1076989232968626176,label_emotion_1076989232968626176
video_1076989232968626176,label_topic_1076989232968626176
video_1077720157402615808,label_emotion_1077720157402615808
video_1077720157402615808,label_topic_1077720157402615808
video_1078300657657741312,label_emotion_1078300657657741312
video_1078300657657741312,label_topic_1078300657657741312
video_1078788598574231552,label_emotion_1078788598574231552
video_1078788598574231552,label_topic_1078788598574231552
video_1079165184779636736,label_emotion_1079165184779636736
video_1079165184779636736,label_topic_1079165184779636736
video_1079327636633055232,label_emotion_1079327636633055232
video_1079327636633055232,label_topic_1079327636633055232
video_1079563325219762176,label_emotion_1079563325219762176
video_1079563325219762176,label_topic_1079563325219762176
video_1079941606209196032,label_emotion_1079941606209196032
video_1079941606209196032,label_topic_1079941606209196032
video_1079979879103168512,label_emotion_1079979879103168512
video_1079979879103168512,label_topic_1079979879103168512
video_1080206571692503040,label_emotion_1080206571692503040
video_1080206571692503040,label_topic_1080206571692503040
video_1080414388202143744,label_emotion_1080414388202143744
video_1080414388202143744,label_topic_1080414388202143744
video_1080644237860691968,label_emotion_1080644237860691968
video_1080644237860691968,label_topic_1080644237860691968
video_1080677149976965120,label_emotion_1080677149976965120
video_1080677149976965120,label_topic_1080677149976965120
video_1080713892960825344,label_emotion_1080713892960825344
video_1080713892960825344,label_topic_1080713892960825344
video_1081347031362084864,label_emotion_1081347031362084864
video_1081347031362084864,label_topic_1081347031362084864
video_1081664980782374912,label_emotion_1081664980782374912
video_1081664980782374912,label_topic_1081664980782374912
video_1081770339480018944,label_emotion_1081770339480018944
video_1081770339480018944,label_topic_1081770339480018944
video_1082024475463172096,label_emotion_1082024475463172096
video_1082024475463172096,label_topic_1082024475463172096
video_1082666054314094592,label_emotion_1082666054314094592
video_1082666054314094592,label_topic_1082666054314094592
video_1082811330043768832,label_emotion_1082811330043768832
video_1082811330043768832,label_topic_1082811330043768832
video_1083200941169266688,label_emotion_1083200941169266688
video_1083200941169266688,label_topic_1083200941169266688
video_1083226258218885120,label_emotion_1083226258218885120
video_1083226258218885120,label_topic_1083226258218885120
video_1083599318768062464,label_emotion_1083599318768062464
video_1083599318768062464,label_topic_1083599318768062464
video_1083946694279860224,label_emotion_1083946694279860224
video_1083946694279860224,label_topic_1083946694279860224
video_1084002306900779008,label_emotion_1084002306900779008
video_1084002306900779008,label_topic_1084002306900779008
video_1084204805423034368,label_emotion_1084204805423034368
video_1084204805423034368,label_topic_1084204805423034368
video_1084987505293619200,label_emotion_1084987505293619200
video_1084987505293619200,label_topic_1084987505293619200
video_1085363521883193344,label_emotion_1085363521883193344
video_1085363521883193344,label_topic_1085363521883193344
video_1085415668834508800,label_emotion_1085415668834508800
video_1085415668834508800,label_topic_1085415668834508800
video_1085445634200375296,label_emotion_1085445634200375296
video_1085445634200375296,label_topic_1085445634200375296
video_1085673974135971840,label_emotion_1085673974135971840
video_1085673974135971840,label_topic_1085673974135971840
video_1086543779877523456,label_emotion_1086543779877523456
video_1086543779877523456,label_topic_1086543779877523456
video_1086708000095629312,label_emotion_1086708000095629312
video_1086708000095629312,label_topic_1086708000095629312
video_1087153434588753920,label_emotion_1087153434588753920
video_1087153434588753920,label_topic_1087153434588753920
video_1087535147143827456,label_emotion_1087535147143827456
video_1087535147143827456,label_topic_1087535147143827456
video_1087618613571219456,label_emotion_1087618613571219456
video_1087618613571219456,label_topic_1087618613571219456
video_1087666570542600192,label_emotion_1087666570542600192
video_1087666570542600192,label_topic_1087666570542600192
video_1087883417049358336,label_emotion_1087883417049358336
video_1087883417049358336,label_topic_1087883417049358336
video_1088094632748953600,label_emotion_1088094632748953600
video_1088094632748953600,label_topic_1088094632748953600
video_1088167410106023936,label_emotion_1088167410106023936
video_1088167410106023936,label_topic_1088167410106023936
video_1088174709562314752,label_emotion_1088174709562314752
video_1088174709562314752,label_topic_1088174709562314752
video_1088244090421846016,label_emotion_1088244090421846016
video_1088244090421846016,label_topic_1088244090421846016
video_1088397668046319616,label_emotion_1088397668046319616
video_1088397668046319616,label_topic_1088397668046319616
video_1088606388550275072,label_emotion_1088606388550275072
video_1088606388550275072,label_topic_1088606388550275072
video_1088930373125242880,label_emotion_1088930373125242880
video_1088930373125242880,label_topic_1088930373125242880
video_1089277769843875840,label_emotion_1089277769843875840
video_1089277769843875840,label_topic_1089277769843875840
video_1089363733589180416,label_emotion_1089363733589180416
video_1089363733589180416,label_topic_1089363733589180416
video_1089386242933927936,label_emotion_1089386242933927936
video_1089386242933927936,label_topic_1089386242933927936
video_1089592394258735104,label_emotion_1089592394258735104
video_1089592394258735104,label_topic_1089592394258735104
video_1089999176642740224,label_emotion_1089999176642740224
video_1089999176642740224,label_topic_1089999176642740224
video_1090088382400745472,label_emotion_1090088382400745472
video_1090088382400745472,label_topic_1090088382400745472
video_1090203245110247424,label_emotion_1090203245110247424
video_1090203245110247424,label_topic_1090203245110247424
video_1090353709025779712,label_emotion_1090353709025779712
video_1090353709025779712,label_topic_1090353709025779712
video_1090702573801021440,label_emotion_1090702573801021440
video_1090702573801021440,label_topic_1090702573801021440
video_1090914499969650688,label_emotion_1090914499969650688
video_1090914499969650688,label_topic_1090914499969650688
video_1090918845046308865,label_emotion_1090918845046308865
video_1090918845046308865,label_topic_1090918845046308865
video_1091205374369021952,label_emotion_1091205374369021952
video_1091205374369021952,label_topic_1091205374369021952
video_1091781715627802624,label_emotion_1091781715627802624
video_1091781715627802624,label_topic_1091781715627802624
video_1092198309856202752,label_emotion_1092198309856202752
video_1092198309856202752,label_topic_1092198309856202752
video_1092214858084454400,label_emotion_1092214858084454400
video_1092214858084454400,label_topic_1092214858084454400
video_1092907872842665984,label_emotion_1092907872842665984
video_1092907872842665984,label_topic_1092907872842665984
video_1092969087300173824,label_emotion_1092969087300173824
video_1092969087300173824,label_topic_1092969087300173824
video_1093012547432751104,label_emotion_1093012547432751104
video_1093012547432751104,label_topic_1093012547432751104
video_1093077555252453376,label_emotion_1093077555252453376
video_1093077555252453376,label_topic_1093077555252453376
video_1093363423410003968,label_emotion_1093363423410003968
video_1093363423410003968,label_topic_1093363423410003968
video_1093418607750586368,label_emotion_1093418607750586368
video_1093418607750586368,label_topic_1093418607750586368
video_1093485395146063872,label_emotion_1093485395146063872
video_1093485395146063872,label_topic_1093485395146063872
video_1094090769612034048,label_emotion_1094090769612034048
video_1094090769612034048,label_topic_1094090769612034048
video_1094413297685540864,label_emotion_1094413297685540864
video_1094413297685540864,label_topic_1094413297685540864
video_1094470760749301760,label_emotion_1094470760749301760
video_1094470760749301760,label_topic_1094470760749301760
video_1095091242351857664,label_emotion_1095091242351857664
video_1095091242351857664,label_topic_1095091242351857664
video_1095439996166582272,label_emotion_1095439996166582272
video_1095439996166582272,label_topic_1095439996166582272
video_1095630491862048768,label_emotion_1095630491862048768
video_1095630491862048768,label_topic_1095630491862048768
video_1095675144338337792,label_emotion_1095675144338337792
video_1095675144338337792,label_topic_1095675144338337792
video_1095736849378570240,label_emotion_1095736849378570240
video_1095736849378570240,label_topic_1095736849378570240
video_1095896759818952704,label_emotion_1095896759818952704
video_1095896759818952704,label_topic_1095896759818952704
video_1095898870002941952,label_emotion_1095898870002941952
video_1095898870002941952,label_topic_1095898870002941952
video_1095990868877398016,label_emotion_1095990868877398016
video_1095990868877398016,label_topic_1095990868877398016
video_1096567014052507648,label_emotion_1096567014052507648
video_1096567014052507648,label_topic_1096567014052507648
video_1096618808267177984,label_emotion_1096618808267177984
video_1096618808267177984,label_topic_1096618808267177984
video_1096623496114692096,label_emotion_1096623496114692096
video_1096623496114692096,label_topic_1096623496114692096
video_1096628029943341056,label_emotion_1096628029943341056
video_1096628029943341056,label_topic_1096628029943341056
video_1096952104704180224,label_emotion_1096952104704180224
video_1096952104704180224,label_topic_1096952104704180224
video_1096973775121068032,label_emotion_1096973775121068032
video_1096973775121068032,label_topic_1096973775121068032
video_1097110443434311680,label_emotion_1097110443434311680
video_1097110443434311680,label_topic_1097110443434311680
video_1097549752872361984,label_emotion_1097549752872361984
video_1097549752872361984,label_topic_1097549752872361984
video_1097639562659913728,label_emotion_1097639562659913728
video_1097639562659913728,label_topic_1097639562659913728
video_1097680912839221248,label_emotion_1097680912839221248
video_1097680912839221248,label_topic_1097680912839221248
video_1097701474978656256,label_emotion_1097701474978656256
video_1097701474978656256,label_topic_1097701474978656256
video_1098157924557172736,label_emotion_1098157924557172736
video_1098157924557172736,label_topic_1098157924557172736
video_1098427247180034048,label_emotion_1098427247180034048
video_1098427247180034048,label_topic_1098427247180034048
video_1098494225022345216,label_emotion_1098494225022345216
video_1098494225022345216,label_topic_1098494225022345216
video_1099520439597858816,label_emotion_1099520439597858816
video_1099520439597858816,label_topic_1099520439597858816
video_1099890043511795712,label_emotion_1099890043511795712
video_1099890043511795712,label_topic_1099890043511795712
video_1100096249568595968,label_emotion_1100096249568595968
video_1100096249568595968,label_topic_1100096249568595968
video_1100156714189541376,label_emotion_1100156714189541376
video_1100156714189541376,label_topic_1100156714189541376
video_1100181285881724928,label_emotion_1100181285881724928
video_1100181285881724928,label_topic_1100181285881724928
video_1100569866882150400,label_emotion_1100569866882150400
video_1100569866882150400,label_topic_1100569866882150400
video_1100586565102940160,label_emotion_1100586565102940160
video_1100586565102940160,label_topic_1100586565102940160
video_1100888664311242752,label_emotion_1100888664311242752
video_1100888664311242752,label_topic_1100888664311242752
video_1100966706026872832,label_emotion_1100966706026872832
video_1100966706026872832,label_topic_1100966706026872832
video_1101031922005622784,label_emotion_1101031922005622784
video_1101031922005622784,label_topic_1101031922005622784
video_1101188683316801536,label_emotion_1101188683316801536
video_1101188683316801536,label_topic_1101188683316801536
video_1101279017832968192,label_emotion_1101279017832968192
video_1101279017832968192,label_topic_1101279017832968192
video_1101618694213509120,label_emotion_1101618694213509120
video_1101618694213509120,label_topic_1101618694213509120
video_1101791523529703424,label_emotion_1101791523529703424
video_1101791523529703424,label_topic_1101791523529703424
video_1101859498160779264,label_emotion_1101859498160779264
video_1101859498160779264,label_topic_1101859498160779264
video_1102479930484260864,label_emotion_1102479930484260864
video_1102479930484260864,label_topic_1102479930484260864
video_1102830270438404096,label_emotion_1102830270438404096
video_1102830270438404096,label_topic_1102830270438404096
video_1102862880988413952,label_emotion_1102862880988413952
video_1102862880988413952,label_topic_1102862880988413952
video_1103020491301625856,label_emotion_1103020491301625856
video_1103020491301625856,label_topic_1103020491301625856
video_1103172170706006016,label_emotion_1103172170706006016
video_1103172170706006016,label_topic_1103172170706006016
video_1104115343439302656,label_emotion_1104115343439302656
video_1104115343439302656,label_topic_1104115343439302656
video_1104202583716896768,label_emotion_1104202583716896768
video_1104202583716896768,label_topic_1104202583716896768
video_1104203476390772736,label_emotion_1104203476390772736
video_1104203476390772736,label_topic_1104203476390772736
video_1104240194565337088,label_emotion_1104240194565337088
video_1104240194565337088,label_topic_1104240194565337088
video_1104288379144994816,label_emotion_1104288379144994816
video_1104288379144994816,label_topic_1104288379144994816
video_1104496862079217664,label_emotion_1104496862079217664
video_1104496862079217664,label_topic_1104496862079217664
video_1104586493953241088,label_emotion_1104586493953241088
video_1104586493953241088,label_topic_1104586493953241088
video_1104632605485494272,label_emotion_1104632605485494272
video_1104632605485494272,label_topic_1104632605485494272
video_1105231090496466944,label_emotion_1105231090496466944
video_1105231090496466944,label_topic_1105231090496466944
video_1105234550293950464,label_emotion_1105234550293950464
video_1105234550293950464,label_topic_1105234550293950464
video_1105272517608042496,label_emotion_1105272517608042496
video_1105272517608042496,label_topic_1105272517608042496
video_1105383009349226496,label_emotion_1105383009349226496
video_1105383009349226496,label_topic_1105383009349226496
video_1105583807069085696,label_emotion_1105583807069085696
video_1105583807069085696,label_topic_1105583807069085696
video_1105729114431725568,label_emotion_1105729114431725568
video_1105729114431725568,label_topic_1105729114431725568
video_1105729411736543232,label_emotion_1105729411736543232
video_1105729411736543232,label_topic_1105729411736543232
video_1105744359686639616,label_emotion_1105744359686639616
video_1105744359686639616,label_topic_1105744359686639616
video_1105782383447314432,label_emotion_1105782383447314432
video_1105782383447314432,label_topic_1105782383447314432
video_1105920604990816256,label_emotion_1105920604990816256
video_1105920604990816256,label_topic_1105920604990816256
video_1106382301555765248,label_emotion_1106382301555765248
video_1106382301555765248,label_topic_1106382301555765248
video_1106404139707133952,label_emotion_1106404139707133952
video_1106404139707133952,label_topic_1106404139707133952
video_1106472773192384512,label_emotion_1106472773192384512
video_1106472773192384512,label_topic_1106472773192384512
video_1106623252002156544,label_emotion_1106623252002156544
video_1106623252002156544,label_topic_1106623252002156544
video_1106737307656036352,label_emotion_1106737307656036352
video_1106737307656036352,label_topic_1106737307656036352
video_1106772584131141632,label_emotion_1106772584131141632
video_1106772584131141632,label_topic_1106772584131141632
video_1106782634031673344,label_emotion_1106782634031673344
video_1106782634031673344,label_topic_1106782634031673344
video_1107151450280443904,label_emotion_1107151450280443904
video_1107151450280443904,label_topic_1107151450280443904
video_1107167421770379264,label_emotion_1107167421770379264
video_1107167421770379264,label_topic_1107167421770379264
video_1107179072607424512,label_emotion_1107179072607424512
video_1107179072607424512,label_topic_1107179072607424512
video_1107535888336232448,label_emotion_1107535888336232448
video_1107535888336232448,label_topic_1107535888336232448
video_1107604460659785728,label_emotion_1107604460659785728
video_1107604460659785728,label_topic_1107604460659785728
video_1107617794134110208,label_emotion_1107617794134110208
video_1107617794134110208,label_topic_1107617794134110208
video_1107650590911172608,label_emotion_1107650590911172608
video_1107650590911172608,label_topic_1107650590911172608
video_1107672264998305792,label_emotion_1107672264998305792
video_1107672264998305792,label_topic_1107672264998305792
video_1107714967882563584,label_emotion_1107714967882563584
video_1107714967882563584,label_topic_1107714967882563584
video_1107799880996368384,label_emotion_1107799880996368384
video_1107799880996368384,label_topic_1107799880996368384
video_1108179423997366272,label_emotion_1108179423997366272
video_1108179423997366272,label_topic_1108179423997366272
video_1108234260353077248,label_emotion_1108234260353077248
video_1108234260353077248,label_topic_1108234260353077248
video_1108466788171476992,label_emotion_1108466788171476992
video_1108466788171476992,label_topic_1108466788171476992
video_1108531547583512576,label_emotion_1108531547583512576
video_1108531547583512576,label_topic_1108531547583512576
video_1108563930927824896,label_emotion_1108563930927824896
video_1108563930927824896,label_topic_1108563930927824896
video_1108574561156370432,label_emotion_1108574561156370432
video_1108574561156370432,label_topic_1108574561156370432
video_1108881566114979840,label_emotion_1108881566114979840
video_1108881566114979840,label_topic_1108881566114979840
video_1108883196646739968,label_emotion_1108883196646739968
video_1108883196646739968,label_topic_1108883196646739968
video_1109239642722844672,label_emotion_1109239642722844672
video_1109239642722844672,label_topic_1109239642722844672
video_1109647179460808704,label_emotion_1109647179460808704
video_1109647179460808704,label_topic_1109647179460808704
video_1109879618258792448,label_emotion_1109879618258792448
video_1109879618258792448,label_topic_1109879618258792448
video_1109985167533064192,label_emotion_1109985167533064192
video_1109985167533064192,label_topic_1109985167533064192
video_1110178926883393536,label_emotion_1110178926883393536
video_1110178926883393536,label_topic_1110178926883393536
video_1110277591434170368,label_emotion_1110277591434170368
video_1110277591434170368,label_topic_1110277591434170368
video_1110341511658287104,label_emotion_1110341511658287104
video_1110341511658287104,label_topic_1110341511658287104
video_1110456407771295744,label_emotion_1110456407771295744
video_1110456407771295744,label_topic_1110456407771295744
video_1110813546008489984,label_emotion_1110813546008489984
video_1110813546008489984,label_topic_1110813546008489984
video_1110995018279436288,label_emotion_1110995018279436288
video_1110995018279436288,label_topic_1110995018279436288
video_1111084851513430016,label_emotion_1111084851513430016
video_1111084851513430016,label_topic_1111084851513430016
video_1111193671526916096,label_emotion_1111193671526916096
video_1111193671526916096,label_topic_1111193671526916096
video_1111433093904007168,label_emotion_1111433093904007168
video_1111433093904007168,label_topic_1111433093904007168
video_1111467239292444672,label_emotion_1111467239292444672
video_1111467239292444672,label_topic_1111467239292444672
video_1111633371961946112,label_emotion_1111633371961946112
video_1111633371961946112,label_topic_1111633371961946112
video_1111638345144008704,label_emotion_1111638345144008704
video_1111638345144008704,label_topic_1111638345144008704
video_1111742426588270592,label_emotion_1111742426588270592
video_1111742426588270592,label_topic_1111742426588270592
video_1111796155240882176,label_emotion_1111796155240882176
video_1111796155240882176,label_topic_1111796155240882176
video_1112180626523672576,label_emotion_1112180626523672576
video_1112180626523672576,label_topic_1112180626523672576
video_1112967397087817728,label_emotion_1112967397087817728
video_1112967397087817728,label_topic_1112967397087817728
video_1113181724466429952,label_emotion_1113181724466429952
video_1113181724466429952,label_topic_1113181724466429952
video_1113277185982144512,label_emotion_1113277185982144512
video_1113277185982144512,label_topic_1113277185982144512
video_1113305755882504192,label_emotion_1113305755882504192
video_1113305755882504192,label_topic_1113305755882504192
video_1113385871555686400,label_emotion_1113385871555686400
video_1113385871555686400,label_topic_1113385871555686400
video_1113743456934793216,label_emotion_1113743456934793216
video_1113743456934793216,label_topic_1113743456934793216
video_1113931305856520192,label_emotion_1113931305856520192
video_1113931305856520192,label_topic_1113931305856520192
video_1115144120886087680,label_emotion_1115144120886087680
video_1115144120886087680,label_topic_1115144120886087680
video_1115833711724789760,label_emotion_1115833711724789760
video_1115833711724789760,label_topic_1115833711724789760
video_1115991006584987648,label_emotion_1115991006584987648
video_1115991006584987648,label_topic_1115991006584987648
video_1116277382010339328,label_emotion_1116277382010339328
video_1116277382010339328,label_topic_1116277382010339328
video_1116566662003810304,label_emotion_1116566662003810304
video_1116566662003810304,label_topic_1116566662003810304
video_1116746377507311616,label_emotion_1116746377507311616
video_1116746377507311616,label_topic_1116746377507311616
video_1116860854491869184,label_emotion_1116860854491869184
video_1116860854491869184,label_topic_1116860854491869184
video_1116987080183062528,label_emotion_1116987080183062528
video_1116987080183062528,label_topic_1116987080183062528
video_1117113774453805056,label_emotion_1117113774453805056
video_1117113774453805056,label_topic_1117113774453805056
video_1117233634110476288,label_emotion_1117233634110476288
video_1117233634110476288,label_topic_1117233634110476288
video_1117252674820435968,label_emotion_1117252674820435968
video_1117252674820435968,label_topic_1117252674820435968
video_1117352411007246336,label_emotion_1117352411007246336
video_1117352411007246336,label_topic_1117352411007246336
video_1117609109555183616,label_emotion_1117609109555183616
video_1117609109555183616,label_topic_1117609109555183616
video_1117635700914032640,label_emotion_1117635700914032640
video_1117635700914032640,label_topic_1117635700914032640
video_1118074285567909888,label_emotion_1118074285567909888
video_1118074285567909888,label_topic_1118074285567909888
video_1118326100557180928,label_emotion_1118326100557180928
video_1118326100557180928,label_topic_1118326100557180928
video_1118342327396659200,label_emotion_1118342327396659200
video_1118342327396659200,label_topic_1118342327396659200
video_1118654490065932288,label_emotion_1118654490065932288
video_1118654490065932288,label_topic_1118654490065932288
video_1118658638433644544,label_emotion_1118658638433644544
video_1118658638433644544,label_topic_1118658638433644544
video_1118818378325385216,label_emotion_1118818378325385216
video_1118818378325385216,label_topic_1118818378325385216
video_1119062733426712576,label_emotion_1119062733426712576
video_1119062733426712576,label_topic_1119062733426712576
video_1119743265634504704,label_emotion_1119743265634504704
video_1119743265634504704,label_topic_1119743265634504704
video_1119903629130801152,label_emotion_1119903629130801152
video_1119903629130801152,label_topic_1119903629130801152
video_1119946419399172096,label_emotion_1119946419399172096
video_1119946419399172096,label_topic_1119946419399172096
video_1120192382017613824,label_emotion_1120192382017613824
video_1120192382017613824,label_topic_1120192382017613824
video_1120196474228412416,label_emotion_1120196474228412416
video_1120196474228412416,label_topic_1120196474228412416
video_1120215944149819392,label_emotion_1120215944149819392
video_1120215944149819392,label_topic_1120215944149819392
video_1120230350132772864,label_emotion_1120230350132772864
video_1120230350132772864,label_topic_1120230350132772864
video_1120955068431372288,label_emotion_1120955068431372288
video_1120955068431372288,label_topic_1120955068431372288
video_1120980150667079680,label_emotion_1120980150667079680
video_1120980150667079680,label_topic_1120980150667079680
video_1121064275889537024,label_emotion_1121064275889537024
video_1121064275889537024,label_topic_1121064275889537024
video_1121066447423053824,label_emotion_1121066447423053824
video_1121066447423053824,label_topic_1121066447423053824
video_1121158480284499968,label_emotion_1121158480284499968
video_1121158480284499968,label_topic_1121158480284499968
video_1121212235147096064,label_emotion_1121212235147096064
video_1121212235147096064,label_topic_1121212235147096064
video_1121226538868731904,label_emotion_1121226538868731904
video_1121226538868731904,label_topic_1121226538868731904
video_1121250455540867072,label_emotion_1121250455540867072
video_1121250455540867072,label_topic_1121250455540867072
video_1121577975859580928,label_emotion_1121577975859580928
video_1121577975859580928,label_topic_1121577975859580928
video_1121606367468515328,label_emotion_1121606367468515328
video_1121606367468515328,label_topic_1121606367468515328
video_1121977124702605312,label_emotion_1121977124702605312
video_1121977124702605312,label_topic_1121977124702605312
video_1122565290144968704,label_emotion_1122565290144968704
video_1122565290144968704,label_topic_1122565290144968704
video_1122798217923645440,label_emotion_1122798217923645440
video_1122798217923645440,label_topic_1122798217923645440
video_1122916449963679744,label_emotion_1122916449963679744
video_1122916449963679744,label_topic_1122916449963679744
video_1123037967817043968,label_emotion_1123037967817043968
video_1123037967817043968,label_topic_1123037967817043968
video_1123093323410776064,label_emotion_1123093323410776064
video_1123093323410776064,label_topic_1123093323410776064
video_1123119034326523904,label_emotion_1123119034326523904
video_1123119034326523904,label_topic_1123119034326523904
video_1123308659594723328,label_emotion_1123308659594723328
video_1123308659594723328,label_topic_1123308659594723328
video_1123478650373783552,label_emotion_1123478650373783552
video_1123478650373783552,label_topic_1123478650373783552
video_1123525409330565120,label_emotion_1123525409330565120
video_1123525409330565120,label_topic_1123525409330565120
video_1123670404188282880,label_emotion_1123670404188282880
video_1123670404188282880,label_topic_1123670404188282880
video_1123778945582555136,label_emotion_1123778945582555136
video_1123778945582555136,label_topic_1123778945582555136
video_1123816384208752640,label_emotion_1123816384208752640
video_1123816384208752640,label_topic_1123816384208752640
video_1123819302441644032,label_emotion_1123819302441644032
video_1123819302441644032,label_topic_1123819302441644032
video_1124059566955757568,label_emotion_1124059566955757568
video_1124059566955757568,label_topic_1124059566955757568
video_1124193149447798784,label_emotion_1124193149447798784
video_1124193149447798784,label_topic_1124193149447798784
video_1124478819911585792,label_emotion_1124478819911585792
video_1124478819911585792,label_topic_1124478819911585792
video_1124903865352151040,label_emotion_1124903865352151040
video_1124903865352151040,label_topic_1124903865352151040
video_1125123219658354688,label_emotion_1125123219658354688
video_1125123219658354688,label_topic_1125123219658354688
video_1125144559953797120,label_emotion_1125144559953797120
video_1125144559953797120,label_topic_1125144559953797120
video_1125213533622435840,label_emotion_1125213533622435840
video_1125213533622435840,label_topic_1125213533622435840
video_1125222179148386304,label_emotion_1125222179148386304
video_1125222179148386304,label_topic_1125222179148386304
video_1125371652864389120,label_emotion_1125371652864389120
video_1125371652864389120,label_topic_1125371652864389120
video_1125967329365577728,label_emotion_1125967329365577728
video_1125967329365577728,label_topic_1125967329365577728
video_1126434493599809536,label_emotion_1126434493599809536
video_1126434493599809536,label_topic_1126434493599809536
video_1126666343656443904,label_emotion_1126666343656443904
video_1126666343656443904,label_topic_1126666343656443904
video_1126668932112158720,label_emotion_1126668932112158720
video_1126668932112158720,label_topic_1126668932112158720
video_1126712015210393600,label_emotion_1126712015210393600
video_1126712015210393600,label_topic_1126712015210393600
video_1127053283874267136,label_emotion_1127053283874267136
video_1127053283874267136,label_topic_1127053283874267136
video_1127158979873607680,label_emotion_1127158979873607680
video_1127158979873607680,label_topic_1127158979873607680
video_1127822026334154752,label_emotion_1127822026334154752
video_1127822026334154752,label_topic_1127822026334154752
video_1127876297960669184,label_emotion_1127876297960669184
video_1127876297960669184,label_topic_1127876297960669184
video_1127899310961647616,label_emotion_1127899310961647616
video_1127899310961647616,label_topic_1127899310961647616
video_1128105482884636672,label_emotion_1128105482884636672
video_1128105482884636672,label_topic_1128105482884636672
video_1128137015083618304,label_emotion_1128137015083618304
video_1128137015083618304,label_topic_1128137015083618304
video_1128501265627025408,label_emotion_1128501265627025408
video_1128501265627025408,label_topic_1128501265627025408
video_1128846724262416384,label_emotion_1128846724262416384
video_1128846724262416384,label_topic_1128846724262416384
video_1129971720628121600,label_emotion_1129971720628121600
video_1129971720628121600,label_topic_1129971720628121600
video_1130132083722067968,label_emotion_1130132083722067968
video_1130132083722067968,label_topic_1130132083722067968
video_1130232332545142784,label_emotion_1130232332545142784
video_1130232332545142784,label_topic_1130232332545142784
video_1130289000075177984,label_emotion_1130289000075177984
video_1130289000075177984,label_topic_1130289000075177984
video_1130614482700529664,label_emotion_1130614482700529664
video_1130614482700529664,label_topic_1130614482700529664
video_1130968503164329984,label_emotion_1130968503164329984
video_1130968503164329984,label_topic_1130968503164329984
video_1130982740506849280,label_emotion_1130982740506849280
video_1130982740506849280,label_topic_1130982740506849280
video_1131004326379503616,label_emotion_1131004326379503616
video_1131004326379503616,label_topic_1131004326379503616
video_1131097486707351552,label_emotion_1131097486707351552
video_1131097486707351552,label_topic_1131097486707351552
video_1131106768244871168,label_emotion_1131106768244871168
video_1131106768244871168,label_topic_1131106768244871168
video_1131394594089680896,label_emotion_1131394594089680896
video_1131394594089680896,label_topic_1131394594089680896
video_1131434704818540544,label_emotion_1131434704818540544
video_1131434704818540544,label_topic_1131434704818540544
video_1131786600502677504,label_emotion_1131786600502677504
video_1131786600502677504,label_topic_1131786600502677504
video_1131796294386483200,label_emotion_1131796294386483200
video_1131796294386483200,label_topic_1131796294386483200
video_1131877970764574720,label_emotion_1131877970764574720
video_1131877970764574720,label_topic_1131877970764574720
video_1131984583236198400,label_emotion_1131984583236198400
video_1131984583236198400,label_topic_1131984583236198400
video_1132085719264010240,label_emotion_1132085719264010240
video_1132085719264010240,label_topic_1132085719264010240
video_1132177012702806016,label_emotion_1132177012702806016
video_1132177012702806016,label_topic_1132177012702806016
video_1132434737164881920,label_emotion_1132434737164881920
video_1132434737164881920,label_topic_1132434737164881920
video_1132551371829207040,label_emotion_1132551371829207040
video_1132551371829207040,label_topic_1132551371829207040
video_1132907236507746304,label_emotion_1132907236507746304
video_1132907236507746304,label_topic_1132907236507746304
video_1133303721170997248,label_emotion_1133303721170997248
video_1133303721170997248,label_topic_1133303721170997248
video_1133597792259268608,label_emotion_1133597792259268608
video_1133597792259268608,label_topic_1133597792259268608
video_1133675111459774464,label_emotion_1133675111459774464
video_1133675111459774464,label_topic_1133675111459774464
video_1133907446788939776,label_emotion_1133907446788939776
video_1133907446788939776,label_topic_1133907446788939776
video_1134017703750103040,label_emotion_1134017703750103040
video_1134017703750103040,label_topic_1134017703750103040
video_1134574208522035200,label_emotion_1134574208522035200
video_1134574208522035200,label_topic_1134574208522035200
video_1134683032226336768,label_emotion_1134683032226336768
video_1134683032226336768,label_topic_1134683032226336768
video_1134692072150949888,label_emotion_1134692072150949888
video_1134692072150949888,label_topic_1134692072150949888
video_1134750388717752320,label_emotion_1134750388717752320
video_1134750388717752320,label_topic_1134750388717752320
video_1134908868867313664,label_emotion_1134908868867313664
video_1134908868867313664,label_topic_1134908868867313664
video_1135396246904094720,label_emotion_1135396246904094720
video_1135396246904094720,label_topic_1135396246904094720
video_1135661876378783744,label_emotion_1135661876378783744
video_1135661876378783744,label_topic_1135661876378783744
video_1136091225905082368,label_emotion_1136091225905082368
video_1136091225905082368,label_topic_1136091225905082368
video_1136438550527709184,label_emotion_1136438550527709184
video_1136438550527709184,label_topic_1136438550527709184
video_1136455692388089856,label_emotion_1136455692388089856
video_1136455692388089856,label_topic_1136455692388089856
video_1136542961623310336,label_emotion_1136542961623310336
video_1136542961623310336,label_topic_1136542961623310336
video_1136923911028723712,label_emotion_1136923911028723712
video_1136923911028723712,label_topic_1136923911028723712
video_1137168303912091648,label_emotion_1137168303912091648
video_1137168303912091648,label_topic_1137168303912091648
video_1137491857195315200,label_emotion_1137491857195315200
video_1137491857195315200,label_topic_1137491857195315200
video_1137537063202222080,label_emotion_1137537063202222080
video_1137537063202222080,label_topic_1137537063202222080
video_1137584551972270080,label_emotion_1137584551972270080
video_1137584551972270080,label_topic_1137584551972270080
video_1137629756226174976,label_emotion_1137629756226174976
video_1137629756226174976,label_topic_1137629756226174976
video_1137818305697390592,label_emotion_1137818305697390592
video_1137818305697390592,label_topic_1137818305697390592
video_1137818665115414528,label_emotion_1137818665115414528
video_1137818665115414528,label_topic_1137818665115414528
video_1138169176205225985,label_emotion_1138169176205225985
video_1138169176205225985,label_topic_1138169176205225985
video_1138227974857265152,label_emotion_1138227974857265152
video_1138227974857265152,label_topic_1138227974857265152
video_1139049958595825664,label_emotion_1139049958595825664
video_1139049958595825664,label_topic_1139049958595825664
video_1139057707211706368,label_emotion_1139057707211706368
video_1139057707211706368,label_topic_1139057707211706368
video_1139231068516737024,label_emotion_1139231068516737024
video_1139231068516737024,label_topic_1139231068516737024
video_1139338109591482368,label_emotion_1139338109591482368
video_1139338109591482368,label_topic_1139338109591482368
video_1139371426856730624,label_emotion_1139371426856730624
video_1139371426856730624,label_topic_1139371426856730624
video_1139484244960555008,label_emotion_1139484244960555008
video_1139484244960555008,label_topic_1139484244960555008
video_1139571355960934400,label_emotion_1139571355960934400
video_1139571355960934400,label_topic_1139571355960934400
video_1139998679755812864,label_emotion_1139998679755812864
video_1139998679755812864,label_topic_1139998679755812864
video_1140064326645075968,label_emotion_1140064326645075968
video_1140064326645075968,label_topic_1140064326645075968
video_1140092730949672960,label_emotion_1140092730949672960
video_1140092730949672960,label_topic_1140092730949672960
video_1140761601281069056,label_emotion_1140761601281069056
video_1140761601281069056,label_topic_1140761601281069056
video_1140906491818233856,label_emotion_1140906491818233856
video_1140906491818233856,label_topic_1140906491818233856
video_1140936616479985664,label_emotion_1140936616479985664
video_1140936616479985664,label_topic_1140936616479985664
video_1140939557404024832,label_emotion_1140939557404024832
video_1140939557404024832,label_topic_1140939557404024832
video_1141143060303282176,label_emotion_1141143060303282176
video_1141143060303282176,label_topic_1141143060303282176
video_1141578684688445440,label_emotion_1141578684688445440
video_1141578684688445440,label_topic_1141578684688445440
video_1141606450175594496,label_emotion_1141606450175594496
video_1141606450175594496,label_topic_1141606450175594496
video_1141891042325520384,label_emotion_1141891042325520384
video_1141891042325520384,label_topic_1141891042325520384
video_1142134642015895552,label_emotion_1142134642015895552
video_1142134642015895552,label_topic_1142134642015895552
video_1142252770586521600,label_emotion_1142252770586521600
video_1142252770586521600,label_topic_1142252770586521600
video_1142331209431846912,label_emotion_1142331209431846912
video_1142331209431846912,label_topic_1142331209431846912
video_1142441980983689216,label_emotion_1142441980983689216
video_1142441980983689216,label_topic_1142441980983689216
video_1143223431605952512,label_emotion_1143223431605952512
video_1143223431605952512,label_topic_1143223431605952512
video_1143287259584675840,label_emotion_1143287259584675840
video_1143287259584675840,label_topic_1143287259584675840
video_1143289117963067392,label_emotion_1143289117963067392
video_1143289117963067392,label_topic_1143289117963067392
video_1144054832739561472,label_emotion_1144054832739561472
video_1144054832739561472,label_topic_1144054832739561472
video_1144089309163761664,label_emotion_1144089309163761664
video_1144089309163761664,label_topic_1144089309163761664
video_1144094099423514624,label_emotion_1144094099423514624
video_1144094099423514624,label_topic_1144094099423514624
video_1144141477287514112,label_emotion_1144141477287514112
video_1144141477287514112,label_topic_1144141477287514112
video_1144331807962107904,label_emotion_1144331807962107904
video_1144331807962107904,label_topic_1144331807962107904
video_1144357237079343104,label_emotion_1144357237079343104
video_1144357237079343104,label_topic_1144357237079343104
video_1144852046810681344,label_emotion_1144852046810681344
video_1144852046810681344,label_topic_1144852046810681344
video_1145093858573631488,label_emotion_1145093858573631488
video_1145093858573631488,label_topic_1145093858573631488
video_1145133476874444800,label_emotion_1145133476874444800
video_1145133476874444800,label_topic_1145133476874444800
video_1145255386925215744,label_emotion_1145255386925215744
video_1145255386925215744,label_topic_1145255386925215744
video_1145462513799180288,label_emotion_1145462513799180288
video_1145462513799180288,label_topic_1145462513799180288
video_1145541936233512960,label_emotion_1145541936233512960
video_1145541936233512960,label_topic_1145541936233512960
video_1145644420725678080,label_emotion_1145644420725678080
video_1145644420725678080,label_topic_1145644420725678080
video_1145850829799116800,label_emotion_1145850829799116800
video_1145850829799116800,label_topic_1145850829799116800
video_1145901976232550400,label_emotion_1145901976232550400
video_1145901976232550400,label_topic_1145901976232550400
video_1145975873728655360,label_emotion_1145975873728655360
video_1145975873728655360,label_topic_1145975873728655360
video_1145994207522361344,label_emotion_1145994207522361344
video_1145994207522361344,label_topic_1145994207522361344
video_1146249209444712448,label_emotion_1146249209444712448
video_1146249209444712448,label_topic_1146249209444712448
video_1146255566205804544,label_emotion_1146255566205804544
video_1146255566205804544,label_topic_1146255566205804544
video_1146305661932544000,label_emotion_1146305661932544000
video_1146305661932544000,label_topic_1146305661932544000
video_1146660619244724224,label_emotion_1146660619244724224
video_1146660619244724224,label_topic_1146660619244724224
video_1146660624768872448,label_emotion_1146660624768872448
video_1146660624768872448,label_topic_1146660624768872448
video_1146682191703834624,label_emotion_1146682191703834624
video_1146682191703834624,label_topic_1146682191703834624
video_1146773813787328512,label_emotion_1146773813787328512
video_1146773813787328512,label_topic_1146773813787328512
video_1146944515064893440,label_emotion_1146944515064893440
video_1146944515064893440,label_topic_1146944515064893440
video_1146973250014863360,label_emotion_1146973250014863360
video_1146973250014863360,label_topic_1146973250014863360
video_1147038872589438976,label_emotion_1147038872589438976
video_1147038872589438976,label_topic_1147038872589438976
video_1147079459804004352,label_emotion_1147079459804004352
video_1147079459804004352,label_topic_1147079459804004352
video_1147087383884611584,label_emotion_1147087383884611584
video_1147087383884611584,label_topic_1147087383884611584
video_1147214053744226304,label_emotion_1147214053744226304
video_1147214053744226304,label_topic_1147214053744226304
video_1147331269718618112,label_emotion_1147331269718618112
video_1147331269718618112,label_topic_1147331269718618112
video_1147338356309544960,label_emotion_1147338356309544960
video_1147338356309544960,label_topic_1147338356309544960
video_1147707543662247936,label_emotion_1147707543662247936
video_1147707543662247936,label_topic_1147707543662247936
video_1147790913473802240,label_emotion_1147790913473802240
video_1147790913473802240,label_topic_1147790913473802240
video_1148850447302692864,label_emotion_1148850447302692864
video_1148850447302692864,label_topic_1148850447302692864
video_1148862471034011648,label_emotion_1148862471034011648
video_1148862471034011648,label_topic_1148862471034011648
video_1148864800336834560,label_emotion_1148864800336834560
video_1148864800336834560,label_topic_1148864800336834560
video_1148870331159699456,label_emotion_1148870331159699456
video_1148870331159699456,label_topic_1148870331159699456
video_1148886527963955200,label_emotion_1148886527963955200
video_1148886527963955200,label_topic_1148886527963955200
video_1148898679500255232,label_emotion_1148898679500255232
video_1148898679500255232,label_topic_1148898679500255232
video_1148914872248410112,label_emotion_1148914872248410112
video_1148914872248410112,label_topic_1148914872248410112
video_1149037756371320832,label_emotion_1149037756371320832
video_1149037756371320832,label_topic_1149037756371320832
video_1149040324006629376,label_emotion_1149040324006629376
video_1149040324006629376,label_topic_1149040324006629376
video_1149078962279211008,label_emotion_1149078962279211008
video_1149078962279211008,label_topic_1149078962279211008
video_1149097542819139584,label_emotion_1149097542819139584
video_1149097542819139584,label_topic_1149097542819139584
video_1149108835580022784,label_emotion_1149108835580022784
video_1149108835580022784,label_topic_1149108835580022784
video_1149113030794485760,label_emotion_1149113030794485760
video_1149113030794485760,label_topic_1149113030794485760
video_1149143832555147264,label_emotion_1149143832555147264
video_1149143832555147264,label_topic_1149143832555147264
video_1149150181552459776,label_emotion_1149150181552459776
video_1149150181552459776,label_topic_1149150181552459776
video_1149178946789986304,label_emotion_1149178946789986304
video_1149178946789986304,label_topic_1149178946789986304
video_1149189214303641600,label_emotion_1149189214303641600
video_1149189214303641600,label_topic_1149189214303641600
video_1149544187516035072,label_emotion_1149544187516035072
video_1149544187516035072,label_topic_1149544187516035072
video_1149761218580512768,label_emotion_1149761218580512768
video_1149761218580512768,label_topic_1149761218580512768
video_1149815277853339648,label_emotion_1149815277853339648
video_1149815277853339648,label_topic_1149815277853339648
video_1150153898221604864,label_emotion_1150153898221604864
video_1150153898221604864,label_topic_1150153898221604864
video_1150175436693749760,label_emotion_1150175436693749760
video_1150175436693749760,label_topic_1150175436693749760
video_1150217176888815616,label_emotion_1150217176888815616
video_1150217176888815616,label_topic_1150217176888815616
video_1150286134589440000,label_emotion_1150286134589440000
video_1150286134589440000,label_topic_1150286134589440000
video_1150320501583921152,label_emotion_1150320501583921152
video_1150320501583921152,label_topic_1150320501583921152
video_1150544685866143744,label_emotion_1150544685866143744
video_1150544685866143744,label_topic_1150544685866143744
video_1150549817399898112,label_emotion_1150549817399898112
video_1150549817399898112,label_topic_1150549817399898112
video_1150571393902436352,label_emotion_1150571393902436352
video_1150571393902436352,label_topic_1150571393902436352
video_1150732310153666560,label_emotion_1150732310153666560
video_1150732310153666560,label_topic_1150732310153666560
video_1150974608728883200,label_emotion_1150974608728883200
video_1150974608728883200,label_topic_1150974608728883200
video_1151041668502671360,label_emotion_1151041668502671360
video_1151041668502671360,label_topic_1151041668502671360
video_1151131828892114944,label_emotion_1151131828892114944
video_1151131828892114944,label_topic_1151131828892114944
video_1151348347664293888,label_emotion_1151348347664293888
video_1151348347664293888,label_topic_1151348347664293888
video_1151375296252272640,label_emotion_1151375296252272640
video_1151375296252272640,label_topic_1151375296252272640
video_1151417953988849664,label_emotion_1151417953988849664
video_1151417953988849664,label_topic_1151417953988849664
video_1151438803857186816,label_emotion_1151438803857186816
video_1151438803857186816,label_topic_1151438803857186816
video_1151751082146471936,label_emotion_1151751082146471936
video_1151751082146471936,label_topic_1151751082146471936
video_1152013993666629632,label_emotion_1152013993666629632
video_1152013993666629632,label_topic_1152013993666629632
video_1152035731439788032,label_emotion_1152035731439788032
video_1152035731439788032,label_topic_1152035731439788032
video_1152048842963853312,label_emotion_1152048842963853312
video_1152048842963853312,label_topic_1152048842963853312
video_1152109702961065984,label_emotion_1152109702961065984
video_1152109702961065984,label_topic_1152109702961065984
video_1152325866454708224,label_emotion_1152325866454708224
video_1152325866454708224,label_topic_1152325866454708224
video_1152375978807496704,label_emotion_1152375978807496704
video_1152375978807496704,label_topic_1152375978807496704
video_1152440031538262016,label_emotion_1152440031538262016
video_1152440031538262016,label_topic_1152440031538262016
video_1152467943851012096,label_emotion_1152467943851012096
video_1152467943851012096,label_topic_1152467943851012096
video_1152774856690098176,label_emotion_1152774856690098176
video_1152774856690098176,label_topic_1152774856690098176
video_1152796309452173312,label_emotion_1152796309452173312
video_1152796309452173312,label_topic_1152796309452173312
video_1152805998260617216,label_emotion_1152805998260617216
video_1152805998260617216,label_topic_1152805998260617216
video_1152816866960560128,label_emotion_1152816866960560128
video_1152816866960560128,label_topic_1152816866960560128
video_1153087665659604992,label_emotion_1153087665659604992
video_1153087665659604992,label_topic_1153087665659604992
video_1153121937149644800,label_emotion_1153121937149644800
video_1153121937149644800,label_topic_1153121937149644800
video_1153579232531042304,label_emotion_1153579232531042304
video_1153579232531042304,label_topic_1153579232531042304
video_1153805453625622528,label_emotion_1153805453625622528
video_1153805453625622528,label_topic_1153805453625622528
video_1153839686054285312,label_emotion_1153839686054285312
video_1153839686054285312,label_topic_1153839686054285312
video_1153877774747004928,label_emotion_1153877774747004928
video_1153877774747004928,label_topic_1153877774747004928
video_1153964867745886208,label_emotion_1153964867745886208
video_1153964867745886208,label_topic_1153964867745886208
video_1154187672588529664,label_emotion_1154187672588529664
video_1154187672588529664,label_topic_1154187672588529664
video_1154245906804473856,label_emotion_1154245906804473856
video_1154245906804473856,label_topic_1154245906804473856
video_1154295514678829056,label_emotion_1154295514678829056
video_1154295514678829056,label_topic_1154295514678829056
video_1154395340687204352,label_emotion_1154395340687204352
video_1154395340687204352,label_topic_1154395340687204352
video_1154563101698543616,label_emotion_1154563101698543616
video_1154563101698543616,label_topic_1154563101698543616
video_1154631183800373248,label_emotion_1154631183800373248
video_1154631183800373248,label_topic_1154631183800373248
video_1154637880610746368,label_emotion_1154637880610746368
video_1154637880610746368,label_topic_1154637880610746368
video_1154691382318178304,label_emotion_1154691382318178304
video_1154691382318178304,label_topic_1154691382318178304
video_1155021840100564992,label_emotion_1155021840100564992
video_1155021840100564992,label_topic_1155021840100564992
video_1155088061789569024,label_emotion_1155088061789569024
video_1155088061789569024,label_topic_1155088061789569024
video_1155434003936194560,label_emotion_1155434003936194560
video_1155434003936194560,label_topic_1155434003936194560
video_1155900416773836800,label_emotion_1155900416773836800
video_1155900416773836800,label_topic_1155900416773836800
video_1155963415588950016,label_emotion_1155963415588950016
video_1155963415588950016,label_topic_1155963415588950016
video_1155999615620157440,label_emotion_1155999615620157440
video_1155999615620157440,label_topic_1155999615620157440
video_1156289459633999872,label_emotion_1156289459633999872
video_1156289459633999872,label_topic_1156289459633999872
video_1156414078580133888,label_emotion_1156414078580133888
video_1156414078580133888,label_topic_1156414078580133888
video_1156453163369406464,label_emotion_1156453163369406464
video_1156453163369406464,label_topic_1156453163369406464
video_1156459766562889728,label_emotion_1156459766562889728
video_1156459766562889728,label_topic_1156459766562889728
video_1156467652974342144,label_emotion_1156467652974342144
video_1156467652974342144,label_topic_1156467652974342144
video_1156637482440609792,label_emotion_1156637482440609792
video_1156637482440609792,label_topic_1156637482440609792
video_1156758594600284160,label_emotion_1156758594600284160
video_1156758594600284160,label_topic_1156758594600284160
video_1157172778362175488,label_emotion_1157172778362175488
video_1157172778362175488,label_topic_1157172778362175488
video_1157191751178588160,label_emotion_1157191751178588160
video_1157191751178588160,label_topic_1157191751178588160
video_1157453574419460096,label_emotion_1157453574419460096
video_1157453574419460096,label_topic_1157453574419460096
video_1157541403673403392,label_emotion_1157541403673403392
video_1157541403673403392,label_topic_1157541403673403392
video_1157551263320367104,label_emotion_1157551263320367104
video_1157551263320367104,label_topic_1157551263320367104
video_1157568108295270400,label_emotion_1157568108295270400
video_1157568108295270400,label_topic_1157568108295270400
video_1157810188783390720,label_emotion_1157810188783390720
video_1157810188783390720,label_topic_1157810188783390720
video_1157842244938698752,label_emotion_1157842244938698752
video_1157842244938698752,label_topic_1157842244938698752
video_1157935387629731840,label_emotion_1157935387629731840
video_1157935387629731840,label_topic_1157935387629731840
video_1158208932159123456,label_emotion_1158208932159123456
video_1158208932159123456,label_topic_1158208932159123456
video_1158950726895394816,label_emotion_1158950726895394816
video_1158950726895394816,label_topic_1158950726895394816
video_1158959873166389248,label_emotion_1158959873166389248
video_1158959873166389248,label_topic_1158959873166389248
video_1158987090408112128,label_emotion_1158987090408112128
video_1158987090408112128,label_topic_1158987090408112128
video_1159001002570125312,label_emotion_1159001002570125312
video_1159001002570125312,label_topic_1159001002570125312
video_1159212859239321600,label_emotion_1159212859239321600
video_1159212859239321600,label_topic_1159212859239321600
video_1159223757680914432,label_emotion_1159223757680914432
video_1159223757680914432,label_topic_1159223757680914432
video_1159300006243655680,label_emotion_1159300006243655680
video_1159300006243655680,label_topic_1159300006243655680
video_1159325623031095296,label_emotion_1159325623031095296
video_1159325623031095296,label_topic_1159325623031095296
video_1159386710598402048,label_emotion_1159386710598402048
video_1159386710598402048,label_topic_1159386710598402048
video_1159462478544101376,label_emotion_1159462478544101376
video_1159462478544101376,label_topic_1159462478544101376
video_1159515118229397504,label_emotion_1159515118229397504
video_1159515118229397504,label_topic_1159515118229397504
video_1159559695544299520,label_emotion_1159559695544299520
video_1159559695544299520,label_topic_1159559695544299520
video_1159585512882143232,label_emotion_1159585512882143232
video_1159585512882143232,label_topic_1159585512882143232
video_1160347476902006784,label_emotion_1160347476902006784
video_1160347476902006784,label_topic_1160347476902006784
video_1160414289270632448,label_emotion_1160414289270632448
video_1160414289270632448,label_topic_1160414289270632448
video_1160685224867364864,label_emotion_1160685224867364864
video_1160685224867364864,label_topic_1160685224867364864
video_1160687030888706048,label_emotion_1160687030888706048
video_1160687030888706048,label_topic_1160687030888706048
video_1160855446715092992,label_emotion_1160855446715092992
video_1160855446715092992,label_topic_1160855446715092992
video_1160900609034358784,label_emotion_1160900609034358784
video_1160900609034358784,label_topic_1160900609034358784
video_1161011745188642816,label_emotion_1161011745188642816
video_1161011745188642816,label_topic_1161011745188642816
video_1161096355180343296,label_emotion_1161096355180343296
video_1161096355180343296,label_topic_1161096355180343296
video_1161274434586574848,label_emotion_1161274434586574848
video_1161274434586574848,label_topic_1161274434586574848
video_1161351608429625344,label_emotion_1161351608429625344
video_1161351608429625344,label_topic_1161351608429625344
video_1161367022081286144,label_emotion_1161367022081286144
video_1161367022081286144,label_topic_1161367022081286144
video_1161394357018984448,label_emotion_1161394357018984448
video_1161394357018984448,label_topic_1161394357018984448
video_1161460481937096704,label_emotion_1161460481937096704
video_1161460481937096704,label_topic_1161460481937096704
video_1161504489703194624,label_emotion_1161504489703194624
video_1161504489703194624,label_topic_1161504489703194624
video_1161576632339873792,label_emotion_1161576632339873792
video_1161576632339873792,label_topic_1161576632339873792
video_1161738248465584128,label_emotion_1161738248465584128
video_1161738248465584128,label_topic_1161738248465584128
video_1161761878444322816,label_emotion_1161761878444322816
video_1161761878444322816,label_topic_1161761878444322816
video_1161768321448910848,label_emotion_1161768321448910848
video_1161768321448910848,label_topic_1161768321448910848
video_1161834111133155329,label_emotion_1161834111133155329
video_1161834111133155329,label_topic_1161834111133155329
video_1161854419499900928,label_emotion_1161854419499900928
video_1161854419499900928,label_topic_1161854419499900928
video_1161944831988289536,label_emotion_1161944831988289536
video_1161944831988289536,label_topic_1161944831988289536
video_1161979387932291072,label_emotion_1161979387932291072
video_1161979387932291072,label_topic_1161979387932291072
video_1162164653938376704,label_emotion_1162164653938376704
video_1162164653938376704,label_topic_1162164653938376704
video_1162171218322206720,label_emotion_1162171218322206720
video_1162171218322206720,label_topic_1162171218322206720
video_1162188993182695424,label_emotion_1162188993182695424
video_1162188993182695424,label_topic_1162188993182695424
video_1162257615913467904,label_emotion_1162257615913467904
video_1162257615913467904,label_topic_1162257615913467904
video_1162527278816165888,label_emotion_1162527278816165888
video_1162527278816165888,label_topic_1162527278816165888
video_1162579099936542720,label_emotion_1162579099936542720
video_1162579099936542720,label_topic_1162579099936542720
video_1162580603787464704,label_emotion_1162580603787464704
video_1162580603787464704,label_topic_1162580603787464704
video_1162626868445327360,label_emotion_1162626868445327360
video_1162626868445327360,label_topic_1162626868445327360
video_1162654097317531648,label_emotion_1162654097317531648
video_1162654097317531648,label_topic_1162654097317531648
video_1162671506677997568,label_emotion_1162671506677997568
video_1162671506677997568,label_topic_1162671506677997568
video_1162892916084375552,label_emotion_1162892916084375552
video_1162892916084375552,label_topic_1162892916084375552
video_1162968975672778752,label_emotion_1162968975672778752
video_1162968975672778752,label_topic_1162968975672778752
video_1162995993596370944,label_emotion_1162995993596370944
video_1162995993596370944,label_topic_1162995993596370944
video_1163154798393061376,label_emotion_1163154798393061376
video_1163154798393061376,label_topic_1163154798393061376
video_1163260773993480192,label_emotion_1163260773993480192
video_1163260773993480192,label_topic_1163260773993480192
video_1163434661226446848,label_emotion_1163434661226446848
video_1163434661226446848,label_topic_1163434661226446848
video_1163561219811172352,label_emotion_1163561219811172352
video_1163561219811172352,label_topic_1163561219811172352
video_1163579451632771072,label_emotion_1163579451632771072
video_1163579451632771072,label_topic_1163579451632771072
video_1163626828175691776,label_emotion_1163626828175691776
video_1163626828175691776,label_topic_1163626828175691776
video_1163980691873357824,label_emotion_1163980691873357824
video_1163980691873357824,label_topic_1163980691873357824
video_1164065840933773312,label_emotion_1164065840933773312
video_1164065840933773312,label_topic_1164065840933773312
video_1164091195023306752,label_emotion_1164091195023306752
video_1164091195023306752,label_topic_1164091195023306752
video_1164288224353816576,label_emotion_1164288224353816576
video_1164288224353816576,label_topic_1164288224353816576
video_1164406383115116544,label_emotion_1164406383115116544
video_1164406383115116544,label_topic_1164406383115116544
video_1164774910267441152,label_emotion_1164774910267441152
video_1164774910267441152,label_topic_1164774910267441152
video_1164828038630879232,label_emotion_1164828038630879232
video_1164828038630879232,label_topic_1164828038630879232
video_1164855192760602624,label_emotion_1164855192760602624
video_1164855192760602624,label_topic_1164855192760602624
video_1165086499860275200,label_emotion_1165086499860275200
video_1165086499860275200,label_topic_1165086499860275200
video_1165174042676912128,label_emotion_1165174042676912128
video_1165174042676912128,label_topic_1165174042676912128
video_1165506062229676032,label_emotion_1165506062229676032
video_1165506062229676032,label_topic_1165506062229676032
video_1165738614752411648,label_emotion_1165738614752411648
video_1165738614752411648,label_topic_1165738614752411648
video_1165764066229542912,label_emotion_1165764066229542912
video_1165764066229542912,label_topic_1165764066229542912
video_1165783210110701568,label_emotion_1165783210110701568
video_1165783210110701568,label_topic_1165783210110701568
video_1165856327927750656,label_emotion_1165856327927750656
video_1165856327927750656,label_topic_1165856327927750656
video_1165888095896649728,label_emotion_1165888095896649728
video_1165888095896649728,label_topic_1165888095896649728
video_1166111009145245696,label_emotion_1166111009145245696
video_1166111009145245696,label_topic_1166111009145245696
video_1166131397384433664,label_emotion_1166131397384433664
video_1166131397384433664,label_topic_1166131397384433664
video_1166274181290512384,label_emotion_1166274181290512384
video_1166274181290512384,label_topic_1166274181290512384
video_1166565010009370624,label_emotion_1166565010009370624
video_1166565010009370624,label_topic_1166565010009370624
video_1166952370773897216,label_emotion_1166952370773897216
video_1166952370773897216,label_topic_1166952370773897216
video_1166993514807304192,label_emotion_1166993514807304192
video_1166993514807304192,label_topic_1166993514807304192
video_1167285168810471424,label_emotion_1167285168810471424
video_1167285168810471424,label_topic_1167285168810471424
video_1167324347300724736,label_emotion_1167324347300724736
video_1167324347300724736,label_topic_1167324347300724736
video_1167671471288844288,label_emotion_1167671471288844288
video_1167671471288844288,label_topic_1167671471288844288
video_1167693037900857344,label_emotion_1167693037900857344
video_1167693037900857344,label_topic_1167693037900857344
video_1167724898471256064,label_emotion_1167724898471256064
video_1167724898471256064,label_topic_1167724898471256064
video_1167795973586853888,label_emotion_1167795973586853888
video_1167795973586853888,label_topic_1167795973586853888
video_1167971795727470592,label_emotion_1167971795727470592
video_1167971795727470592,label_topic_1167971795727470592
video_1168252445500276736,label_emotion_1168252445500276736
video_1168252445500276736,label_topic_1168252445500276736
video_1168320669927215104,label_emotion_1168320669927215104
video_1168320669927215104,label_topic_1168320669927215104
video_1168334899766272000,label_emotion_1168334899766272000
video_1168334899766272000,label_topic_1168334899766272000
video_1168346839330738176,label_emotion_1168346839330738176
video_1168346839330738176,label_topic_1168346839330738176
video_1168389164421763072,label_emotion_1168389164421763072
video_1168389164421763072,label_topic_1168389164421763072
video_1168612975406645248,label_emotion_1168612975406645248
video_1168612975406645248,label_topic_1168612975406645248
video_1168651744683921408,label_emotion_1168651744683921408
video_1168651744683921408,label_topic_1168651744683921408
video_1168674303898976256,label_emotion_1168674303898976256
video_1168674303898976256,label_topic_1168674303898976256
video_1168806492346982400,label_emotion_1168806492346982400
video_1168806492346982400,label_topic_1168806492346982400
video_1169048030134378496,label_emotion_1169048030134378496
video_1169048030134378496,label_topic_1169048030134378496
video_1169050854352097280,label_emotion_1169050854352097280
video_1169050854352097280,label_topic_1169050854352097280
video_1169093466169511936,label_emotion_1169093466169511936
video_1169093466169511936,label_topic_1169093466169511936
video_1169158296855359488,label_emotion_1169158296855359488
video_1169158296855359488,label_topic_1169158296855359488
video_1169169185545318400,label_emotion_1169169185545318400
video_1169169185545318400,label_topic_1169169185545318400
video_1169358143893966848,label_emotion_1169358143893966848
video_1169358143893966848,label_topic_1169358143893966848
video_1169427455535419392,label_emotion_1169427455535419392
video_1169427455535419392,label_topic_1169427455535419392
video_1169489874899066880,label_emotion_1169489874899066880
video_1169489874899066880,label_topic_1169489874899066880
video_1169494844386037760,label_emotion_1169494844386037760
video_1169494844386037760,label_topic_1169494844386037760
video_1169509008340873216,label_emotion_1169509008340873216
video_1169509008340873216,label_topic_1169509008340873216
video_1169688255890186240,label_emotion_1169688255890186240
video_1169688255890186240,label_topic_1169688255890186240
video_1170095958982549504,label_emotion_1170095958982549504
video_1170095958982549504,label_topic_1170095958982549504
video_1170173033755934720,label_emotion_1170173033755934720
video_1170173033755934720,label_topic_1170173033755934720
video_1170303946817167360,label_emotion_1170303946817167360
video_1170303946817167360,label_topic_1170303946817167360
video_1170465736184012800,label_emotion_1170465736184012800
video_1170465736184012800,label_topic_1170465736184012800
video_1170466885566111744,label_emotion_1170466885566111744
video_1170466885566111744,label_topic_1170466885566111744
video_1170556890108088320,label_emotion_1170556890108088320
video_1170556890108088320,label_topic_1170556890108088320
video_1170871500140666880,label_emotion_1170871500140666880
video_1170871500140666880,label_topic_1170871500140666880
video_1170976393530941440,label_emotion_1170976393530941440
video_1170976393530941440,label_topic_1170976393530941440
video_1171065124103041024,label_emotion_1171065124103041024
video_1171065124103041024,label_topic_1171065124103041024
video_1171237779695689728,label_emotion_1171237779695689728
video_1171237779695689728,label_topic_1171237779695689728
video_1171260118231326721,label_emotion_1171260118231326721
video_1171260118231326721,label_topic_1171260118231326721
video_1171278643926863872,label_emotion_1171278643926863872
video_1171278643926863872,label_topic_1171278643926863872
video_1171672626838544384,label_emotion_1171672626838544384
video_1171672626838544384,label_topic_1171672626838544384
video_1171707907222761472,label_emotion_1171707907222761472
video_1171707907222761472,label_topic_1171707907222761472
video_1172007640122183680,label_emotion_1172007640122183680
video_1172007640122183680,label_topic_1172007640122183680
video_1172034196974489600,label_emotion_1172034196974489600
video_1172034196974489600,label_topic_1172034196974489600
video_1172059693724884992,label_emotion_1172059693724884992
video_1172059693724884992,label_topic_1172059693724884992
video_1172089525221363712,label_emotion_1172089525221363712
video_1172089525221363712,label_topic_1172089525221363712
video_1172294545229434880,label_emotion_1172294545229434880
video_1172294545229434880,label_topic_1172294545229434880
video_1172495009132781568,label_emotion_1172495009132781568
video_1172495009132781568,label_topic_1172495009132781568
video_1172703605590056960,label_emotion_1172703605590056960
video_1172703605590056960,label_topic_1172703605590056960
video_1172707363586002944,label_emotion_1172707363586002944
video_1172707363586002944,label_topic_1172707363586002944
video_1172723682289004544,label_emotion_1172723682289004544
video_1172723682289004544,label_topic_1172723682289004544
video_1172735260652687360,label_emotion_1172735260652687360
video_1172735260652687360,label_topic_1172735260652687360
video_1172805293197914112,label_emotion_1172805293197914112
video_1172805293197914112,label_topic_1172805293197914112
video_1173054632894054400,label_emotion_1173054632894054400
video_1173054632894054400,label_topic_1173054632894054400
video_1173106996371677184,label_emotion_1173106996371677184
video_1173106996371677184,label_topic_1173106996371677184
video_1173117061120327680,label_emotion_1173117061120327680
video_1173117061120327680,label_topic_1173117061120327680
video_1173253347336237056,label_emotion_1173253347336237056
video_1173253347336237056,label_topic_1173253347336237056
video_1173331691574583296,label_emotion_1173331691574583296
video_1173331691574583296,label_topic_1173331691574583296
video_1173344250096697344,label_emotion_1173344250096697344
video_1173344250096697344,label_topic_1173344250096697344
video_1173345217597095936,label_emotion_1173345217597095936
video_1173345217597095936,label_topic_1173345217597095936
video_1173457572985225216,label_emotion_1173457572985225216
video_1173457572985225216,label_topic_1173457572985225216
video_1173698181440397312,label_emotion_1173698181440397312
video_1173698181440397312,label_topic_1173698181440397312
video_1173764731941654528,label_emotion_1173764731941654528
video_1173764731941654528,label_topic_1173764731941654528
video_1173788073822248960,label_emotion_1173788073822248960
video_1173788073822248960,label_topic_1173788073822248960
video_1173871042415198208,label_emotion_1173871042415198208
video_1173871042415198208,label_topic_1173871042415198208
video_1173871317838430208,label_emotion_1173871317838430208
video_1173871317838430208,label_topic_1173871317838430208
video_1173882968301883392,label_emotion_1173882968301883392
video_1173882968301883392,label_topic_1173882968301883392
video_1173883918076841984,label_emotion_1173883918076841984
video_1173883918076841984,label_topic_1173883918076841984
video_1174139920647086080,label_emotion_1174139920647086080
video_1174139920647086080,label_topic_1174139920647086080
video_1174190715665047552,label_emotion_1174190715665047552
video_1174190715665047552,label_topic_1174190715665047552
video_1174223732999438336,label_emotion_1174223732999438336
video_1174223732999438336,label_topic_1174223732999438336
video_1174245255768346624,label_emotion_1174245255768346624
video_1174245255768346624,label_topic_1174245255768346624
video_1174312914862411776,label_emotion_1174312914862411776
video_1174312914862411776,label_topic_1174312914862411776
video_1174521589077852160,label_emotion_1174521589077852160
video_1174521589077852160,label_topic_1174521589077852160
video_1174566324454768640,label_emotion_1174566324454768640
video_1174566324454768640,label_topic_1174566324454768640
video_1174852090141560832,label_emotion_1174852090141560832
video_1174852090141560832,label_topic_1174852090141560832
video_1174867646131699712,label_emotion_1174867646131699712
video_1174867646131699712,label_topic_1174867646131699712
video_1174929297677389824,label_emotion_1174929297677389824
video_1174929297677389824,label_topic_1174929297677389824
video_1174956015058567168,label_emotion_1174956015058567168
video_1174956015058567168,label_topic_1174956015058567168
video_1175171847919206400,label_emotion_1175171847919206400
video_1175171847919206400,label_topic_1175171847919206400
video_1175237914666627072,label_emotion_1175237914666627072
video_1175237914666627072,label_topic_1175237914666627072
video_1175534682763677696,label_emotion_1175534682763677696
video_1175534682763677696,label_topic_1175534682763677696
video_1175799532286894080,label_emotion_1175799532286894080
video_1175799532286894080,label_topic_1175799532286894080
video_1175909985952190464,label_emotion_1175909985952190464
video_1175909985952190464,label_topic_1175909985952190464
video_1175946850696650752,label_emotion_1175946850696650752
video_1175946850696650752,label_topic_1175946850696650752
video_1176245201720033280,label_emotion_1176245201720033280
video_1176245201720033280,label_topic_1176245201720033280
video_1176398683009388544,label_emotion_1176398683009388544
video_1176398683009388544,label_topic_1176398683009388544
video_1176404479424471040,label_emotion_1176404479424471040
video_1176404479424471040,label_topic_1176404479424471040
video_1176409811588722689,label_emotion_1176409811588722689
video_1176409811588722689,label_topic_1176409811588722689
video_1176423855544258560,label_emotion_1176423855544258560
video_1176423855544258560,label_topic_1176423855544258560
video_1176468460994273280,label_emotion_1176468460994273280
video_1176468460994273280,label_topic_1176468460994273280
video_1176770072732479488,label_emotion_1176770072732479488
video_1176770072732479488,label_topic_1176770072732479488
video_1176833275743068160,label_emotion_1176833275743068160
video_1176833275743068160,label_topic_1176833275743068160
video_1177065690230943744,label_emotion_1177065690230943744
video_1177065690230943744,label_topic_1177065690230943744
video_1177099043068051456,label_emotion_1177099043068051456
video_1177099043068051456,label_topic_1177099043068051456
video_1177102953841311744,label_emotion_1177102953841311744
video_1177102953841311744,label_topic_1177102953841311744
video_1177141283874082816,label_emotion_1177141283874082816
video_1177141283874082816,label_topic_1177141283874082816
video_1177434684763013120,label_emotion_1177434684763013120
video_1177434684763013120,label_topic_1177434684763013120
video_1177470110844268544,label_emotion_1177470110844268544
video_1177470110844268544,label_topic_1177470110844268544
video_1177505698758692864,label_emotion_1177505698758692864
video_1177505698758692864,label_topic_1177505698758692864
video_1177781116413820928,label_emotion_1177781116413820928
video_1177781116413820928,label_topic_1177781116413820928
video_1177969231829131264,label_emotion_1177969231829131264
video_1177969231829131264,label_topic_1177969231829131264
video_1178132993827835904,label_emotion_1178132993827835904
video_1178132993827835904,label_topic_1178132993827835904
video_1178177738159624192,label_emotion_1178177738159624192
video_1178177738159624192,label_topic_1178177738159624192
video_1178264272132829184,label_emotion_1178264272132829184
video_1178264272132829184,label_topic_1178264272132829184
video_1178391541912653824,label_emotion_1178391541912653824
video_1178391541912653824,label_topic_1178391541912653824
video_1178447414039130112,label_emotion_1178447414039130112
video_1178447414039130112,label_topic_1178447414039130112
video_1178457386067935232,label_emotion_1178457386067935232
video_1178457386067935232,label_topic_1178457386067935232
video_1178570675292639232,label_emotion_1178570675292639232
video_1178570675292639232,label_topic_1178570675292639232
video_1178583926424612864,label_emotion_1178583926424612864
video_1178583926424612864,label_topic_1178583926424612864
video_1178591154238050304,label_emotion_1178591154238050304
video_1178591154238050304,label_topic_1178591154238050304
video_1178861486844547072,label_emotion_1178861486844547072
video_1178861486844547072,label_topic_1178861486844547072
video_1178927326902595584,label_emotion_1178927326902595584
video_1178927326902595584,label_topic_1178927326902595584
video_1178927796794634240,label_emotion_1178927796794634240
video_1178927796794634240,label_topic_1178927796794634240
video_1179210206551404544,label_emotion_1179210206551404544
video_1179210206551404544,label_topic_1179210206551404544
video_1179602719028248576,label_emotion_1179602719028248576
video_1179602719028248576,label_topic_1179602719028248576
video_1179657072758132736,label_emotion_1179657072758132736
video_1179657072758132736,label_topic_1179657072758132736
video_1179668668150398976,label_emotion_1179668668150398976
video_1179668668150398976,label_topic_1179668668150398976
video_1180058415821746176,label_emotion_1180058415821746176
video_1180058415821746176,label_topic_1180058415821746176
video_1180304109229035520,label_emotion_1180304109229035520
video_1180304109229035520,label_topic_1180304109229035520
video_1180317338965278720,label_emotion_1180317338965278720
video_1180317338965278720,label_topic_1180317338965278720
video_1180639864811597824,label_emotion_1180639864811597824
video_1180639864811597824,label_topic_1180639864811597824
video_1180641213356085248,label_emotion_1180641213356085248
video_1180641213356085248,label_topic_1180641213356085248
video_1180688980115861504,label_emotion_1180688980115861504
video_1180688980115861504,label_topic_1180688980115861504
video_1180727889881411584,label_emotion_1180727889881411584
video_1180727889881411584,label_topic_1180727889881411584
video_1180985670383128576,label_emotion_1180985670383128576
video_1180985670383128576,label_topic_1180985670383128576
video_1181066254816030720,label_emotion_1181066254816030720
video_1181066254816030720,label_topic_1181066254816030720
video_1181136411290640384,label_emotion_1181136411290640384
video_1181136411290640384,label_topic_1181136411290640384
video_1181186912598253568,label_emotion_1181186912598253568
video_1181186912598253568,label_topic_1181186912598253568
video_1181354572539936768,label_emotion_1181354572539936768
video_1181354572539936768,label_topic_1181354572539936768
video_1181463329286619136,label_emotion_1181463329286619136
video_1181463329286619136,label_topic_1181463329286619136
video_1181490674051522560,label_emotion_1181490674051522560
video_1181490674051522560,label_topic_1181490674051522560
video_1181756604215922688,label_emotion_1181756604215922688
video_1181756604215922688,label_topic_1181756604215922688
video_1181848305580351488,label_emotion_1181848305580351488
video_1181848305580351488,label_topic_1181848305580351488
video_931024405042184192,label_emotion_931024405042184192
video_931024405042184192,label_topic_931024405042184192
video_934257439124123648,label_emotion_934257439124123648
video_934257439124123648,label_topic_934257439124123648
video_934329487129214976,label_emotion_934329487129214976
video_934329487129214976,label_topic_934329487129214976
video_943257274946842624,label_emotion_943257274946842624
video_943257274946842624,label_topic_943257274946842624
video_944713893912158208,label_emotion_944713893912158208
video_944713893912158208,label_topic_944713893912158208
video_945803943852818432,label_emotion_945803943852818432
video_945803943852818432,label_topic_945803943852818432
video_948030343389270016,label_emotion_948030343389270016
video_948030343389270016,label_topic_948030343389270016
video_948113155073118208,label_emotion_948113155073118208
video_948113155073118208,label_topic_948113155073118208
video_949149610885136384,label_emotion_949149610885136384
video_949149610885136384,label_topic_949149610885136384
video_951236509728641024,label_emotion_951236509728641024
video_951236509728641024,label_topic_951236509728641024
video_951264650761265152,label_emotion_951264650761265152
video_951264650761265152,label_topic_951264650761265152
video_951655802345795584,label_emotion_951655802345795584
video_951655802345795584,label_topic_951655802345795584
video_957020593801347072,label_emotion_957020593801347072
video_957020593801347072,label_topic_957020593801347072
video_957785592803020800,label_emotion_957785592803020800
video_957785592803020800,label_topic_957785592803020800
video_958401254873264128,label_emotion_958401254873264128
video_958401254873264128,label_topic_958401254873264128
video_958643388486467584,label_emotion_958643388486467584
video_958643388486467584,label_topic_958643388486467584
video_965522693774626816,label_emotion_965522693774626816
video_965522693774626816,label_topic_965522693774626816
video_973454446254489600,label_emotion_973454446254489600
video_973454446254489600,label_topic_973454446254489600
video_974527514401964032,label_emotion_974527514401964032
video_974527514401964032,label_topic_974527514401964032
video_975533569261043712,label_emotion_975533569261043712
video_975533569261043712,label_topic_975533569261043712
video_978943102335553536,label_emotion_978943102335553536
video_978943102335553536,label_topic_978943102335553536
video_981841413136666624,label_emotion_981841413136666624
video_981841413136666624,label_topic_981841413136666624
video_981968717728935936,label_emotion_981968717728935936
video_981968717728935936,label_topic_981968717728935936
video_982975898804736000,label_emotion_982975898804736000
video_982975898804736000,label_topic_982975898804736000
video_985793023009226752,label_emotion_985793023009226752
video_985793023009226752,label_topic_985793023009226752
video_986467756578951168,label_emotion_986467756578951168
video_986467756578951168,label_topic_986467756578951168
video_987238296176463872,label_emotion_987238296176463872
video_987238296176463872,label_topic_987238296176463872
video_987301818738839552,label_emotion_987301818738839552
video_987301818738839552,label_topic_987301818738839552
video_987882919152558080,label_emotion_987882919152558080
video_987882919152558080,label_topic_987882919152558080
video_988632692038025216,label_emotion_988632692038025216
video_988632692038025216,label_topic_988632692038025216
video_989014494384701440,label_emotion_989014494384701440
video_989014494384701440,label_topic_989014494384701440
video_990100922606993408,label_emotion_990100922606993408
video_990100922606993408,label_topic_990100922606993408
video_990183429989871616,label_emotion_990183429989871616
video_990183429989871616,label_topic_990183429989871616
video_990362753342521344,label_emotion_990362753342521344
video_990362753342521344,label_topic_990362753342521344
video_990785422521245696,label_emotion_990785422521245696
video_990785422521245696,label_topic_990785422521245696
video_991018949669957632,label_emotion_991018949669957632
video_991018949669957632,label_topic_991018949669957632
video_991891149956562944,label_emotion_991891149956562944
video_991891149956562944,label_topic_991891149956562944
video_993316994789093376,label_emotion_993316994789093376
video_993316994789093376,label_topic_993316994789093376
video_994090244574011392,label_emotion_994090244574011392
video_994090244574011392,label_topic_994090244574011392
video_994799845514846208,label_emotion_994799845514846208
video_994799845514846208,label_topic_994799845514846208
video_995662050179371008,label_emotion_995662050179371008
video_995662050179371008,label_topic_995662050179371008
video_995815198730706944,label_emotion_995815198730706944
video_995815198730706944,label_topic_995815198730706944
video_997005163342798848,label_emotion_997005163342798848
video_997005163342798848,label_topic_997005163342798848
video_997366810225803264,label_emotion_997366810225803264
video_997366810225803264,label_topic_997366810225803264
video_998151007915950080,label_emotion_998151007915950080
video_998151007915950080,label_topic_998151007915950080
video_999039695801720832,label_emotion_999039695801720832
video_999039695801720832,label_topic_999039695801720832
video_999405517518561280,label_emotion_999405517518561280
video_999405517518561280,label_topic_999405517518561280
video_999836029462667264,label_emotion_999836029462667264
video_999836029462667264,label_topic_999836029462667264
media_session_1001397703332573184,label_bullying_1001397703332573184
media_session_1001397703332573184,label_aggression_1001397703332573184
media_session_1001531161459441664,label_bullying_1001531161459441664
media_session_1001531161459441664,label_aggression_1001531161459441664
media_session_1001681548694978560,label_bullying_1001681548694978560
media_session_1001681548694978560,label_aggression_1001681548694978560
media_session_1003042166966312960,label_bullying_1003042166966312960
media_session_1003042166966312960,label_aggression_1003042166966312960
media_session_1003490149176602624,label_bullying_1003490149176602624
media_session_1003490149176602624,label_aggression_1003490149176602624
media_session_1003782474029248512,label_bullying_1003782474029248512
media_session_1003782474029248512,label_aggression_1003782474029248512
media_session_1004042856425508864,label_bullying_1004042856425508864
media_session_1004042856425508864,label_aggression_1004042856425508864
media_session_1004191380798881792,label_bullying_1004191380798881792
media_session_1004191380798881792,label_aggression_1004191380798881792
media_session_1005287795113463808,label_bullying_1005287795113463808
media_session_1005287795113463808,label_aggression_1005287795113463808
media_session_1005624904525201408,label_bullying_1005624904525201408
media_session_1005624904525201408,label_aggression_1005624904525201408
media_session_1006189706306084864,label_bullying_1006189706306084864
media_session_1006189706306084864,label_aggression_1006189706306084864
media_session_1006225114423021568,label_bullying_1006225114423021568
media_session_1006225114423021568,label_aggression_1006225114423021568
media_session_1006384270601768960,label_bullying_1006384270601768960
media_session_1006384270601768960,label_aggression_1006384270601768960
media_session_1006719408925827072,label_bullying_1006719408925827072
media_session_1006719408925827072,label_aggression_1006719408925827072
media_session_1007133962444914688,label_bullying_1007133962444914688
media_session_1007133962444914688,label_aggression_1007133962444914688
media_session_1008090316898803712,label_bullying_1008090316898803712
media_session_1008090316898803712,label_aggression_1008090316898803712
media_session_1008196651174727680,label_bullying_1008196651174727680
media_session_1008196651174727680,label_aggression_1008196651174727680
media_session_1008397706999549952,label_bullying_1008397706999549952
media_session_1008397706999549952,label_aggression_1008397706999549952
media_session_1009254563917803520,label_bullying_1009254563917803520
media_session_1009254563917803520,label_aggression_1009254563917803520
media_session_1009707103394627584,label_bullying_1009707103394627584
media_session_1009707103394627584,label_aggression_1009707103394627584
media_session_1010700490369089536,label_bullying_1010700490369089536
media_session_1010700490369089536,label_aggression_1010700490369089536
media_session_1010794773910863872,label_bullying_1010794773910863872
media_session_1010794773910863872,label_aggression_1010794773910863872
media_session_1010803384435216384,label_bullying_1010803384435216384
media_session_1010803384435216384,label_aggression_1010803384435216384
media_session_1011871419321417728,label_bullying_1011871419321417728
media_session_1011871419321417728,label_aggression_1011871419321417728
media_session_1012202601665691648,label_bullying_1012202601665691648
media_session_1012202601665691648,label_aggression_1012202601665691648
media_session_1012300587720699904,label_bullying_1012300587720699904
media_session_1012300587720699904,label_aggression_1012300587720699904
media_session_1012520751829598208,label_bullying_1012520751829598208
media_session_1012520751829598208,label_aggression_1012520751829598208
media_session_1012670469843058688,label_bullying_1012670469843058688
media_session_1012670469843058688,label_aggression_1012670469843058688
media_session_1013942839530467328,label_bullying_1013942839530467328
media_session_1013942839530467328,label_aggression_1013942839530467328
media_session_1013994610969788416,label_bullying_1013994610969788416
media_session_1013994610969788416,label_aggression_1013994610969788416
media_session_1014047599634104320,label_bullying_1014047599634104320
media_session_1014047599634104320,label_aggression_1014047599634104320
media_session_1014296143544356864,label_bullying_1014296143544356864
media_session_1014296143544356864,label_aggression_1014296143544356864
media_session_1014439802227286016,label_bullying_1014439802227286016
media_session_1014439802227286016,label_aggression_1014439802227286016
media_session_1014455979091656704,label_bullying_1014455979091656704
media_session_1014455979091656704,label_aggression_1014455979091656704
media_session_1014514130801008640,label_bullying_1014514130801008640
media_session_1014514130801008640,label_aggression_1014514130801008640
media_session_1015742929878622208,label_bullying_1015742929878622208
media_session_1015742929878622208,label_aggression_1015742929878622208
media_session_1015768740903772160,label_bullying_1015768740903772160
media_session_1015768740903772160,label_aggression_1015768740903772160
media_session_1016168381583654912,label_bullying_1016168381583654912
media_session_1016168381583654912,label_aggression_1016168381583654912
media_session_1016596288051306496,label_bullying_1016596288051306496
media_session_1016596288051306496,label_aggression_1016596288051306496
media_session_1017316387020218368,label_bullying_1017316387020218368
media_session_1017316387020218368,label_aggression_1017316387020218368
media_session_1017348591884328960,label_bullying_1017348591884328960
media_session_1017348591884328960,label_aggression_1017348591884328960
media_session_1017875065444130816,label_bullying_1017875065444130816
media_session_1017875065444130816,label_aggression_1017875065444130816
media_session_1017970044258377728,label_bullying_1017970044258377728
media_session_1017970044258377728,label_aggression_1017970044258377728
media_session_1018345515672645632,label_bullying_1018345515672645632
media_session_1018345515672645632,label_aggression_1018345515672645632
media_session_1018399483828326400,label_bullying_1018399483828326400
media_session_1018399483828326400,label_aggression_1018399483828326400
media_session_1018667358321250304,label_bullying_1018667358321250304
media_session_1018667358321250304,label_aggression_1018667358321250304
media_session_1018729501821399040,label_bullying_1018729501821399040
media_session_1018729501821399040,label_aggression_1018729501821399040
media_session_1019009049120886784,label_bullying_1019009049120886784
media_session_1019009049120886784,label_aggression_1019009049120886784
media_session_1019862122563563520,label_bullying_1019862122563563520
media_session_1019862122563563520,label_aggression_1019862122563563520
media_session_1020511330580787200,label_bullying_1020511330580787200
media_session_1020511330580787200,label_aggression_1020511330580787200
media_session_1020541928640507905,label_bullying_1020541928640507905
media_session_1020541928640507905,label_aggression_1020541928640507905
media_session_1020817084546215936,label_bullying_1020817084546215936
media_session_1020817084546215936,label_aggression_1020817084546215936
media_session_1020901686048665600,label_bullying_1020901686048665600
media_session_1020901686048665600,label_aggression_1020901686048665600
media_session_1020912874765619200,label_bullying_1020912874765619200
media_session_1020912874765619200,label_aggression_1020912874765619200
media_session_1020930368741761024,label_bullying_1020930368741761024
media_session_1020930368741761024,label_aggression_1020930368741761024
media_session_1021214042855018496,label_bullying_1021214042855018496
media_session_1021214042855018496,label_aggression_1021214042855018496
media_session_1021311568061095936,label_bullying_1021311568061095936
media_session_1021311568061095936,label_aggression_1021311568061095936
media_session_1021335174224465920,label_bullying_1021335174224465920
media_session_1021335174224465920,label_aggression_1021335174224465920
media_session_1021655017381584896,label_bullying_1021655017381584896
media_session_1021655017381584896,label_aggression_1021655017381584896
media_session_1023091917250023424,label_bullying_1023091917250023424
media_session_1023091917250023424,label_aggression_1023091917250023424
media_session_1025200529762304000,label_bullying_1025200529762304000
media_session_1025200529762304000,label_aggression_1025200529762304000
media_session_1025231522179231744,label_bullying_1025231522179231744
media_session_1025231522179231744,label_aggression_1025231522179231744
media_session_1025563073714483200,label_bullying_1025563073714483200
media_session_1025563073714483200,label_aggression_1025563073714483200
media_session_1025583405355937792,label_bullying_1025583405355937792
media_session_1025583405355937792,label_aggression_1025583405355937792
media_session_1025590120042164224,label_bullying_1025590120042164224
media_session_1025590120042164224,label_aggression_1025590120042164224
media_session_1025609192838443008,label_bullying_1025609192838443008
media_session_1025609192838443008,label_aggression_1025609192838443008
media_session_1026296025050148864,label_bullying_1026296025050148864
media_session_1026296025050148864,label_aggression_1026296025050148864
media_session_1026658089262612480,label_bullying_1026658089262612480
media_session_1026658089262612480,label_aggression_1026658089262612480
media_session_1026805374071754752,label_bullying_1026805374071754752
media_session_1026805374071754752,label_aggression_1026805374071754752
media_session_1026948475654725632,label_bullying_1026948475654725632
media_session_1026948475654725632,label_aggression_1026948475654725632
media_session_1027003324282654720,label_bullying_1027003324282654720
media_session_1027003324282654720,label_aggression_1027003324282654720
media_session_1027371347221045248,label_bullying_1027371347221045248
media_session_1027371347221045248,label_aggression_1027371347221045248
media_session_1027437650183081984,label_bullying_1027437650183081984
media_session_1027437650183081984,label_aggression_1027437650183081984
media_session_1027479240444452864,label_bullying_1027479240444452864
media_session_1027479240444452864,label_aggression_1027479240444452864
media_session_1027519055210438656,label_bullying_1027519055210438656
media_session_1027519055210438656,label_aggression_1027519055210438656
media_session_1027733396387975168,label_bullying_1027733396387975168
media_session_1027733396387975168,label_aggression_1027733396387975168
media_session_1028080834764255232,label_bullying_1028080834764255232
media_session_1028080834764255232,label_aggression_1028080834764255232
media_session_1028570940705239040,label_bullying_1028570940705239040
media_session_1028570940705239040,label_aggression_1028570940705239040
media_session_1030291178240856064,label_bullying_1030291178240856064
media_session_1030291178240856064,label_aggression_1030291178240856064
media_session_1030470596695359488,label_bullying_1030470596695359488
media_session_1030470596695359488,label_aggression_1030470596695359488
media_session_1030637312557678592,label_bullying_1030637312557678592
media_session_1030637312557678592,label_aggression_1030637312557678592
media_session_1031714823689437184,label_bullying_1031714823689437184
media_session_1031714823689437184,label_aggression_1031714823689437184
media_session_1032610021605056512,label_bullying_1032610021605056512
media_session_1032610021605056512,label_aggression_1032610021605056512
media_session_1033243846865473536,label_bullying_1033243846865473536
media_session_1033243846865473536,label_aggression_1033243846865473536
media_session_1033551391932710912,label_bullying_1033551391932710912
media_session_1033551391932710912,label_aggression_1033551391932710912
media_session_1033993129051017216,label_bullying_1033993129051017216
media_session_1033993129051017216,label_aggression_1033993129051017216
media_session_1034009613798187008,label_bullying_1034009613798187008
media_session_1034009613798187008,label_aggression_1034009613798187008
media_session_1034325239603015680,label_bullying_1034325239603015680
media_session_1034325239603015680,label_aggression_1034325239603015680
media_session_1035095956305125376,label_bullying_1035095956305125376
media_session_1035095956305125376,label_aggression_1035095956305125376
media_session_1035362829223784448,label_bullying_1035362829223784448
media_session_1035362829223784448,label_aggression_1035362829223784448
media_session_1035704405627965440,label_bullying_1035704405627965440
media_session_1035704405627965440,label_aggression_1035704405627965440
media_session_1035709331489832960,label_bullying_1035709331489832960
media_session_1035709331489832960,label_aggression_1035709331489832960
media_session_1035989830989217792,label_bullying_1035989830989217792
media_session_1035989830989217792,label_aggression_1035989830989217792
media_session_1036391385047134208,label_bullying_1036391385047134208
media_session_1036391385047134208,label_aggression_1036391385047134208
media_session_1036470207365230592,label_bullying_1036470207365230592
media_session_1036470207365230592,label_aggression_1036470207365230592
media_session_1036776803483684864,label_bullying_1036776803483684864
media_session_1036776803483684864,label_aggression_1036776803483684864
media_session_1036918934974406656,label_bullying_1036918934974406656
media_session_1036918934974406656,label_aggression_1036918934974406656
media_session_1037513465897598976,label_bullying_1037513465897598976
media_session_1037513465897598976,label_aggression_1037513465897598976
media_session_1037547364719775744,label_bullying_1037547364719775744
media_session_1037547364719775744,label_aggression_1037547364719775744
media_session_1037557671953342464,label_bullying_1037557671953342464
media_session_1037557671953342464,label_aggression_1037557671953342464
media_session_1037584295784497152,label_bullying_1037584295784497152
media_session_1037584295784497152,label_aggression_1037584295784497152
media_session_1037604986386882560,label_bullying_1037604986386882560
media_session_1037604986386882560,label_aggression_1037604986386882560
media_session_1038002020772110336,label_bullying_1038002020772110336
media_session_1038002020772110336,label_aggression_1038002020772110336
media_session_1038279828601765888,label_bullying_1038279828601765888
media_session_1038279828601765888,label_aggression_1038279828601765888
media_session_1038638173796159488,label_bullying_1038638173796159488
media_session_1038638173796159488,label_aggression_1038638173796159488
media_session_1038952710659035136,label_bullying_1038952710659035136
media_session_1038952710659035136,label_aggression_1038952710659035136
media_session_1040017863920017408,label_bullying_1040017863920017408
media_session_1040017863920017408,label_aggression_1040017863920017408
media_session_1040475260585484288,label_bullying_1040475260585484288
media_session_1040475260585484288,label_aggression_1040475260585484288
media_session_1040480063214456832,label_bullying_1040480063214456832
media_session_1040480063214456832,label_aggression_1040480063214456832
media_session_1040547079480930304,label_bullying_1040547079480930304
media_session_1040547079480930304,label_aggression_1040547079480930304
media_session_1040715918327648256,label_bullying_1040715918327648256
media_session_1040715918327648256,label_aggression_1040715918327648256
media_session_1041223651707719680,label_bullying_1041223651707719680
media_session_1041223651707719680,label_aggression_1041223651707719680
media_session_1041575393192218624,label_bullying_1041575393192218624
media_session_1041575393192218624,label_aggression_1041575393192218624
media_session_1041926984047251456,label_bullying_1041926984047251456
media_session_1041926984047251456,label_aggression_1041926984047251456
media_session_1042152100458799104,label_bullying_1042152100458799104
media_session_1042152100458799104,label_aggression_1042152100458799104
media_session_1044184247084498944,label_bullying_1044184247084498944
media_session_1044184247084498944,label_aggression_1044184247084498944
media_session_1044413228903788544,label_bullying_1044413228903788544
media_session_1044413228903788544,label_aggression_1044413228903788544
media_session_1044444091183788032,label_bullying_1044444091183788032
media_session_1044444091183788032,label_aggression_1044444091183788032
media_session_1045487837144907776,label_bullying_1045487837144907776
media_session_1045487837144907776,label_aggression_1045487837144907776
media_session_1045523258935754752,label_bullying_1045523258935754752
media_session_1045523258935754752,label_aggression_1045523258935754752
media_session_1045940810706726912,label_bullying_1045940810706726912
media_session_1045940810706726912,label_aggression_1045940810706726912
media_session_1046262244998258688,label_bullying_1046262244998258688
media_session_1046262244998258688,label_aggression_1046262244998258688
media_session_1046367793622441984,label_bullying_1046367793622441984
media_session_1046367793622441984,label_aggression_1046367793622441984
media_session_1046683080292782080,label_bullying_1046683080292782080
media_session_1046683080292782080,label_aggression_1046683080292782080
media_session_1046969682382794752,label_bullying_1046969682382794752
media_session_1046969682382794752,label_aggression_1046969682382794752
media_session_1047214355399462912,label_bullying_1047214355399462912
media_session_1047214355399462912,label_aggression_1047214355399462912
media_session_1047231749924728832,label_bullying_1047231749924728832
media_session_1047231749924728832,label_aggression_1047231749924728832
media_session_1047619465950736384,label_bullying_1047619465950736384
media_session_1047619465950736384,label_aggression_1047619465950736384
media_session_1047662801553936384,label_bullying_1047662801553936384
media_session_1047662801553936384,label_aggression_1047662801553936384
media_session_1048237592963330048,label_bullying_1048237592963330048
media_session_1048237592963330048,label_aggression_1048237592963330048
media_session_1048311727059861504,label_bullying_1048311727059861504
media_session_1048311727059861504,label_aggression_1048311727059861504
media_session_1048815494985551872,label_bullying_1048815494985551872
media_session_1048815494985551872,label_aggression_1048815494985551872
media_session_1048908355407675392,label_bullying_1048908355407675392
media_session_1048908355407675392,label_aggression_1048908355407675392
media_session_1049049912895234048,label_bullying_1049049912895234048
media_session_1049049912895234048,label_aggression_1049049912895234048
media_session_1049829133251125248,label_bullying_1049829133251125248
media_session_1049829133251125248,label_aggression_1049829133251125248
media_session_1049866734833991680,label_bullying_1049866734833991680
media_session_1049866734833991680,label_aggression_1049866734833991680
media_session_1050549294417457152,label_bullying_1050549294417457152
media_session_1050549294417457152,label_aggression_1050549294417457152
media_session_1050956336680345600,label_bullying_1050956336680345600
media_session_1050956336680345600,label_aggression_1050956336680345600
media_session_1050979346070077440,label_bullying_1050979346070077440
media_session_1050979346070077440,label_aggression_1050979346070077440
media_session_1050987543383937024,label_bullying_1050987543383937024
media_session_1050987543383937024,label_aggression_1050987543383937024
media_session_1051013843955957760,label_bullying_1051013843955957760
media_session_1051013843955957760,label_aggression_1051013843955957760
media_session_1051123149653118976,label_bullying_1051123149653118976
media_session_1051123149653118976,label_aggression_1051123149653118976
media_session_1051235021203316736,label_bullying_1051235021203316736
media_session_1051235021203316736,label_aggression_1051235021203316736
media_session_1051368830045483008,label_bullying_1051368830045483008
media_session_1051368830045483008,label_aggression_1051368830045483008
media_session_1052149019687985152,label_bullying_1052149019687985152
media_session_1052149019687985152,label_aggression_1052149019687985152
media_session_1052156302291767296,label_bullying_1052156302291767296
media_session_1052156302291767296,label_aggression_1052156302291767296
media_session_1052335428860043264,label_bullying_1052335428860043264
media_session_1052335428860043264,label_aggression_1052335428860043264
media_session_1052400209289940992,label_bullying_1052400209289940992
media_session_1052400209289940992,label_aggression_1052400209289940992
media_session_1052407693459476480,label_bullying_1052407693459476480
media_session_1052407693459476480,label_aggression_1052407693459476480
media_session_1052863263529963520,label_bullying_1052863263529963520
media_session_1052863263529963520,label_aggression_1052863263529963520
media_session_1053133798101442560,label_bullying_1053133798101442560
media_session_1053133798101442560,label_aggression_1053133798101442560
media_session_1053238178943234048,label_bullying_1053238178943234048
media_session_1053238178943234048,label_aggression_1053238178943234048
media_session_1053441156740681728,label_bullying_1053441156740681728
media_session_1053441156740681728,label_aggression_1053441156740681728
media_session_1053509458280050688,label_bullying_1053509458280050688
media_session_1053509458280050688,label_aggression_1053509458280050688
media_session_1053567200277450752,label_bullying_1053567200277450752
media_session_1053567200277450752,label_aggression_1053567200277450752
media_session_1053791122083753984,label_bullying_1053791122083753984
media_session_1053791122083753984,label_aggression_1053791122083753984
media_session_1053817084393508864,label_bullying_1053817084393508864
media_session_1053817084393508864,label_aggression_1053817084393508864
media_session_1053834433943183360,label_bullying_1053834433943183360
media_session_1053834433943183360,label_aggression_1053834433943183360
media_session_1053851785821384704,label_bullying_1053851785821384704
media_session_1053851785821384704,label_aggression_1053851785821384704
media_session_1053867748171595776,label_bullying_1053867748171595776
media_session_1053867748171595776,label_aggression_1053867748171595776
media_session_1053874949846663168,label_bullying_1053874949846663168
media_session_1053874949846663168,label_aggression_1053874949846663168
media_session_1054174904356311040,label_bullying_1054174904356311040
media_session_1054174904356311040,label_aggression_1054174904356311040
media_session_1054210825700741120,label_bullying_1054210825700741120
media_session_1054210825700741120,label_aggression_1054210825700741120
media_session_1054254121538498560,label_bullying_1054254121538498560
media_session_1054254121538498560,label_aggression_1054254121538498560
media_session_1054332992950054912,label_bullying_1054332992950054912
media_session_1054332992950054912,label_aggression_1054332992950054912
media_session_1054888765589991424,label_bullying_1054888765589991424
media_session_1054888765589991424,label_aggression_1054888765589991424
media_session_1054929697353457664,label_bullying_1054929697353457664
media_session_1054929697353457664,label_aggression_1054929697353457664
media_session_1055241182718332928,label_bullying_1055241182718332928
media_session_1055241182718332928,label_aggression_1055241182718332928
media_session_1055302920520220672,label_bullying_1055302920520220672
media_session_1055302920520220672,label_aggression_1055302920520220672
media_session_1055376321662377984,label_bullying_1055376321662377984
media_session_1055376321662377984,label_aggression_1055376321662377984
media_session_1055573849443864576,label_bullying_1055573849443864576
media_session_1055573849443864576,label_aggression_1055573849443864576
media_session_1055729335686066176,label_bullying_1055729335686066176
media_session_1055729335686066176,label_aggression_1055729335686066176
media_session_1056396634285637632,label_bullying_1056396634285637632
media_session_1056396634285637632,label_aggression_1056396634285637632
media_session_1056441342043242496,label_bullying_1056441342043242496
media_session_1056441342043242496,label_aggression_1056441342043242496
media_session_1056707580472258560,label_bullying_1056707580472258560
media_session_1056707580472258560,label_aggression_1056707580472258560
media_session_1056767045251080192,label_bullying_1056767045251080192
media_session_1056767045251080192,label_aggression_1056767045251080192
media_session_1056991806686478336,label_bullying_1056991806686478336
media_session_1056991806686478336,label_aggression_1056991806686478336
media_session_1057501435811500032,label_bullying_1057501435811500032
media_session_1057501435811500032,label_aggression_1057501435811500032
media_session_1057758328068952064,label_bullying_1057758328068952064
media_session_1057758328068952064,label_aggression_1057758328068952064
media_session_1057901075220598784,label_bullying_1057901075220598784
media_session_1057901075220598784,label_aggression_1057901075220598784
media_session_1058237395197440000,label_bullying_1058237395197440000
media_session_1058237395197440000,label_aggression_1058237395197440000
media_session_1058275301689892864,label_bullying_1058275301689892864
media_session_1058275301689892864,label_aggression_1058275301689892864
media_session_1058279271862329344,label_bullying_1058279271862329344
media_session_1058279271862329344,label_aggression_1058279271862329344
media_session_1058308699795390464,label_bullying_1058308699795390464
media_session_1058308699795390464,label_aggression_1058308699795390464
media_session_1058495731721728000,label_bullying_1058495731721728000
media_session_1058495731721728000,label_aggression_1058495731721728000
media_session_1058567897011920896,label_bullying_1058567897011920896
media_session_1058567897011920896,label_aggression_1058567897011920896
media_session_1058889058803146752,label_bullying_1058889058803146752
media_session_1058889058803146752,label_aggression_1058889058803146752
media_session_1058940543196979200,label_bullying_1058940543196979200
media_session_1058940543196979200,label_aggression_1058940543196979200
media_session_1058975819718160384,label_bullying_1058975819718160384
media_session_1058975819718160384,label_aggression_1058975819718160384
media_session_1059310997544079360,label_bullying_1059310997544079360
media_session_1059310997544079360,label_aggression_1059310997544079360
media_session_1059574871014674432,label_bullying_1059574871014674432
media_session_1059574871014674432,label_aggression_1059574871014674432
media_session_1059992032464228352,label_bullying_1059992032464228352
media_session_1059992032464228352,label_aggression_1059992032464228352
media_session_1060350847097221120,label_bullying_1060350847097221120
media_session_1060350847097221120,label_aggression_1060350847097221120
media_session_1060431703267028992,label_bullying_1060431703267028992
media_session_1060431703267028992,label_aggression_1060431703267028992
media_session_1061048387769679872,label_bullying_1061048387769679872
media_session_1061048387769679872,label_aggression_1061048387769679872
media_session_1061579724511498240,label_bullying_1061579724511498240
media_session_1061579724511498240,label_aggression_1061579724511498240
media_session_1061582683249012736,label_bullying_1061582683249012736
media_session_1061582683249012736,label_aggression_1061582683249012736
media_session_1061793757764231168,label_bullying_1061793757764231168
media_session_1061793757764231168,label_aggression_1061793757764231168
media_session_1062159878522589184,label_bullying_1062159878522589184
media_session_1062159878522589184,label_aggression_1062159878522589184
media_session_1062530169086095360,label_bullying_1062530169086095360
media_session_1062530169086095360,label_aggression_1062530169086095360
media_session_1062535235822292992,label_bullying_1062535235822292992
media_session_1062535235822292992,label_aggression_1062535235822292992
media_session_1062542981300740096,label_bullying_1062542981300740096
media_session_1062542981300740096,label_aggression_1062542981300740096
media_session_1062801916175974400,label_bullying_1062801916175974400
media_session_1062801916175974400,label_aggression_1062801916175974400
media_session_1062857673374101504,label_bullying_1062857673374101504
media_session_1062857673374101504,label_aggression_1062857673374101504
media_session_1063362568720117760,label_bullying_1063362568720117760
media_session_1063362568720117760,label_aggression_1063362568720117760
media_session_1063569089739534336,label_bullying_1063569089739534336
media_session_1063569089739534336,label_aggression_1063569089739534336
media_session_1064015840896225280,label_bullying_1064015840896225280
media_session_1064015840896225280,label_aggression_1064015840896225280
media_session_1064321446668607489,label_bullying_1064321446668607489
media_session_1064321446668607489,label_aggression_1064321446668607489
media_session_1064324203748175872,label_bullying_1064324203748175872
media_session_1064324203748175872,label_aggression_1064324203748175872
media_session_1064662952684179456,label_bullying_1064662952684179456
media_session_1064662952684179456,label_aggression_1064662952684179456
media_session_1064754213302792192,label_bullying_1064754213302792192
media_session_1064754213302792192,label_aggression_1064754213302792192
media_session_1065395268834463744,label_bullying_1065395268834463744
media_session_1065395268834463744,label_aggression_1065395268834463744
media_session_1065408203174641664,label_bullying_1065408203174641664
media_session_1065408203174641664,label_aggression_1065408203174641664
media_session_1065464392118067200,label_bullying_1065464392118067200
media_session_1065464392118067200,label_aggression_1065464392118067200
media_session_1065798031183650816,label_bullying_1065798031183650816
media_session_1065798031183650816,label_aggression_1065798031183650816
media_session_1066169079599104000,label_bullying_1066169079599104000
media_session_1066169079599104000,label_aggression_1066169079599104000
media_session_1066207153549086720,label_bullying_1066207153549086720
media_session_1066207153549086720,label_aggression_1066207153549086720
media_session_1066222158239453184,label_bullying_1066222158239453184
media_session_1066222158239453184,label_aggression_1066222158239453184
media_session_1066305683928035328,label_bullying_1066305683928035328
media_session_1066305683928035328,label_aggression_1066305683928035328
media_session_1066477558595461120,label_bullying_1066477558595461120
media_session_1066477558595461120,label_aggression_1066477558595461120
media_session_1066980163927085056,label_bullying_1066980163927085056
media_session_1066980163927085056,label_aggression_1066980163927085056
media_session_1067325353481154560,label_bullying_1067325353481154560
media_session_1067325353481154560,label_aggression_1067325353481154560
media_session_1067712613082931200,label_bullying_1067712613082931200
media_session_1067712613082931200,label_aggression_1067712613082931200
media_session_1068090269611814912,label_bullying_1068090269611814912
media_session_1068090269611814912,label_aggression_1068090269611814912
media_session_1068331658626875392,label_bullying_1068331658626875392
media_session_1068331658626875392,label_aggression_1068331658626875392
media_session_1068931474784436224,label_bullying_1068931474784436224
media_session_1068931474784436224,label_aggression_1068931474784436224
media_session_1069119845687328768,label_bullying_1069119845687328768
media_session_1069119845687328768,label_aggression_1069119845687328768
media_session_1069402134493184000,label_bullying_1069402134493184000
media_session_1069402134493184000,label_aggression_1069402134493184000
media_session_1069505734389223424,label_bullying_1069505734389223424
media_session_1069505734389223424,label_aggression_1069505734389223424
media_session_1069797641048776704,label_bullying_1069797641048776704
media_session_1069797641048776704,label_aggression_1069797641048776704
media_session_1070034127660666880,label_bullying_1070034127660666880
media_session_1070034127660666880,label_aggression_1070034127660666880
media_session_1070449102225096704,label_bullying_1070449102225096704
media_session_1070449102225096704,label_aggression_1070449102225096704
media_session_1071192384462815232,label_bullying_1071192384462815232
media_session_1071192384462815232,label_aggression_1071192384462815232
media_session_1071559888842489856,label_bullying_1071559888842489856
media_session_1071559888842489856,label_aggression_1071559888842489856
media_session_1071569348935725056,label_bullying_1071569348935725056
media_session_1071569348935725056,label_aggression_1071569348935725056
media_session_1071611451216748544,label_bullying_1071611451216748544
media_session_1071611451216748544,label_aggression_1071611451216748544
media_session_1072272423350611968,label_bullying_1072272423350611968
media_session_1072272423350611968,label_aggression_1072272423350611968
media_session_1072641231181459456,label_bullying_1072641231181459456
media_session_1072641231181459456,label_aggression_1072641231181459456
media_session_1073365057221664768,label_bullying_1073365057221664768
media_session_1073365057221664768,label_aggression_1073365057221664768
media_session_1073397272806817792,label_bullying_1073397272806817792
media_session_1073397272806817792,label_aggression_1073397272806817792
media_session_1073767088117682176,label_bullying_1073767088117682176
media_session_1073767088117682176,label_aggression_1073767088117682176
media_session_1074093091838996480,label_bullying_1074093091838996480
media_session_1074093091838996480,label_aggression_1074093091838996480
media_session_1074178615274520576,label_bullying_1074178615274520576
media_session_1074178615274520576,label_aggression_1074178615274520576
media_session_1074558864478883840,label_bullying_1074558864478883840
media_session_1074558864478883840,label_aggression_1074558864478883840
media_session_1074565114495225856,label_bullying_1074565114495225856
media_session_1074565114495225856,label_aggression_1074565114495225856
media_session_1074582050805350400,label_bullying_1074582050805350400
media_session_1074582050805350400,label_aggression_1074582050805350400
media_session_1075209954887151616,label_bullying_1075209954887151616
media_session_1075209954887151616,label_aggression_1075209954887151616
media_session_1075288563576344576,label_bullying_1075288563576344576
media_session_1075288563576344576,label_aggression_1075288563576344576
media_session_1075323229281083392,label_bullying_1075323229281083392
media_session_1075323229281083392,label_aggression_1075323229281083392
media_session_1075400357594677248,label_bullying_1075400357594677248
media_session_1075400357594677248,label_aggression_1075400357594677248
media_session_1075911890053615616,label_bullying_1075911890053615616
media_session_1075911890053615616,label_aggression_1075911890053615616
media_session_1076155793067458560,label_bullying_1076155793067458560
media_session_1076155793067458560,label_aggression_1076155793067458560
media_session_1076449821596205056,label_bullying_1076449821596205056
media_session_1076449821596205056,label_aggression_1076449821596205056
media_session_1076989232968626176,label_bullying_1076989232968626176
media_session_1076989232968626176,label_aggression_1076989232968626176
media_session_1077720157402615808,label_bullying_1077720157402615808
media_session_1077720157402615808,label_aggression_1077720157402615808
media_session_1078300657657741312,label_bullying_1078300657657741312
media_session_1078300657657741312,label_aggression_1078300657657741312
media_session_1078788598574231552,label_bullying_1078788598574231552
media_session_1078788598574231552,label_aggression_1078788598574231552
media_session_1079165184779636736,label_bullying_1079165184779636736
media_session_1079165184779636736,label_aggression_1079165184779636736
media_session_1079327636633055232,label_bullying_1079327636633055232
media_session_1079327636633055232,label_aggression_1079327636633055232
media_session_1079563325219762176,label_bullying_1079563325219762176
media_session_1079563325219762176,label_aggression_1079563325219762176
media_session_1079941606209196032,label_bullying_1079941606209196032
media_session_1079941606209196032,label_aggression_1079941606209196032
media_session_1079979879103168512,label_bullying_1079979879103168512
media_session_1079979879103168512,label_aggression_1079979879103168512
media_session_1080206571692503040,label_bullying_1080206571692503040
media_session_1080206571692503040,label_aggression_1080206571692503040
media_session_1080414388202143744,label_bullying_1080414388202143744
media_session_1080414388202143744,label_aggression_1080414388202143744
media_session_1080644237860691968,label_bullying_1080644237860691968
media_session_1080644237860691968,label_aggression_1080644237860691968
media_session_1080677149976965120,label_bullying_1080677149976965120
media_session_1080677149976965120,label_aggression_1080677149976965120
media_session_1080713892960825344,label_bullying_1080713892960825344
media_session_1080713892960825344,label_aggression_1080713892960825344
media_session_1081347031362084864,label_bullying_1081347031362084864
media_session_1081347031362084864,label_aggression_1081347031362084864
media_session_1081664980782374912,label_bullying_1081664980782374912
media_session_1081664980782374912,label_aggression_1081664980782374912
media_session_1081770339480018944,label_bullying_1081770339480018944
media_session_1081770339480018944,label_aggression_1081770339480018944
media_session_1082024475463172096,label_bullying_1082024475463172096
media_session_1082024475463172096,label_aggression_1082024475463172096
media_session_1082666054314094592,label_bullying_1082666054314094592
media_session_1082666054314094592,label_aggression_1082666054314094592
media_session_1082811330043768832,label_bullying_1082811330043768832
media_session_1082811330043768832,label_aggression_1082811330043768832
media_session_1083200941169266688,label_bullying_1083200941169266688
media_session_1083200941169266688,label_aggression_1083200941169266688
media_session_1083226258218885120,label_bullying_1083226258218885120
media_session_1083226258218885120,label_aggression_1083226258218885120
media_session_1083599318768062464,label_bullying_1083599318768062464
media_session_1083599318768062464,label_aggression_1083599318768062464
media_session_1083946694279860224,label_bullying_1083946694279860224
media_session_1083946694279860224,label_aggression_1083946694279860224
media_session_1084002306900779008,label_bullying_1084002306900779008
media_session_1084002306900779008,label_aggression_1084002306900779008
media_session_1084204805423034368,label_bullying_1084204805423034368
media_session_1084204805423034368,label_aggression_1084204805423034368
media_session_1084987505293619200,label_bullying_1084987505293619200
media_session_1084987505293619200,label_aggression_1084987505293619200
media_session_1085363521883193344,label_bullying_1085363521883193344
media_session_1085363521883193344,label_aggression_1085363521883193344
media_session_1085415668834508800,label_bullying_1085415668834508800
media_session_1085415668834508800,label_aggression_1085415668834508800
media_session_1085445634200375296,label_bullying_1085445634200375296
media_session_1085445634200375296,label_aggression_1085445634200375296
media_session_1085673974135971840,label_bullying_1085673974135971840
media_session_1085673974135971840,label_aggression_1085673974135971840
media_session_1086543779877523456,label_bullying_1086543779877523456
media_session_1086543779877523456,label_aggression_1086543779877523456
media_session_1086708000095629312,label_bullying_1086708000095629312
media_session_1086708000095629312,label_aggression_1086708000095629312
media_session_1087153434588753920,label_bullying_1087153434588753920
media_session_1087153434588753920,label_aggression_1087153434588753920
media_session_1087535147143827456,label_bullying_1087535147143827456
media_session_1087535147143827456,label_aggression_1087535147143827456
media_session_1087618613571219456,label_bullying_1087618613571219456
media_session_1087618613571219456,label_aggression_1087618613571219456
media_session_1087666570542600192,label_bullying_1087666570542600192
media_session_1087666570542600192,label_aggression_1087666570542600192
media_session_1087883417049358336,label_bullying_1087883417049358336
media_session_1087883417049358336,label_aggression_1087883417049358336
media_session_1088094632748953600,label_bullying_1088094632748953600
media_session_1088094632748953600,label_aggression_1088094632748953600
media_session_1088167410106023936,label_bullying_1088167410106023936
media_session_1088167410106023936,label_aggression_1088167410106023936
media_session_1088174709562314752,label_bullying_1088174709562314752
media_session_1088174709562314752,label_aggression_1088174709562314752
media_session_1088244090421846016,label_bullying_1088244090421846016
media_session_1088244090421846016,label_aggression_1088244090421846016
media_session_1088397668046319616,label_bullying_1088397668046319616
media_session_1088397668046319616,label_aggression_1088397668046319616
media_session_1088606388550275072,label_bullying_1088606388550275072
media_session_1088606388550275072,label_aggression_1088606388550275072
media_session_1088930373125242880,label_bullying_1088930373125242880
media_session_1088930373125242880,label_aggression_1088930373125242880
media_session_1089277769843875840,label_bullying_1089277769843875840
media_session_1089277769843875840,label_aggression_1089277769843875840
media_session_1089363733589180416,label_bullying_1089363733589180416
media_session_1089363733589180416,label_aggression_1089363733589180416
media_session_1089386242933927936,label_bullying_1089386242933927936
media_session_1089386242933927936,label_aggression_1089386242933927936
media_session_1089592394258735104,label_bullying_1089592394258735104
media_session_1089592394258735104,label_aggression_1089592394258735104
media_session_1089999176642740224,label_bullying_1089999176642740224
media_session_1089999176642740224,label_aggression_1089999176642740224
media_session_1090088382400745472,label_bullying_1090088382400745472
media_session_1090088382400745472,label_aggression_1090088382400745472
media_session_1090203245110247424,label_bullying_1090203245110247424
media_session_1090203245110247424,label_aggression_1090203245110247424
media_session_1090353709025779712,label_bullying_1090353709025779712
media_session_1090353709025779712,label_aggression_1090353709025779712
media_session_1090702573801021440,label_bullying_1090702573801021440
media_session_1090702573801021440,label_aggression_1090702573801021440
media_session_1090914499969650688,label_bullying_1090914499969650688
media_session_1090914499969650688,label_aggression_1090914499969650688
media_session_1090918845046308865,label_bullying_1090918845046308865
media_session_1090918845046308865,label_aggression_1090918845046308865
media_session_1091205374369021952,label_bullying_1091205374369021952
media_session_1091205374369021952,label_aggression_1091205374369021952
media_session_1091781715627802624,label_bullying_1091781715627802624
media_session_1091781715627802624,label_aggression_1091781715627802624
media_session_1092198309856202752,label_bullying_1092198309856202752
media_session_1092198309856202752,label_aggression_1092198309856202752
media_session_1092214858084454400,label_bullying_1092214858084454400
media_session_1092214858084454400,label_aggression_1092214858084454400
media_session_1092907872842665984,label_bullying_1092907872842665984
media_session_1092907872842665984,label_aggression_1092907872842665984
media_session_1092969087300173824,label_bullying_1092969087300173824
media_session_1092969087300173824,label_aggression_1092969087300173824
media_session_1093012547432751104,label_bullying_1093012547432751104
media_session_1093012547432751104,label_aggression_1093012547432751104
media_session_1093077555252453376,label_bullying_1093077555252453376
media_session_1093077555252453376,label_aggression_1093077555252453376
media_session_1093363423410003968,label_bullying_1093363423410003968
media_session_1093363423410003968,label_aggression_1093363423410003968
media_session_1093418607750586368,label_bullying_1093418607750586368
media_session_1093418607750586368,label_aggression_1093418607750586368
media_session_1093485395146063872,label_bullying_1093485395146063872
media_session_1093485395146063872,label_aggression_1093485395146063872
media_session_1094090769612034048,label_bullying_1094090769612034048
media_session_1094090769612034048,label_aggression_1094090769612034048
media_session_1094413297685540864,label_bullying_1094413297685540864
media_session_1094413297685540864,label_aggression_1094413297685540864
media_session_1094470760749301760,label_bullying_1094470760749301760
media_session_1094470760749301760,label_aggression_1094470760749301760
media_session_1095091242351857664,label_bullying_1095091242351857664
media_session_1095091242351857664,label_aggression_1095091242351857664
media_session_1095439996166582272,label_bullying_1095439996166582272
media_session_1095439996166582272,label_aggression_1095439996166582272
media_session_1095630491862048768,label_bullying_1095630491862048768
media_session_1095630491862048768,label_aggression_1095630491862048768
media_session_1095675144338337792,label_bullying_1095675144338337792
media_session_1095675144338337792,label_aggression_1095675144338337792
media_session_1095736849378570240,label_bullying_1095736849378570240
media_session_1095736849378570240,label_aggression_1095736849378570240
media_session_1095896759818952704,label_bullying_1095896759818952704
media_session_1095896759818952704,label_aggression_1095896759818952704
media_session_1095898870002941952,label_bullying_1095898870002941952
media_session_1095898870002941952,label_aggression_1095898870002941952
media_session_1095990868877398016,label_bullying_1095990868877398016
media_session_1095990868877398016,label_aggression_1095990868877398016
media_session_1096567014052507648,label_bullying_1096567014052507648
media_session_1096567014052507648,label_aggression_1096567014052507648
media_session_1096618808267177984,label_bullying_1096618808267177984
media_session_1096618808267177984,label_aggression_1096618808267177984
media_session_1096623496114692096,label_bullying_1096623496114692096
media_session_1096623496114692096,label_aggression_1096623496114692096
media_session_1096628029943341056,label_bullying_1096628029943341056
media_session_1096628029943341056,label_aggression_1096628029943341056
media_session_1096952104704180224,label_bullying_1096952104704180224
media_session_1096952104704180224,label_aggression_1096952104704180224
media_session_1096973775121068032,label_bullying_1096973775121068032
media_session_1096973775121068032,label_aggression_1096973775121068032
media_session_1097110443434311680,label_bullying_1097110443434311680
media_session_1097110443434311680,label_aggression_1097110443434311680
media_session_1097549752872361984,label_bullying_1097549752872361984
media_session_1097549752872361984,label_aggression_1097549752872361984
media_session_1097639562659913728,label_bullying_1097639562659913728
media_session_1097639562659913728,label_aggression_1097639562659913728
media_session_1097680912839221248,label_bullying_1097680912839221248
media_session_1097680912839221248,label_aggression_1097680912839221248
media_session_1097701474978656256,label_bullying_1097701474978656256
media_session_1097701474978656256,label_aggression_1097701474978656256
media_session_1098157924557172736,label_bullying_1098157924557172736
media_session_1098157924557172736,label_aggression_1098157924557172736
media_session_1098427247180034048,label_bullying_1098427247180034048
media_session_1098427247180034048,label_aggression_1098427247180034048
media_session_1098494225022345216,label_bullying_1098494225022345216
media_session_1098494225022345216,label_aggression_1098494225022345216
media_session_1099520439597858816,label_bullying_1099520439597858816
media_session_1099520439597858816,label_aggression_1099520439597858816
media_session_1099890043511795712,label_bullying_1099890043511795712
media_session_1099890043511795712,label_aggression_1099890043511795712
media_session_1100096249568595968,label_bullying_1100096249568595968
media_session_1100096249568595968,label_aggression_1100096249568595968
media_session_1100156714189541376,label_bullying_1100156714189541376
media_session_1100156714189541376,label_aggression_1100156714189541376
media_session_1100181285881724928,label_bullying_1100181285881724928
media_session_1100181285881724928,label_aggression_1100181285881724928
media_session_1100569866882150400,label_bullying_1100569866882150400
media_session_1100569866882150400,label_aggression_1100569866882150400
media_session_1100586565102940160,label_bullying_1100586565102940160
media_session_1100586565102940160,label_aggression_1100586565102940160
media_session_1100888664311242752,label_bullying_1100888664311242752
media_session_1100888664311242752,label_aggression_1100888664311242752
media_session_1100966706026872832,label_bullying_1100966706026872832
media_session_1100966706026872832,label_aggression_1100966706026872832
media_session_1101031922005622784,label_bullying_1101031922005622784
media_session_1101031922005622784,label_aggression_1101031922005622784
media_session_1101188683316801536,label_bullying_1101188683316801536
media_session_1101188683316801536,label_aggression_1101188683316801536
media_session_1101279017832968192,label_bullying_1101279017832968192
media_session_1101279017832968192,label_aggression_1101279017832968192
media_session_1101618694213509120,label_bullying_1101618694213509120
media_session_1101618694213509120,label_aggression_1101618694213509120
media_session_1101791523529703424,label_bullying_1101791523529703424
media_session_1101791523529703424,label_aggression_1101791523529703424
media_session_1101859498160779264,label_bullying_1101859498160779264
media_session_1101859498160779264,label_aggression_1101859498160779264
media_session_1102479930484260864,label_bullying_1102479930484260864
media_session_1102479930484260864,label_aggression_1102479930484260864
media_session_1102830270438404096,label_bullying_1102830270438404096
media_session_1102830270438404096,label_aggression_1102830270438404096
media_session_1102862880988413952,label_bullying_1102862880988413952
media_session_1102862880988413952,label_aggression_1102862880988413952
media_session_1103020491301625856,label_bullying_1103020491301625856
media_session_1103020491301625856,label_aggression_1103020491301625856
media_session_1103172170706006016,label_bullying_1103172170706006016
media_session_1103172170706006016,label_aggression_1103172170706006016
media_session_1104115343439302656,label_bullying_1104115343439302656
media_session_1104115343439302656,label_aggression_1104115343439302656
media_session_1104202583716896768,label_bullying_1104202583716896768
media_session_1104202583716896768,label_aggression_1104202583716896768
media_session_1104203476390772736,label_bullying_1104203476390772736
media_session_1104203476390772736,label_aggression_1104203476390772736
media_session_1104240194565337088,label_bullying_1104240194565337088
media_session_1104240194565337088,label_aggression_1104240194565337088
media_session_1104288379144994816,label_bullying_1104288379144994816
media_session_1104288379144994816,label_aggression_1104288379144994816
media_session_1104496862079217664,label_bullying_1104496862079217664
media_session_1104496862079217664,label_aggression_1104496862079217664
media_session_1104586493953241088,label_bullying_1104586493953241088
media_session_1104586493953241088,label_aggression_1104586493953241088
media_session_1104632605485494272,label_bullying_1104632605485494272
media_session_1104632605485494272,label_aggression_1104632605485494272
media_session_1105231090496466944,label_bullying_1105231090496466944
media_session_1105231090496466944,label_aggression_1105231090496466944
media_session_1105234550293950464,label_bullying_1105234550293950464
media_session_1105234550293950464,label_aggression_1105234550293950464
media_session_1105272517608042496,label_bullying_1105272517608042496
media_session_1105272517608042496,label_aggression_1105272517608042496
media_session_1105383009349226496,label_bullying_1105383009349226496
media_session_1105383009349226496,label_aggression_1105383009349226496
media_session_1105583807069085696,label_bullying_1105583807069085696
media_session_1105583807069085696,label_aggression_1105583807069085696
media_session_1105729114431725568,label_bullying_1105729114431725568
media_session_1105729114431725568,label_aggression_1105729114431725568
media_session_1105729411736543232,label_bullying_1105729411736543232
media_session_1105729411736543232,label_aggression_1105729411736543232
media_session_1105744359686639616,label_bullying_1105744359686639616
media_session_1105744359686639616,label_aggression_1105744359686639616
media_session_1105782383447314432,label_bullying_1105782383447314432
media_session_1105782383447314432,label_aggression_1105782383447314432
media_session_1105920604990816256,label_bullying_1105920604990816256
media_session_1105920604990816256,label_aggression_1105920604990816256
media_session_1106382301555765248,label_bullying_1106382301555765248
media_session_1106382301555765248,label_aggression_1106382301555765248
media_session_1106404139707133952,label_bullying_1106404139707133952
media_session_1106404139707133952,label_aggression_1106404139707133952
media_session_1106472773192384512,label_bullying_1106472773192384512
media_session_1106472773192384512,label_aggression_1106472773192384512
media_session_1106623252002156544,label_bullying_1106623252002156544
media_session_1106623252002156544,label_aggression_1106623252002156544
media_session_1106737307656036352,label_bullying_1106737307656036352
media_session_1106737307656036352,label_aggression_1106737307656036352
media_session_1106772584131141632,label_bullying_1106772584131141632
media_session_1106772584131141632,label_aggression_1106772584131141632
media_session_1106782634031673344,label_bullying_1106782634031673344
media_session_1106782634031673344,label_aggression_1106782634031673344
media_session_1107151450280443904,label_bullying_1107151450280443904
media_session_1107151450280443904,label_aggression_1107151450280443904
media_session_1107167421770379264,label_bullying_1107167421770379264
media_session_1107167421770379264,label_aggression_1107167421770379264
media_session_1107179072607424512,label_bullying_1107179072607424512
media_session_1107179072607424512,label_aggression_1107179072607424512
media_session_1107535888336232448,label_bullying_1107535888336232448
media_session_1107535888336232448,label_aggression_1107535888336232448
media_session_1107604460659785728,label_bullying_1107604460659785728
media_session_1107604460659785728,label_aggression_1107604460659785728
media_session_1107617794134110208,label_bullying_1107617794134110208
media_session_1107617794134110208,label_aggression_1107617794134110208
media_session_1107650590911172608,label_bullying_1107650590911172608
media_session_1107650590911172608,label_aggression_1107650590911172608
media_session_1107672264998305792,label_bullying_1107672264998305792
media_session_1107672264998305792,label_aggression_1107672264998305792
media_session_1107714967882563584,label_bullying_1107714967882563584
media_session_1107714967882563584,label_aggression_1107714967882563584
media_session_1107799880996368384,label_bullying_1107799880996368384
media_session_1107799880996368384,label_aggression_1107799880996368384
media_session_1108179423997366272,label_bullying_1108179423997366272
media_session_1108179423997366272,label_aggression_1108179423997366272
media_session_1108234260353077248,label_bullying_1108234260353077248
media_session_1108234260353077248,label_aggression_1108234260353077248
media_session_1108466788171476992,label_bullying_1108466788171476992
media_session_1108466788171476992,label_aggression_1108466788171476992
media_session_1108531547583512576,label_bullying_1108531547583512576
media_session_1108531547583512576,label_aggression_1108531547583512576
media_session_1108563930927824896,label_bullying_1108563930927824896
media_session_1108563930927824896,label_aggression_1108563930927824896
media_session_1108574561156370432,label_bullying_1108574561156370432
media_session_1108574561156370432,label_aggression_1108574561156370432
media_session_1108881566114979840,label_bullying_1108881566114979840
media_session_1108881566114979840,label_aggression_1108881566114979840
media_session_1108883196646739968,label_bullying_1108883196646739968
media_session_1108883196646739968,label_aggression_1108883196646739968
media_session_1109239642722844672,label_bullying_1109239642722844672
media_session_1109239642722844672,label_aggression_1109239642722844672
media_session_1109647179460808704,label_bullying_1109647179460808704
media_session_1109647179460808704,label_aggression_1109647179460808704
media_session_1109879618258792448,label_bullying_1109879618258792448
media_session_1109879618258792448,label_aggression_1109879618258792448
media_session_1109985167533064192,label_bullying_1109985167533064192
media_session_1109985167533064192,label_aggression_1109985167533064192
media_session_1110178926883393536,label_bullying_1110178926883393536
media_session_1110178926883393536,label_aggression_1110178926883393536
media_session_1110277591434170368,label_bullying_1110277591434170368
media_session_1110277591434170368,label_aggression_1110277591434170368
media_session_1110341511658287104,label_bullying_1110341511658287104
media_session_1110341511658287104,label_aggression_1110341511658287104
media_session_1110456407771295744,label_bullying_1110456407771295744
media_session_1110456407771295744,label_aggression_1110456407771295744
media_session_1110813546008489984,label_bullying_1110813546008489984
media_session_1110813546008489984,label_aggression_1110813546008489984
media_session_1110995018279436288,label_bullying_1110995018279436288
media_session_1110995018279436288,label_aggression_1110995018279436288
media_session_1111084851513430016,label_bullying_1111084851513430016
media_session_1111084851513430016,label_aggression_1111084851513430016
media_session_1111193671526916096,label_bullying_1111193671526916096
media_session_1111193671526916096,label_aggression_1111193671526916096
media_session_1111433093904007168,label_bullying_1111433093904007168
media_session_1111433093904007168,label_aggression_1111433093904007168
media_session_1111467239292444672,label_bullying_1111467239292444672
media_session_1111467239292444672,label_aggression_1111467239292444672
media_session_1111633371961946112,label_bullying_1111633371961946112
media_session_1111633371961946112,label_aggression_1111633371961946112
media_session_1111638345144008704,label_bullying_1111638345144008704
media_session_1111638345144008704,label_aggression_1111638345144008704
media_session_1111742426588270592,label_bullying_1111742426588270592
media_session_1111742426588270592,label_aggression_1111742426588270592
media_session_1111796155240882176,label_bullying_1111796155240882176
media_session_1111796155240882176,label_aggression_1111796155240882176
media_session_1112180626523672576,label_bullying_1112180626523672576
media_session_1112180626523672576,label_aggression_1112180626523672576
media_session_1112967397087817728,label_bullying_1112967397087817728
media_session_1112967397087817728,label_aggression_1112967397087817728
media_session_1113181724466429952,label_bullying_1113181724466429952
media_session_1113181724466429952,label_aggression_1113181724466429952
media_session_1113277185982144512,label_bullying_1113277185982144512
media_session_1113277185982144512,label_aggression_1113277185982144512
media_session_1113305755882504192,label_bullying_1113305755882504192
media_session_1113305755882504192,label_aggression_1113305755882504192
media_session_1113385871555686400,label_bullying_1113385871555686400
media_session_1113385871555686400,label_aggression_1113385871555686400
media_session_1113743456934793216,label_bullying_1113743456934793216
media_session_1113743456934793216,label_aggression_1113743456934793216
media_session_1113931305856520192,label_bullying_1113931305856520192
media_session_1113931305856520192,label_aggression_1113931305856520192
media_session_1115144120886087680,label_bullying_1115144120886087680
media_session_1115144120886087680,label_aggression_1115144120886087680
media_session_1115833711724789760,label_bullying_1115833711724789760
media_session_1115833711724789760,label_aggression_1115833711724789760
media_session_1115991006584987648,label_bullying_1115991006584987648
media_session_1115991006584987648,label_aggression_1115991006584987648
media_session_1116277382010339328,label_bullying_1116277382010339328
media_session_1116277382010339328,label_aggression_1116277382010339328
media_session_1116566662003810304,label_bullying_1116566662003810304
media_session_1116566662003810304,label_aggression_1116566662003810304
media_session_1116746377507311616,label_bullying_1116746377507311616
media_session_1116746377507311616,label_aggression_1116746377507311616
media_session_1116860854491869184,label_bullying_1116860854491869184
media_session_1116860854491869184,label_aggression_1116860854491869184
media_session_1116987080183062528,label_bullying_1116987080183062528
media_session_1116987080183062528,label_aggression_1116987080183062528
media_session_1117113774453805056,label_bullying_1117113774453805056
media_session_1117113774453805056,label_aggression_1117113774453805056
media_session_1117233634110476288,label_bullying_1117233634110476288
media_session_1117233634110476288,label_aggression_1117233634110476288
media_session_1117252674820435968,label_bullying_1117252674820435968
media_session_1117252674820435968,label_aggression_1117252674820435968
media_session_1117352411007246336,label_bullying_1117352411007246336
media_session_1117352411007246336,label_aggression_1117352411007246336
media_session_1117609109555183616,label_bullying_1117609109555183616
media_session_1117609109555183616,label_aggression_1117609109555183616
media_session_1117635700914032640,label_bullying_1117635700914032640
media_session_1117635700914032640,label_aggression_1117635700914032640
media_session_1118074285567909888,label_bullying_1118074285567909888
media_session_1118074285567909888,label_aggression_1118074285567909888
media_session_1118326100557180928,label_bullying_1118326100557180928
media_session_1118326100557180928,label_aggression_1118326100557180928
media_session_1118342327396659200,label_bullying_1118342327396659200
media_session_1118342327396659200,label_aggression_1118342327396659200
media_session_1118654490065932288,label_bullying_1118654490065932288
media_session_1118654490065932288,label_aggression_1118654490065932288
media_session_1118658638433644544,label_bullying_1118658638433644544
media_session_1118658638433644544,label_aggression_1118658638433644544
media_session_1118818378325385216,label_bullying_1118818378325385216
media_session_1118818378325385216,label_aggression_1118818378325385216
media_session_1119062733426712576,label_bullying_1119062733426712576
media_session_1119062733426712576,label_aggression_1119062733426712576
media_session_1119743265634504704,label_bullying_1119743265634504704
media_session_1119743265634504704,label_aggression_1119743265634504704
media_session_1119903629130801152,label_bullying_1119903629130801152
media_session_1119903629130801152,label_aggression_1119903629130801152
media_session_1119946419399172096,label_bullying_1119946419399172096
media_session_1119946419399172096,label_aggression_1119946419399172096
media_session_1120192382017613824,label_bullying_1120192382017613824
media_session_1120192382017613824,label_aggression_1120192382017613824
media_session_1120196474228412416,label_bullying_1120196474228412416
media_session_1120196474228412416,label_aggression_1120196474228412416
media_session_1120215944149819392,label_bullying_1120215944149819392
media_session_1120215944149819392,label_aggression_1120215944149819392
media_session_1120230350132772864,label_bullying_1120230350132772864
media_session_1120230350132772864,label_aggression_1120230350132772864
media_session_1120955068431372288,label_bullying_1120955068431372288
media_session_1120955068431372288,label_aggression_1120955068431372288
media_session_1120980150667079680,label_bullying_1120980150667079680
media_session_1120980150667079680,label_aggression_1120980150667079680
media_session_1121064275889537024,label_bullying_1121064275889537024
media_session_1121064275889537024,label_aggression_1121064275889537024
media_session_1121066447423053824,label_bullying_1121066447423053824
media_session_1121066447423053824,label_aggression_1121066447423053824
media_session_1121158480284499968,label_bullying_1121158480284499968
media_session_1121158480284499968,label_aggression_1121158480284499968
media_session_1121212235147096064,label_bullying_1121212235147096064
media_session_1121212235147096064,label_aggression_1121212235147096064
media_session_1121226538868731904,label_bullying_1121226538868731904
media_session_1121226538868731904,label_aggression_1121226538868731904
media_session_1121250455540867072,label_bullying_1121250455540867072
media_session_1121250455540867072,label_aggression_1121250455540867072
media_session_1121577975859580928,label_bullying_1121577975859580928
media_session_1121577975859580928,label_aggression_1121577975859580928
media_session_1121606367468515328,label_bullying_1121606367468515328
media_session_1121606367468515328,label_aggression_1121606367468515328
media_session_1121977124702605312,label_bullying_1121977124702605312
media_session_1121977124702605312,label_aggression_1121977124702605312
media_session_1122565290144968704,label_bullying_1122565290144968704
media_session_1122565290144968704,label_aggression_1122565290144968704
media_session_1122798217923645440,label_bullying_1122798217923645440
media_session_1122798217923645440,label_aggression_1122798217923645440
media_session_1122916449963679744,label_bullying_1122916449963679744
media_session_1122916449963679744,label_aggression_1122916449963679744
media_session_1123037967817043968,label_bullying_1123037967817043968
media_session_1123037967817043968,label_aggression_1123037967817043968
media_session_1123093323410776064,label_bullying_1123093323410776064
media_session_1123093323410776064,label_aggression_1123093323410776064
media_session_1123119034326523904,label_bullying_1123119034326523904
media_session_1123119034326523904,label_aggression_1123119034326523904
media_session_1123308659594723328,label_bullying_1123308659594723328
media_session_1123308659594723328,label_aggression_1123308659594723328
media_session_1123478650373783552,label_bullying_1123478650373783552
media_session_1123478650373783552,label_aggression_1123478650373783552
media_session_1123525409330565120,label_bullying_1123525409330565120
media_session_1123525409330565120,label_aggression_1123525409330565120
media_session_1123670404188282880,label_bullying_1123670404188282880
media_session_1123670404188282880,label_aggression_1123670404188282880
media_session_1123778945582555136,label_bullying_1123778945582555136
media_session_1123778945582555136,label_aggression_1123778945582555136
media_session_1123816384208752640,label_bullying_1123816384208752640
media_session_1123816384208752640,label_aggression_1123816384208752640
media_session_1123819302441644032,label_bullying_1123819302441644032
media_session_1123819302441644032,label_aggression_1123819302441644032
media_session_1124059566955757568,label_bullying_1124059566955757568
media_session_1124059566955757568,label_aggression_1124059566955757568
media_session_1124193149447798784,label_bullying_1124193149447798784
media_session_1124193149447798784,label_aggression_1124193149447798784
media_session_1124478819911585792,label_bullying_1124478819911585792
media_session_1124478819911585792,label_aggression_1124478819911585792
media_session_1124903865352151040,label_bullying_1124903865352151040
media_session_1124903865352151040,label_aggression_1124903865352151040
media_session_1125123219658354688,label_bullying_1125123219658354688
media_session_1125123219658354688,label_aggression_1125123219658354688
media_session_1125144559953797120,label_bullying_1125144559953797120
media_session_1125144559953797120,label_aggression_1125144559953797120
media_session_1125213533622435840,label_bullying_1125213533622435840
media_session_1125213533622435840,label_aggression_1125213533622435840
media_session_1125222179148386304,label_bullying_1125222179148386304
media_session_1125222179148386304,label_aggression_1125222179148386304
media_session_1125371652864389120,label_bullying_1125371652864389120
media_session_1125371652864389120,label_aggression_1125371652864389120
media_session_1125967329365577728,label_bullying_1125967329365577728
media_session_1125967329365577728,label_aggression_1125967329365577728
media_session_1126434493599809536,label_bullying_1126434493599809536
media_session_1126434493599809536,label_aggression_1126434493599809536
media_session_1126666343656443904,label_bullying_1126666343656443904
media_session_1126666343656443904,label_aggression_1126666343656443904
media_session_1126668932112158720,label_bullying_1126668932112158720
media_session_1126668932112158720,label_aggression_1126668932112158720
media_session_1126712015210393600,label_bullying_1126712015210393600
media_session_1126712015210393600,label_aggression_1126712015210393600
media_session_1127053283874267136,label_bullying_1127053283874267136
media_session_1127053283874267136,label_aggression_1127053283874267136
media_session_1127158979873607680,label_bullying_1127158979873607680
media_session_1127158979873607680,label_aggression_1127158979873607680
media_session_1127822026334154752,label_bullying_1127822026334154752
media_session_1127822026334154752,label_aggression_1127822026334154752
media_session_1127876297960669184,label_bullying_1127876297960669184
media_session_1127876297960669184,label_aggression_1127876297960669184
media_session_1127899310961647616,label_bullying_1127899310961647616
media_session_1127899310961647616,label_aggression_1127899310961647616
media_session_1128105482884636672,label_bullying_1128105482884636672
media_session_1128105482884636672,label_aggression_1128105482884636672
media_session_1128137015083618304,label_bullying_1128137015083618304
media_session_1128137015083618304,label_aggression_1128137015083618304
media_session_1128501265627025408,label_bullying_1128501265627025408
media_session_1128501265627025408,label_aggression_1128501265627025408
media_session_1128846724262416384,label_bullying_1128846724262416384
media_session_1128846724262416384,label_aggression_1128846724262416384
media_session_1129971720628121600,label_bullying_1129971720628121600
media_session_1129971720628121600,label_aggression_1129971720628121600
media_session_1130132083722067968,label_bullying_1130132083722067968
media_session_1130132083722067968,label_aggression_1130132083722067968
media_session_1130232332545142784,label_bullying_1130232332545142784
media_session_1130232332545142784,label_aggression_1130232332545142784
media_session_1130289000075177984,label_bullying_1130289000075177984
media_session_1130289000075177984,label_aggression_1130289000075177984
media_session_1130614482700529664,label_bullying_1130614482700529664
media_session_1130614482700529664,label_aggression_1130614482700529664
media_session_1130968503164329984,label_bullying_1130968503164329984
media_session_1130968503164329984,label_aggression_1130968503164329984
media_session_1130982740506849280,label_bullying_1130982740506849280
media_session_1130982740506849280,label_aggression_1130982740506849280
media_session_1131004326379503616,label_bullying_1131004326379503616
media_session_1131004326379503616,label_aggression_1131004326379503616
media_session_1131097486707351552,label_bullying_1131097486707351552
media_session_1131097486707351552,label_aggression_1131097486707351552
media_session_1131106768244871168,label_bullying_1131106768244871168
media_session_1131106768244871168,label_aggression_1131106768244871168
media_session_1131394594089680896,label_bullying_1131394594089680896
media_session_1131394594089680896,label_aggression_1131394594089680896
media_session_1131434704818540544,label_bullying_1131434704818540544
media_session_1131434704818540544,label_aggression_1131434704818540544
media_session_1131786600502677504,label_bullying_1131786600502677504
media_session_1131786600502677504,label_aggression_1131786600502677504
media_session_1131796294386483200,label_bullying_1131796294386483200
media_session_1131796294386483200,label_aggression_1131796294386483200
media_session_1131877970764574720,label_bullying_1131877970764574720
media_session_1131877970764574720,label_aggression_1131877970764574720
media_session_1131984583236198400,label_bullying_1131984583236198400
media_session_1131984583236198400,label_aggression_1131984583236198400
media_session_1132085719264010240,label_bullying_1132085719264010240
media_session_1132085719264010240,label_aggression_1132085719264010240
media_session_1132177012702806016,label_bullying_1132177012702806016
media_session_1132177012702806016,label_aggression_1132177012702806016
media_session_1132434737164881920,label_bullying_1132434737164881920
media_session_1132434737164881920,label_aggression_1132434737164881920
media_session_1132551371829207040,label_bullying_1132551371829207040
media_session_1132551371829207040,label_aggression_1132551371829207040
media_session_1132907236507746304,label_bullying_1132907236507746304
media_session_1132907236507746304,label_aggression_1132907236507746304
media_session_1133303721170997248,label_bullying_1133303721170997248
media_session_1133303721170997248,label_aggression_1133303721170997248
media_session_1133597792259268608,label_bullying_1133597792259268608
media_session_1133597792259268608,label_aggression_1133597792259268608
media_session_1133675111459774464,label_bullying_1133675111459774464
media_session_1133675111459774464,label_aggression_1133675111459774464
media_session_1133907446788939776,label_bullying_1133907446788939776
media_session_1133907446788939776,label_aggression_1133907446788939776
media_session_1134017703750103040,label_bullying_1134017703750103040
media_session_1134017703750103040,label_aggression_1134017703750103040
media_session_1134574208522035200,label_bullying_1134574208522035200
media_session_1134574208522035200,label_aggression_1134574208522035200
media_session_1134683032226336768,label_bullying_1134683032226336768
media_session_1134683032226336768,label_aggression_1134683032226336768
media_session_1134692072150949888,label_bullying_1134692072150949888
media_session_1134692072150949888,label_aggression_1134692072150949888
media_session_1134750388717752320,label_bullying_1134750388717752320
media_session_1134750388717752320,label_aggression_1134750388717752320
media_session_1134908868867313664,label_bullying_1134908868867313664
media_session_1134908868867313664,label_aggression_1134908868867313664
media_session_1135396246904094720,label_bullying_1135396246904094720
media_session_1135396246904094720,label_aggression_1135396246904094720
media_session_1135661876378783744,label_bullying_1135661876378783744
media_session_1135661876378783744,label_aggression_1135661876378783744
media_session_1136091225905082368,label_bullying_1136091225905082368
media_session_1136091225905082368,label_aggression_1136091225905082368
media_session_1136438550527709184,label_bullying_1136438550527709184
media_session_1136438550527709184,label_aggression_1136438550527709184
media_session_1136455692388089856,label_bullying_1136455692388089856
media_session_1136455692388089856,label_aggression_1136455692388089856
media_session_1136542961623310336,label_bullying_1136542961623310336
media_session_1136542961623310336,label_aggression_1136542961623310336
media_session_1136923911028723712,label_bullying_1136923911028723712
media_session_1136923911028723712,label_aggression_1136923911028723712
media_session_1137168303912091648,label_bullying_1137168303912091648
media_session_1137168303912091648,label_aggression_1137168303912091648
media_session_1137491857195315200,label_bullying_1137491857195315200
media_session_1137491857195315200,label_aggression_1137491857195315200
media_session_1137537063202222080,label_bullying_1137537063202222080
media_session_1137537063202222080,label_aggression_1137537063202222080
media_session_1137584551972270080,label_bullying_1137584551972270080
media_session_1137584551972270080,label_aggression_1137584551972270080
media_session_1137629756226174976,label_bullying_1137629756226174976
media_session_1137629756226174976,label_aggression_1137629756226174976
media_session_1137818305697390592,label_bullying_1137818305697390592
media_session_1137818305697390592,label_aggression_1137818305697390592
media_session_1137818665115414528,label_bullying_1137818665115414528
media_session_1137818665115414528,label_aggression_1137818665115414528
media_session_1138169176205225985,label_bullying_1138169176205225985
media_session_1138169176205225985,label_aggression_1138169176205225985
media_session_1138227974857265152,label_bullying_1138227974857265152
media_session_1138227974857265152,label_aggression_1138227974857265152
media_session_1139049958595825664,label_bullying_1139049958595825664
media_session_1139049958595825664,label_aggression_1139049958595825664
media_session_1139057707211706368,label_bullying_1139057707211706368
media_session_1139057707211706368,label_aggression_1139057707211706368
media_session_1139231068516737024,label_bullying_1139231068516737024
media_session_1139231068516737024,label_aggression_1139231068516737024
media_session_1139338109591482368,label_bullying_1139338109591482368
media_session_1139338109591482368,label_aggression_1139338109591482368
media_session_1139371426856730624,label_bullying_1139371426856730624
media_session_1139371426856730624,label_aggression_1139371426856730624
media_session_1139484244960555008,label_bullying_1139484244960555008
media_session_1139484244960555008,label_aggression_1139484244960555008
media_session_1139571355960934400,label_bullying_1139571355960934400
media_session_1139571355960934400,label_aggression_1139571355960934400
media_session_1139998679755812864,label_bullying_1139998679755812864
media_session_1139998679755812864,label_aggression_1139998679755812864
media_session_1140064326645075968,label_bullying_1140064326645075968
media_session_1140064326645075968,label_aggression_1140064326645075968
media_session_1140092730949672960,label_bullying_1140092730949672960
media_session_1140092730949672960,label_aggression_1140092730949672960
media_session_1140761601281069056,label_bullying_1140761601281069056
media_session_1140761601281069056,label_aggression_1140761601281069056
media_session_1140906491818233856,label_bullying_1140906491818233856
media_session_1140906491818233856,label_aggression_1140906491818233856
media_session_1140936616479985664,label_bullying_1140936616479985664
media_session_1140936616479985664,label_aggression_1140936616479985664
media_session_1140939557404024832,label_bullying_1140939557404024832
media_session_1140939557404024832,label_aggression_1140939557404024832
media_session_1141143060303282176,label_bullying_1141143060303282176
media_session_1141143060303282176,label_aggression_1141143060303282176
media_session_1141578684688445440,label_bullying_1141578684688445440
media_session_1141578684688445440,label_aggression_1141578684688445440
media_session_1141606450175594496,label_bullying_1141606450175594496
media_session_1141606450175594496,label_aggression_1141606450175594496
media_session_1141891042325520384,label_bullying_1141891042325520384
media_session_1141891042325520384,label_aggression_1141891042325520384
media_session_1142134642015895552,label_bullying_1142134642015895552
media_session_1142134642015895552,label_aggression_1142134642015895552
media_session_1142252770586521600,label_bullying_1142252770586521600
media_session_1142252770586521600,label_aggression_1142252770586521600
media_session_1142331209431846912,label_bullying_1142331209431846912
media_session_1142331209431846912,label_aggression_1142331209431846912
media_session_1142441980983689216,label_bullying_1142441980983689216
media_session_1142441980983689216,label_aggression_1142441980983689216
media_session_1143223431605952512,label_bullying_1143223431605952512
media_session_1143223431605952512,label_aggression_1143223431605952512
media_session_1143287259584675840,label_bullying_1143287259584675840
media_session_1143287259584675840,label_aggression_1143287259584675840
media_session_1143289117963067392,label_bullying_1143289117963067392
media_session_1143289117963067392,label_aggression_1143289117963067392
media_session_1144054832739561472,label_bullying_1144054832739561472
media_session_1144054832739561472,label_aggression_1144054832739561472
media_session_1144089309163761664,label_bullying_1144089309163761664
media_session_1144089309163761664,label_aggression_1144089309163761664
media_session_1144094099423514624,label_bullying_1144094099423514624
media_session_1144094099423514624,label_aggression_1144094099423514624
media_session_1144141477287514112,label_bullying_1144141477287514112
media_session_1144141477287514112,label_aggression_1144141477287514112
media_session_1144331807962107904,label_bullying_1144331807962107904
media_session_1144331807962107904,label_aggression_1144331807962107904
media_session_1144357237079343104,label_bullying_1144357237079343104
media_session_1144357237079343104,label_aggression_1144357237079343104
media_session_1144852046810681344,label_bullying_1144852046810681344
media_session_1144852046810681344,label_aggression_1144852046810681344
media_session_1145093858573631488,label_bullying_1145093858573631488
media_session_1145093858573631488,label_aggression_1145093858573631488
media_session_1145133476874444800,label_bullying_1145133476874444800
media_session_1145133476874444800,label_aggression_1145133476874444800
media_session_1145255386925215744,label_bullying_1145255386925215744
media_session_1145255386925215744,label_aggression_1145255386925215744
media_session_1145462513799180288,label_bullying_1145462513799180288
media_session_1145462513799180288,label_aggression_1145462513799180288
media_session_1145541936233512960,label_bullying_1145541936233512960
media_session_1145541936233512960,label_aggression_1145541936233512960
media_session_1145644420725678080,label_bullying_1145644420725678080
media_session_1145644420725678080,label_aggression_1145644420725678080
media_session_1145850829799116800,label_bullying_1145850829799116800
media_session_1145850829799116800,label_aggression_1145850829799116800
media_session_1145901976232550400,label_bullying_1145901976232550400
media_session_1145901976232550400,label_aggression_1145901976232550400
media_session_1145975873728655360,label_bullying_1145975873728655360
media_session_1145975873728655360,label_aggression_1145975873728655360
media_session_1145994207522361344,label_bullying_1145994207522361344
media_session_1145994207522361344,label_aggression_1145994207522361344
media_session_1146249209444712448,label_bullying_1146249209444712448
media_session_1146249209444712448,label_aggression_1146249209444712448
media_session_1146255566205804544,label_bullying_1146255566205804544
media_session_1146255566205804544,label_aggression_1146255566205804544
media_session_1146305661932544000,label_bullying_1146305661932544000
media_session_1146305661932544000,label_aggression_1146305661932544000
media_session_1146660619244724224,label_bullying_1146660619244724224
media_session_1146660619244724224,label_aggression_1146660619244724224
media_session_1146660624768872448,label_bullying_1146660624768872448
media_session_1146660624768872448,label_aggression_1146660624768872448
media_session_1146682191703834624,label_bullying_1146682191703834624
media_session_1146682191703834624,label_aggression_1146682191703834624
media_session_1146773813787328512,label_bullying_1146773813787328512
media_session_1146773813787328512,label_aggression_1146773813787328512
media_session_1146944515064893440,label_bullying_1146944515064893440
media_session_1146944515064893440,label_aggression_1146944515064893440
media_session_1146973250014863360,label_bullying_1146973250014863360
media_session_1146973250014863360,label_aggression_1146973250014863360
media_session_1147038872589438976,label_bullying_1147038872589438976
media_session_1147038872589438976,label_aggression_1147038872589438976
media_session_1147079459804004352,label_bullying_1147079459804004352
media_session_1147079459804004352,label_aggression_1147079459804004352
media_session_1147087383884611584,label_bullying_1147087383884611584
media_session_1147087383884611584,label_aggression_1147087383884611584
media_session_1147214053744226304,label_bullying_1147214053744226304
media_session_1147214053744226304,label_aggression_1147214053744226304
media_session_1147331269718618112,label_bullying_1147331269718618112
media_session_1147331269718618112,label_aggression_1147331269718618112
media_session_1147338356309544960,label_bullying_1147338356309544960
media_session_1147338356309544960,label_aggression_1147338356309544960
media_session_1147707543662247936,label_bullying_1147707543662247936
media_session_1147707543662247936,label_aggression_1147707543662247936
media_session_1147790913473802240,label_bullying_1147790913473802240
media_session_1147790913473802240,label_aggression_1147790913473802240
media_session_1148850447302692864,label_bullying_1148850447302692864
media_session_1148850447302692864,label_aggression_1148850447302692864
media_session_1148862471034011648,label_bullying_1148862471034011648
media_session_1148862471034011648,label_aggression_1148862471034011648
media_session_1148864800336834560,label_bullying_1148864800336834560
media_session_1148864800336834560,label_aggression_1148864800336834560
media_session_1148870331159699456,label_bullying_1148870331159699456
media_session_1148870331159699456,label_aggression_1148870331159699456
media_session_1148886527963955200,label_bullying_1148886527963955200
media_session_1148886527963955200,label_aggression_1148886527963955200
media_session_1148898679500255232,label_bullying_1148898679500255232
media_session_1148898679500255232,label_aggression_1148898679500255232
media_session_1148914872248410112,label_bullying_1148914872248410112
media_session_1148914872248410112,label_aggression_1148914872248410112
media_session_1149037756371320832,label_bullying_1149037756371320832
media_session_1149037756371320832,label_aggression_1149037756371320832
media_session_1149040324006629376,label_bullying_1149040324006629376
media_session_1149040324006629376,label_aggression_1149040324006629376
media_session_1149078962279211008,label_bullying_1149078962279211008
media_session_1149078962279211008,label_aggression_1149078962279211008
media_session_1149097542819139584,label_bullying_1149097542819139584
media_session_1149097542819139584,label_aggression_1149097542819139584
media_session_1149108835580022784,label_bullying_1149108835580022784
media_session_1149108835580022784,label_aggression_1149108835580022784
media_session_1149113030794485760,label_bullying_1149113030794485760
media_session_1149113030794485760,label_aggression_1149113030794485760
media_session_1149143832555147264,label_bullying_1149143832555147264
media_session_1149143832555147264,label_aggression_1149143832555147264
media_session_1149150181552459776,label_bullying_1149150181552459776
media_session_1149150181552459776,label_aggression_1149150181552459776
media_session_1149178946789986304,label_bullying_1149178946789986304
media_session_1149178946789986304,label_aggression_1149178946789986304
media_session_1149189214303641600,label_bullying_1149189214303641600
media_session_1149189214303641600,label_aggression_1149189214303641600
media_session_1149544187516035072,label_bullying_1149544187516035072
media_session_1149544187516035072,label_aggression_1149544187516035072
media_session_1149761218580512768,label_bullying_1149761218580512768
media_session_1149761218580512768,label_aggression_1149761218580512768
media_session_1149815277853339648,label_bullying_1149815277853339648
media_session_1149815277853339648,label_aggression_1149815277853339648
media_session_1150153898221604864,label_bullying_1150153898221604864
media_session_1150153898221604864,label_aggression_1150153898221604864
media_session_1150175436693749760,label_bullying_1150175436693749760
media_session_1150175436693749760,label_aggression_1150175436693749760
media_session_1150217176888815616,label_bullying_1150217176888815616
media_session_1150217176888815616,label_aggression_1150217176888815616
media_session_1150286134589440000,label_bullying_1150286134589440000
media_session_1150286134589440000,label_aggression_1150286134589440000
media_session_1150320501583921152,label_bullying_1150320501583921152
media_session_1150320501583921152,label_aggression_1150320501583921152
media_session_1150544685866143744,label_bullying_1150544685866143744
media_session_1150544685866143744,label_aggression_1150544685866143744
media_session_1150549817399898112,label_bullying_1150549817399898112
media_session_1150549817399898112,label_aggression_1150549817399898112
media_session_1150571393902436352,label_bullying_1150571393902436352
media_session_1150571393902436352,label_aggression_1150571393902436352
media_session_1150732310153666560,label_bullying_1150732310153666560
media_session_1150732310153666560,label_aggression_1150732310153666560
media_session_1150974608728883200,label_bullying_1150974608728883200
media_session_1150974608728883200,label_aggression_1150974608728883200
media_session_1151041668502671360,label_bullying_1151041668502671360
media_session_1151041668502671360,label_aggression_1151041668502671360
media_session_1151131828892114944,label_bullying_1151131828892114944
media_session_1151131828892114944,label_aggression_1151131828892114944
media_session_1151348347664293888,label_bullying_1151348347664293888
media_session_1151348347664293888,label_aggression_1151348347664293888
media_session_1151375296252272640,label_bullying_1151375296252272640
media_session_1151375296252272640,label_aggression_1151375296252272640
media_session_1151417953988849664,label_bullying_1151417953988849664
media_session_1151417953988849664,label_aggression_1151417953988849664
media_session_1151438803857186816,label_bullying_1151438803857186816
media_session_1151438803857186816,label_aggression_1151438803857186816
media_session_1151751082146471936,label_bullying_1151751082146471936
media_session_1151751082146471936,label_aggression_1151751082146471936
media_session_1152013993666629632,label_bullying_1152013993666629632
media_session_1152013993666629632,label_aggression_1152013993666629632
media_session_1152035731439788032,label_bullying_1152035731439788032
media_session_1152035731439788032,label_aggression_1152035731439788032
media_session_1152048842963853312,label_bullying_1152048842963853312
media_session_1152048842963853312,label_aggression_1152048842963853312
media_session_1152109702961065984,label_bullying_1152109702961065984
media_session_1152109702961065984,label_aggression_1152109702961065984
media_session_1152325866454708224,label_bullying_1152325866454708224
media_session_1152325866454708224,label_aggression_1152325866454708224
media_session_1152375978807496704,label_bullying_1152375978807496704
media_session_1152375978807496704,label_aggression_1152375978807496704
media_session_1152440031538262016,label_bullying_1152440031538262016
media_session_1152440031538262016,label_aggression_1152440031538262016
media_session_1152467943851012096,label_bullying_1152467943851012096
media_session_1152467943851012096,label_aggression_1152467943851012096
media_session_1152774856690098176,label_bullying_1152774856690098176
media_session_1152774856690098176,label_aggression_1152774856690098176
media_session_1152796309452173312,label_bullying_1152796309452173312
media_session_1152796309452173312,label_aggression_1152796309452173312
media_session_1152805998260617216,label_bullying_1152805998260617216
media_session_1152805998260617216,label_aggression_1152805998260617216
media_session_1152816866960560128,label_bullying_1152816866960560128
media_session_1152816866960560128,label_aggression_1152816866960560128
media_session_1153087665659604992,label_bullying_1153087665659604992
media_session_1153087665659604992,label_aggression_1153087665659604992
media_session_1153121937149644800,label_bullying_1153121937149644800
media_session_1153121937149644800,label_aggression_1153121937149644800
media_session_1153579232531042304,label_bullying_1153579232531042304
media_session_1153579232531042304,label_aggression_1153579232531042304
media_session_1153805453625622528,label_bullying_1153805453625622528
media_session_1153805453625622528,label_aggression_1153805453625622528
media_session_1153839686054285312,label_bullying_1153839686054285312
media_session_1153839686054285312,label_aggression_1153839686054285312
media_session_1153877774747004928,label_bullying_1153877774747004928
media_session_1153877774747004928,label_aggression_1153877774747004928
media_session_1153964867745886208,label_bullying_1153964867745886208
media_session_1153964867745886208,label_aggression_1153964867745886208
media_session_1154187672588529664,label_bullying_1154187672588529664
media_session_1154187672588529664,label_aggression_1154187672588529664
media_session_1154245906804473856,label_bullying_1154245906804473856
media_session_1154245906804473856,label_aggression_1154245906804473856
media_session_1154295514678829056,label_bullying_1154295514678829056
media_session_1154295514678829056,label_aggression_1154295514678829056
media_session_1154395340687204352,label_bullying_1154395340687204352
media_session_1154395340687204352,label_aggression_1154395340687204352
media_session_1154563101698543616,label_bullying_1154563101698543616
media_session_1154563101698543616,label_aggression_1154563101698543616
media_session_1154631183800373248,label_bullying_1154631183800373248
media_session_1154631183800373248,label_aggression_1154631183800373248
media_session_1154637880610746368,label_bullying_1154637880610746368
media_session_1154637880610746368,label_aggression_1154637880610746368
media_session_1154691382318178304,label_bullying_1154691382318178304
media_session_1154691382318178304,label_aggression_1154691382318178304
media_session_1155021840100564992,label_bullying_1155021840100564992
media_session_1155021840100564992,label_aggression_1155021840100564992
media_session_1155088061789569024,label_bullying_1155088061789569024
media_session_1155088061789569024,label_aggression_1155088061789569024
media_session_1155434003936194560,label_bullying_1155434003936194560
media_session_1155434003936194560,label_aggression_1155434003936194560
media_session_1155900416773836800,label_bullying_1155900416773836800
media_session_1155900416773836800,label_aggression_1155900416773836800
media_session_1155963415588950016,label_bullying_1155963415588950016
media_session_1155963415588950016,label_aggression_1155963415588950016
media_session_1155999615620157440,label_bullying_1155999615620157440
media_session_1155999615620157440,label_aggression_1155999615620157440
media_session_1156289459633999872,label_bullying_1156289459633999872
media_session_1156289459633999872,label_aggression_1156289459633999872
media_session_1156414078580133888,label_bullying_1156414078580133888
media_session_1156414078580133888,label_aggression_1156414078580133888
media_session_1156453163369406464,label_bullying_1156453163369406464
media_session_1156453163369406464,label_aggression_1156453163369406464
media_session_1156459766562889728,label_bullying_1156459766562889728
media_session_1156459766562889728,label_aggression_1156459766562889728
media_session_1156467652974342144,label_bullying_1156467652974342144
media_session_1156467652974342144,label_aggression_1156467652974342144
media_session_1156637482440609792,label_bullying_1156637482440609792
media_session_1156637482440609792,label_aggression_1156637482440609792
media_session_1156758594600284160,label_bullying_1156758594600284160
media_session_1156758594600284160,label_aggression_1156758594600284160
media_session_1157172778362175488,label_bullying_1157172778362175488
media_session_1157172778362175488,label_aggression_1157172778362175488
media_session_1157191751178588160,label_bullying_1157191751178588160
media_session_1157191751178588160,label_aggression_1157191751178588160
media_session_1157453574419460096,label_bullying_1157453574419460096
media_session_1157453574419460096,label_aggression_1157453574419460096
media_session_1157541403673403392,label_bullying_1157541403673403392
media_session_1157541403673403392,label_aggression_1157541403673403392
media_session_1157551263320367104,label_bullying_1157551263320367104
media_session_1157551263320367104,label_aggression_1157551263320367104
media_session_1157568108295270400,label_bullying_1157568108295270400
media_session_1157568108295270400,label_aggression_1157568108295270400
media_session_1157810188783390720,label_bullying_1157810188783390720
media_session_1157810188783390720,label_aggression_1157810188783390720
media_session_1157842244938698752,label_bullying_1157842244938698752
media_session_1157842244938698752,label_aggression_1157842244938698752
media_session_1157935387629731840,label_bullying_1157935387629731840
media_session_1157935387629731840,label_aggression_1157935387629731840
media_session_1158208932159123456,label_bullying_1158208932159123456
media_session_1158208932159123456,label_aggression_1158208932159123456
media_session_1158950726895394816,label_bullying_1158950726895394816
media_session_1158950726895394816,label_aggression_1158950726895394816
media_session_1158959873166389248,label_bullying_1158959873166389248
media_session_1158959873166389248,label_aggression_1158959873166389248
media_session_1158987090408112128,label_bullying_1158987090408112128
media_session_1158987090408112128,label_aggression_1158987090408112128
media_session_1159001002570125312,label_bullying_1159001002570125312
media_session_1159001002570125312,label_aggression_1159001002570125312
media_session_1159212859239321600,label_bullying_1159212859239321600
media_session_1159212859239321600,label_aggression_1159212859239321600
media_session_1159223757680914432,label_bullying_1159223757680914432
media_session_1159223757680914432,label_aggression_1159223757680914432
media_session_1159300006243655680,label_bullying_1159300006243655680
media_session_1159300006243655680,label_aggression_1159300006243655680
media_session_1159325623031095296,label_bullying_1159325623031095296
media_session_1159325623031095296,label_aggression_1159325623031095296
media_session_1159386710598402048,label_bullying_1159386710598402048
media_session_1159386710598402048,label_aggression_1159386710598402048
media_session_1159462478544101376,label_bullying_1159462478544101376
media_session_1159462478544101376,label_aggression_1159462478544101376
media_session_1159515118229397504,label_bullying_1159515118229397504
media_session_1159515118229397504,label_aggression_1159515118229397504
media_session_1159559695544299520,label_bullying_1159559695544299520
media_session_1159559695544299520,label_aggression_1159559695544299520
media_session_1159585512882143232,label_bullying_1159585512882143232
media_session_1159585512882143232,label_aggression_1159585512882143232
media_session_1160347476902006784,label_bullying_1160347476902006784
media_session_1160347476902006784,label_aggression_1160347476902006784
media_session_1160414289270632448,label_bullying_1160414289270632448
media_session_1160414289270632448,label_aggression_1160414289270632448
media_session_1160685224867364864,label_bullying_1160685224867364864
media_session_1160685224867364864,label_aggression_1160685224867364864
media_session_1160687030888706048,label_bullying_1160687030888706048
media_session_1160687030888706048,label_aggression_1160687030888706048
media_session_1160855446715092992,label_bullying_1160855446715092992
media_session_1160855446715092992,label_aggression_1160855446715092992
media_session_1160900609034358784,label_bullying_1160900609034358784
media_session_1160900609034358784,label_aggression_1160900609034358784
media_session_1161011745188642816,label_bullying_1161011745188642816
media_session_1161011745188642816,label_aggression_1161011745188642816
media_session_1161096355180343296,label_bullying_1161096355180343296
media_session_1161096355180343296,label_aggression_1161096355180343296
media_session_1161274434586574848,label_bullying_1161274434586574848
media_session_1161274434586574848,label_aggression_1161274434586574848
media_session_1161351608429625344,label_bullying_1161351608429625344
media_session_1161351608429625344,label_aggression_1161351608429625344
media_session_1161367022081286144,label_bullying_1161367022081286144
media_session_1161367022081286144,label_aggression_1161367022081286144
media_session_1161394357018984448,label_bullying_1161394357018984448
media_session_1161394357018984448,label_aggression_1161394357018984448
media_session_1161460481937096704,label_bullying_1161460481937096704
media_session_1161460481937096704,label_aggression_1161460481937096704
media_session_1161504489703194624,label_bullying_1161504489703194624
media_session_1161504489703194624,label_aggression_1161504489703194624
media_session_1161576632339873792,label_bullying_1161576632339873792
media_session_1161576632339873792,label_aggression_1161576632339873792
media_session_1161738248465584128,label_bullying_1161738248465584128
media_session_1161738248465584128,label_aggression_1161738248465584128
media_session_1161761878444322816,label_bullying_1161761878444322816
media_session_1161761878444322816,label_aggression_1161761878444322816
media_session_1161768321448910848,label_bullying_1161768321448910848
media_session_1161768321448910848,label_aggression_1161768321448910848
media_session_1161834111133155329,label_bullying_1161834111133155329
media_session_1161834111133155329,label_aggression_1161834111133155329
media_session_1161854419499900928,label_bullying_1161854419499900928
media_session_1161854419499900928,label_aggression_1161854419499900928
media_session_1161944831988289536,label_bullying_1161944831988289536
media_session_1161944831988289536,label_aggression_1161944831988289536
media_session_1161979387932291072,label_bullying_1161979387932291072
media_session_1161979387932291072,label_aggression_1161979387932291072
media_session_1162164653938376704,label_bullying_1162164653938376704
media_session_1162164653938376704,label_aggression_1162164653938376704
media_session_1162171218322206720,label_bullying_1162171218322206720
media_session_1162171218322206720,label_aggression_1162171218322206720
media_session_1162188993182695424,label_bullying_1162188993182695424
media_session_1162188993182695424,label_aggression_1162188993182695424
media_session_1162257615913467904,label_bullying_1162257615913467904
media_session_1162257615913467904,label_aggression_1162257615913467904
media_session_1162527278816165888,label_bullying_1162527278816165888
media_session_1162527278816165888,label_aggression_1162527278816165888
media_session_1162579099936542720,label_bullying_1162579099936542720
media_session_1162579099936542720,label_aggression_1162579099936542720
media_session_1162580603787464704,label_bullying_1162580603787464704
media_session_1162580603787464704,label_aggression_1162580603787464704
media_session_1162626868445327360,label_bullying_1162626868445327360
media_session_1162626868445327360,label_aggression_1162626868445327360
media_session_1162654097317531648,label_bullying_1162654097317531648
media_session_1162654097317531648,label_aggression_1162654097317531648
media_session_1162671506677997568,label_bullying_1162671506677997568
media_session_1162671506677997568,label_aggression_1162671506677997568
media_session_1162892916084375552,label_bullying_1162892916084375552
media_session_1162892916084375552,label_aggression_1162892916084375552
media_session_1162968975672778752,label_bullying_1162968975672778752
media_session_1162968975672778752,label_aggression_1162968975672778752
media_session_1162995993596370944,label_bullying_1162995993596370944
media_session_1162995993596370944,label_aggression_1162995993596370944
media_session_1163154798393061376,label_bullying_1163154798393061376
media_session_1163154798393061376,label_aggression_1163154798393061376
media_session_1163260773993480192,label_bullying_1163260773993480192
media_session_1163260773993480192,label_aggression_1163260773993480192
media_session_1163434661226446848,label_bullying_1163434661226446848
media_session_1163434661226446848,label_aggression_1163434661226446848
media_session_1163561219811172352,label_bullying_1163561219811172352
media_session_1163561219811172352,label_aggression_1163561219811172352
media_session_1163579451632771072,label_bullying_1163579451632771072
media_session_1163579451632771072,label_aggression_1163579451632771072
media_session_1163626828175691776,label_bullying_1163626828175691776
media_session_1163626828175691776,label_aggression_1163626828175691776
media_session_1163980691873357824,label_bullying_1163980691873357824
media_session_1163980691873357824,label_aggression_1163980691873357824
media_session_1164065840933773312,label_bullying_1164065840933773312
media_session_1164065840933773312,label_aggression_1164065840933773312
media_session_1164091195023306752,label_bullying_1164091195023306752
media_session_1164091195023306752,label_aggression_1164091195023306752
media_session_1164288224353816576,label_bullying_1164288224353816576
media_session_1164288224353816576,label_aggression_1164288224353816576
media_session_1164406383115116544,label_bullying_1164406383115116544
media_session_1164406383115116544,label_aggression_1164406383115116544
media_session_1164774910267441152,label_bullying_1164774910267441152
media_session_1164774910267441152,label_aggression_1164774910267441152
media_session_1164828038630879232,label_bullying_1164828038630879232
media_session_1164828038630879232,label_aggression_1164828038630879232
media_session_1164855192760602624,label_bullying_1164855192760602624
media_session_1164855192760602624,label_aggression_1164855192760602624
media_session_1165086499860275200,label_bullying_1165086499860275200
media_session_1165086499860275200,label_aggression_1165086499860275200
media_session_1165174042676912128,label_bullying_1165174042676912128
media_session_1165174042676912128,label_aggression_1165174042676912128
media_session_1165506062229676032,label_bullying_1165506062229676032
media_session_1165506062229676032,label_aggression_1165506062229676032
media_session_1165738614752411648,label_bullying_1165738614752411648
media_session_1165738614752411648,label_aggression_1165738614752411648
media_session_1165764066229542912,label_bullying_1165764066229542912
media_session_1165764066229542912,label_aggression_1165764066229542912
media_session_1165783210110701568,label_bullying_1165783210110701568
media_session_1165783210110701568,label_aggression_1165783210110701568
media_session_1165856327927750656,label_bullying_1165856327927750656
media_session_1165856327927750656,label_aggression_1165856327927750656
media_session_1165888095896649728,label_bullying_1165888095896649728
media_session_1165888095896649728,label_aggression_1165888095896649728
media_session_1166111009145245696,label_bullying_1166111009145245696
media_session_1166111009145245696,label_aggression_1166111009145245696
media_session_1166131397384433664,label_bullying_1166131397384433664
media_session_1166131397384433664,label_aggression_1166131397384433664
media_session_1166274181290512384,label_bullying_1166274181290512384
media_session_1166274181290512384,label_aggression_1166274181290512384
media_session_1166565010009370624,label_bullying_1166565010009370624
media_session_1166565010009370624,label_aggression_1166565010009370624
media_session_1166952370773897216,label_bullying_1166952370773897216
media_session_1166952370773897216,label_aggression_1166952370773897216
media_session_1166993514807304192,label_bullying_1166993514807304192
media_session_1166993514807304192,label_aggression_1166993514807304192
media_session_1167285168810471424,label_bullying_1167285168810471424
media_session_1167285168810471424,label_aggression_1167285168810471424
media_session_1167324347300724736,label_bullying_1167324347300724736
media_session_1167324347300724736,label_aggression_1167324347300724736
media_session_1167671471288844288,label_bullying_1167671471288844288
media_session_1167671471288844288,label_aggression_1167671471288844288
media_session_1167693037900857344,label_bullying_1167693037900857344
media_session_1167693037900857344,label_aggression_1167693037900857344
media_session_1167724898471256064,label_bullying_1167724898471256064
media_session_1167724898471256064,label_aggression_1167724898471256064
media_session_1167795973586853888,label_bullying_1167795973586853888
media_session_1167795973586853888,label_aggression_1167795973586853888
media_session_1167971795727470592,label_bullying_1167971795727470592
media_session_1167971795727470592,label_aggression_1167971795727470592
media_session_1168252445500276736,label_bullying_1168252445500276736
media_session_1168252445500276736,label_aggression_1168252445500276736
media_session_1168320669927215104,label_bullying_1168320669927215104
media_session_1168320669927215104,label_aggression_1168320669927215104
media_session_1168334899766272000,label_bullying_1168334899766272000
media_session_1168334899766272000,label_aggression_1168334899766272000
media_session_1168346839330738176,label_bullying_1168346839330738176
media_session_1168346839330738176,label_aggression_1168346839330738176
media_session_1168389164421763072,label_bullying_1168389164421763072
media_session_1168389164421763072,label_aggression_1168389164421763072
media_session_1168612975406645248,label_bullying_1168612975406645248
media_session_1168612975406645248,label_aggression_1168612975406645248
media_session_1168651744683921408,label_bullying_1168651744683921408
media_session_1168651744683921408,label_aggression_1168651744683921408
media_session_1168674303898976256,label_bullying_1168674303898976256
media_session_1168674303898976256,label_aggression_1168674303898976256
media_session_1168806492346982400,label_bullying_1168806492346982400
media_session_1168806492346982400,label_aggression_1168806492346982400
media_session_1169048030134378496,label_bullying_1169048030134378496
media_session_1169048030134378496,label_aggression_1169048030134378496
media_session_1169050854352097280,label_bullying_1169050854352097280
media_session_1169050854352097280,label_aggression_1169050854352097280
media_session_1169093466169511936,label_bullying_1169093466169511936
media_session_1169093466169511936,label_aggression_1169093466169511936
media_session_1169158296855359488,label_bullying_1169158296855359488
media_session_1169158296855359488,label_aggression_1169158296855359488
media_session_1169169185545318400,label_bullying_1169169185545318400
media_session_1169169185545318400,label_aggression_1169169185545318400
media_session_1169358143893966848,label_bullying_1169358143893966848
media_session_1169358143893966848,label_aggression_1169358143893966848
media_session_1169427455535419392,label_bullying_1169427455535419392
media_session_1169427455535419392,label_aggression_1169427455535419392
media_session_1169489874899066880,label_bullying_1169489874899066880
media_session_1169489874899066880,label_aggression_1169489874899066880
media_session_1169494844386037760,label_bullying_1169494844386037760
media_session_1169494844386037760,label_aggression_1169494844386037760
media_session_1169509008340873216,label_bullying_1169509008340873216
media_session_1169509008340873216,label_aggression_1169509008340873216
media_session_1169688255890186240,label_bullying_1169688255890186240
media_session_1169688255890186240,label_aggression_1169688255890186240
media_session_1170095958982549504,label_bullying_1170095958982549504
media_session_1170095958982549504,label_aggression_1170095958982549504
media_session_1170173033755934720,label_bullying_1170173033755934720
media_session_1170173033755934720,label_aggression_1170173033755934720
media_session_1170303946817167360,label_bullying_1170303946817167360
media_session_1170303946817167360,label_aggression_1170303946817167360
media_session_1170465736184012800,label_bullying_1170465736184012800
media_session_1170465736184012800,label_aggression_1170465736184012800
media_session_1170466885566111744,label_bullying_1170466885566111744
media_session_1170466885566111744,label_aggression_1170466885566111744
media_session_1170556890108088320,label_bullying_1170556890108088320
media_session_1170556890108088320,label_aggression_1170556890108088320
media_session_1170871500140666880,label_bullying_1170871500140666880
media_session_1170871500140666880,label_aggression_1170871500140666880
media_session_1170976393530941440,label_bullying_1170976393530941440
media_session_1170976393530941440,label_aggression_1170976393530941440
media_session_1171065124103041024,label_bullying_1171065124103041024
media_session_1171065124103041024,label_aggression_1171065124103041024
media_session_1171237779695689728,label_bullying_1171237779695689728
media_session_1171237779695689728,label_aggression_1171237779695689728
media_session_1171260118231326721,label_bullying_1171260118231326721
media_session_1171260118231326721,label_aggression_1171260118231326721
media_session_1171278643926863872,label_bullying_1171278643926863872
media_session_1171278643926863872,label_aggression_1171278643926863872
media_session_1171672626838544384,label_bullying_1171672626838544384
media_session_1171672626838544384,label_aggression_1171672626838544384
media_session_1171707907222761472,label_bullying_1171707907222761472
media_session_1171707907222761472,label_aggression_1171707907222761472
media_session_1172007640122183680,label_bullying_1172007640122183680
media_session_1172007640122183680,label_aggression_1172007640122183680
media_session_1172034196974489600,label_bullying_1172034196974489600
media_session_1172034196974489600,label_aggression_1172034196974489600
media_session_1172059693724884992,label_bullying_1172059693724884992
media_session_1172059693724884992,label_aggression_1172059693724884992
media_session_1172089525221363712,label_bullying_1172089525221363712
media_session_1172089525221363712,label_aggression_1172089525221363712
media_session_1172294545229434880,label_bullying_1172294545229434880
media_session_1172294545229434880,label_aggression_1172294545229434880
media_session_1172495009132781568,label_bullying_1172495009132781568
media_session_1172495009132781568,label_aggression_1172495009132781568
media_session_1172703605590056960,label_bullying_1172703605590056960
media_session_1172703605590056960,label_aggression_1172703605590056960
media_session_1172707363586002944,label_bullying_1172707363586002944
media_session_1172707363586002944,label_aggression_1172707363586002944
media_session_1172723682289004544,label_bullying_1172723682289004544
media_session_1172723682289004544,label_aggression_1172723682289004544
media_session_1172735260652687360,label_bullying_1172735260652687360
media_session_1172735260652687360,label_aggression_1172735260652687360
media_session_1172805293197914112,label_bullying_1172805293197914112
media_session_1172805293197914112,label_aggression_1172805293197914112
media_session_1173054632894054400,label_bullying_1173054632894054400
media_session_1173054632894054400,label_aggression_1173054632894054400
media_session_1173106996371677184,label_bullying_1173106996371677184
media_session_1173106996371677184,label_aggression_1173106996371677184
media_session_1173117061120327680,label_bullying_1173117061120327680
media_session_1173117061120327680,label_aggression_1173117061120327680
media_session_1173253347336237056,label_bullying_1173253347336237056
media_session_1173253347336237056,label_aggression_1173253347336237056
media_session_1173331691574583296,label_bullying_1173331691574583296
media_session_1173331691574583296,label_aggression_1173331691574583296
media_session_1173344250096697344,label_bullying_1173344250096697344
media_session_1173344250096697344,label_aggression_1173344250096697344
media_session_1173345217597095936,label_bullying_1173345217597095936
media_session_1173345217597095936,label_aggression_1173345217597095936
media_session_1173457572985225216,label_bullying_1173457572985225216
media_session_1173457572985225216,label_aggression_1173457572985225216
media_session_1173698181440397312,label_bullying_1173698181440397312
media_session_1173698181440397312,label_aggression_1173698181440397312
media_session_1173764731941654528,label_bullying_1173764731941654528
media_session_1173764731941654528,label_aggression_1173764731941654528
media_session_1173788073822248960,label_bullying_1173788073822248960
media_session_1173788073822248960,label_aggression_1173788073822248960
media_session_1173871042415198208,label_bullying_1173871042415198208
media_session_1173871042415198208,label_aggression_1173871042415198208
media_session_1173871317838430208,label_bullying_1173871317838430208
media_session_1173871317838430208,label_aggression_1173871317838430208
media_session_1173882968301883392,label_bullying_1173882968301883392
media_session_1173882968301883392,label_aggression_1173882968301883392
media_session_1173883918076841984,label_bullying_1173883918076841984
media_session_1173883918076841984,label_aggression_1173883918076841984
media_session_1174139920647086080,label_bullying_1174139920647086080
media_session_1174139920647086080,label_aggression_1174139920647086080
media_session_1174190715665047552,label_bullying_1174190715665047552
media_session_1174190715665047552,label_aggression_1174190715665047552
media_session_1174223732999438336,label_bullying_1174223732999438336
media_session_1174223732999438336,label_aggression_1174223732999438336
media_session_1174245255768346624,label_bullying_1174245255768346624
media_session_1174245255768346624,label_aggression_1174245255768346624
media_session_1174312914862411776,label_bullying_1174312914862411776
media_session_1174312914862411776,label_aggression_1174312914862411776
media_session_1174521589077852160,label_bullying_1174521589077852160
media_session_1174521589077852160,label_aggression_1174521589077852160
media_session_1174566324454768640,label_bullying_1174566324454768640
media_session_1174566324454768640,label_aggression_1174566324454768640
media_session_1174852090141560832,label_bullying_1174852090141560832
media_session_1174852090141560832,label_aggression_1174852090141560832
media_session_1174867646131699712,label_bullying_1174867646131699712
media_session_1174867646131699712,label_aggression_1174867646131699712
media_session_1174929297677389824,label_bullying_1174929297677389824
media_session_1174929297677389824,label_aggression_1174929297677389824
media_session_1174956015058567168,label_bullying_1174956015058567168
media_session_1174956015058567168,label_aggression_1174956015058567168
media_session_1175171847919206400,label_bullying_1175171847919206400
media_session_1175171847919206400,label_aggression_1175171847919206400
media_session_1175237914666627072,label_bullying_1175237914666627072
media_session_1175237914666627072,label_aggression_1175237914666627072
media_session_1175534682763677696,label_bullying_1175534682763677696
media_session_1175534682763677696,label_aggression_1175534682763677696
media_session_1175799532286894080,label_bullying_1175799532286894080
media_session_1175799532286894080,label_aggression_1175799532286894080
media_session_1175909985952190464,label_bullying_1175909985952190464
media_session_1175909985952190464,label_aggression_1175909985952190464
media_session_1175946850696650752,label_bullying_1175946850696650752
media_session_1175946850696650752,label_aggression_1175946850696650752
media_session_1176245201720033280,label_bullying_1176245201720033280
media_session_1176245201720033280,label_aggression_1176245201720033280
media_session_1176398683009388544,label_bullying_1176398683009388544
media_session_1176398683009388544,label_aggression_1176398683009388544
media_session_1176404479424471040,label_bullying_1176404479424471040
media_session_1176404479424471040,label_aggression_1176404479424471040
media_session_1176409811588722689,label_bullying_1176409811588722689
media_session_1176409811588722689,label_aggression_1176409811588722689
media_session_1176423855544258560,label_bullying_1176423855544258560
media_session_1176423855544258560,label_aggression_1176423855544258560
media_session_1176468460994273280,label_bullying_1176468460994273280
media_session_1176468460994273280,label_aggression_1176468460994273280
media_session_1176770072732479488,label_bullying_1176770072732479488
media_session_1176770072732479488,label_aggression_1176770072732479488
media_session_1176833275743068160,label_bullying_1176833275743068160
media_session_1176833275743068160,label_aggression_1176833275743068160
media_session_1177065690230943744,label_bullying_1177065690230943744
media_session_1177065690230943744,label_aggression_1177065690230943744
media_session_1177099043068051456,label_bullying_1177099043068051456
media_session_1177099043068051456,label_aggression_1177099043068051456
media_session_1177102953841311744,label_bullying_1177102953841311744
media_session_1177102953841311744,label_aggression_1177102953841311744
media_session_1177141283874082816,label_bullying_1177141283874082816
media_session_1177141283874082816,label_aggression_1177141283874082816
media_session_1177434684763013120,label_bullying_1177434684763013120
media_session_1177434684763013120,label_aggression_1177434684763013120
media_session_1177470110844268544,label_bullying_1177470110844268544
media_session_1177470110844268544,label_aggression_1177470110844268544
media_session_1177505698758692864,label_bullying_1177505698758692864
media_session_1177505698758692864,label_aggression_1177505698758692864
media_session_1177781116413820928,label_bullying_1177781116413820928
media_session_1177781116413820928,label_aggression_1177781116413820928
media_session_1177969231829131264,label_bullying_1177969231829131264
media_session_1177969231829131264,label_aggression_1177969231829131264
media_session_1178132993827835904,label_bullying_1178132993827835904
media_session_1178132993827835904,label_aggression_1178132993827835904
media_session_1178177738159624192,label_bullying_1178177738159624192
media_session_1178177738159624192,label_aggression_1178177738159624192
media_session_1178264272132829184,label_bullying_1178264272132829184
media_session_1178264272132829184,label_aggression_1178264272132829184
media_session_1178391541912653824,label_bullying_1178391541912653824
media_session_1178391541912653824,label_aggression_1178391541912653824
media_session_1178447414039130112,label_bullying_1178447414039130112
media_session_1178447414039130112,label_aggression_1178447414039130112
media_session_1178457386067935232,label_bullying_1178457386067935232
media_session_1178457386067935232,label_aggression_1178457386067935232
media_session_1178570675292639232,label_bullying_1178570675292639232
media_session_1178570675292639232,label_aggression_1178570675292639232
media_session_1178583926424612864,label_bullying_1178583926424612864
media_session_1178583926424612864,label_aggression_1178583926424612864
media_session_1178591154238050304,label_bullying_1178591154238050304
media_session_1178591154238050304,label_aggression_1178591154238050304
media_session_1178861486844547072,label_bullying_1178861486844547072
media_session_1178861486844547072,label_aggression_1178861486844547072
media_session_1178927326902595584,label_bullying_1178927326902595584
media_session_1178927326902595584,label_aggression_1178927326902595584
media_session_1178927796794634240,label_bullying_1178927796794634240
media_session_1178927796794634240,label_aggression_1178927796794634240
media_session_1179210206551404544,label_bullying_1179210206551404544
media_session_1179210206551404544,label_aggression_1179210206551404544
media_session_1179602719028248576,label_bullying_1179602719028248576
media_session_1179602719028248576,label_aggression_1179602719028248576
media_session_1179657072758132736,label_bullying_1179657072758132736
media_session_1179657072758132736,label_aggression_1179657072758132736
media_session_1179668668150398976,label_bullying_1179668668150398976
media_session_1179668668150398976,label_aggression_1179668668150398976
media_session_1180058415821746176,label_bullying_1180058415821746176
media_session_1180058415821746176,label_aggression_1180058415821746176
media_session_1180304109229035520,label_bullying_1180304109229035520
media_session_1180304109229035520,label_aggression_1180304109229035520
media_session_1180317338965278720,label_bullying_1180317338965278720
media_session_1180317338965278720,label_aggression_1180317338965278720
media_session_1180639864811597824,label_bullying_1180639864811597824
media_session_1180639864811597824,label_aggression_1180639864811597824
media_session_1180641213356085248,label_bullying_1180641213356085248
media_session_1180641213356085248,label_aggression_1180641213356085248
media_session_1180688980115861504,label_bullying_1180688980115861504
media_session_1180688980115861504,label_aggression_1180688980115861504
media_session_1180727889881411584,label_bullying_1180727889881411584
media_session_1180727889881411584,label_aggression_1180727889881411584
media_session_1180985670383128576,label_bullying_1180985670383128576
media_session_1180985670383128576,label_aggression_1180985670383128576
media_session_1181066254816030720,label_bullying_1181066254816030720
media_session_1181066254816030720,label_aggression_1181066254816030720
media_session_1181136411290640384,label_bullying_1181136411290640384
media_session_1181136411290640384,label_aggression_1181136411290640384
media_session_1181186912598253568,label_bullying_1181186912598253568
media_session_1181186912598253568,label_aggression_1181186912598253568
media_session_1181354572539936768,label_bullying_1181354572539936768
media_session_1181354572539936768,label_aggression_1181354572539936768
media_session_1181463329286619136,label_bullying_1181463329286619136
media_session_1181463329286619136,label_aggression_1181463329286619136
media_session_1181490674051522560,label_bullying_1181490674051522560
media_session_1181490674051522560,label_aggression_1181490674051522560
media_session_1181756604215922688,label_bullying_1181756604215922688
media_session_1181756604215922688,label_aggression_1181756604215922688
media_session_1181848305580351488,label_bullying_1181848305580351488
media_session_1181848305580351488,label_aggression_1181848305580351488
media_session_931024405042184192,label_bullying_931024405042184192
media_session_931024405042184192,label_aggression_931024405042184192
media_session_934257439124123648,label_bullying_934257439124123648
media_session_934257439124123648,label_aggression_934257439124123648
media_session_934329487129214976,label_bullying_934329487129214976
media_session_934329487129214976,label_aggression_934329487129214976
media_session_943257274946842624,label_bullying_943257274946842624
media_session_943257274946842624,label_aggression_943257274946842624
media_session_944713893912158208,label_bullying_944713893912158208
media_session_944713893912158208,label_aggression_944713893912158208
media_session_945803943852818432,label_bullying_945803943852818432
media_session_945803943852818432,label_aggression_945803943852818432
media_session_948030343389270016,label_bullying_948030343389270016
media_session_948030343389270016,label_aggression_948030343389270016
media_session_948113155073118208,label_bullying_948113155073118208
media_session_948113155073118208,label_aggression_948113155073118208
media_session_949149610885136384,label_bullying_949149610885136384
media_session_949149610885136384,label_aggression_949149610885136384
media_session_951236509728641024,label_bullying_951236509728641024
media_session_951236509728641024,label_aggression_951236509728641024
media_session_951264650761265152,label_bullying_951264650761265152
media_session_951264650761265152,label_aggression_951264650761265152
media_session_951655802345795584,label_bullying_951655802345795584
media_session_951655802345795584,label_aggression_951655802345795584
media_session_957020593801347072,label_bullying_957020593801347072
media_session_957020593801347072,label_aggression_957020593801347072
media_session_957785592803020800,label_bullying_957785592803020800
media_session_957785592803020800,label_aggression_957785592803020800
media_session_958401254873264128,label_bullying_958401254873264128
media_session_958401254873264128,label_aggression_958401254873264128
media_session_958643388486467584,label_bullying_958643388486467584
media_session_958643388486467584,label_aggression_958643388486467584
media_session_965522693774626816,label_bullying_965522693774626816
media_session_965522693774626816,label_aggression_965522693774626816
media_session_973454446254489600,label_bullying_973454446254489600
media_session_973454446254489600,label_aggression_973454446254489600
media_session_974527514401964032,label_bullying_974527514401964032
media_session_974527514401964032,label_aggression_974527514401964032
media_session_975533569261043712,label_bullying_975533569261043712
media_session_975533569261043712,label_aggression_975533569261043712
media_session_978943102335553536,label_bullying_978943102335553536
media_session_978943102335553536,label_aggression_978943102335553536
media_session_981841413136666624,label_bullying_981841413136666624
media_session_981841413136666624,label_aggression_981841413136666624
media_session_981968717728935936,label_bullying_981968717728935936
media_session_981968717728935936,label_aggression_981968717728935936
media_session_982975898804736000,label_bullying_982975898804736000
media_session_982975898804736000,label_aggression_982975898804736000
media_session_985793023009226752,label_bullying_985793023009226752
media_session_985793023009226752,label_aggression_985793023009226752
media_session_986467756578951168,label_bullying_986467756578951168
media_session_986467756578951168,label_aggression_986467756578951168
media_session_987238296176463872,label_bullying_987238296176463872
media_session_987238296176463872,label_aggression_987238296176463872
media_session_987301818738839552,label_bullying_987301818738839552
media_session_987301818738839552,label_aggression_987301818738839552
media_session_987882919152558080,label_bullying_987882919152558080
media_session_987882919152558080,label_aggression_987882919152558080
media_session_988632692038025216,label_bullying_988632692038025216
media_session_988632692038025216,label_aggression_988632692038025216
media_session_989014494384701440,label_bullying_989014494384701440
media_session_989014494384701440,label_aggression_989014494384701440
media_session_990100922606993408,label_bullying_990100922606993408
media_session_990100922606993408,label_aggression_990100922606993408
media_session_990183429989871616,label_bullying_990183429989871616
media_session_990183429989871616,label_aggression_990183429989871616
media_session_990362753342521344,label_bullying_990362753342521344
media_session_990362753342521344,label_aggression_990362753342521344
media_session_990785422521245696,label_bullying_990785422521245696
media_session_990785422521245696,label_aggression_990785422521245696
media_session_991018949669957632,label_bullying_991018949669957632
media_session_991018949669957632,label_aggression_991018949669957632
media_session_991891149956562944,label_bullying_991891149956562944
media_session_991891149956562944,label_aggression_991891149956562944
media_session_993316994789093376,label_bullying_993316994789093376
media_session_993316994789093376,label_aggression_993316994789093376
media_session_994090244574011392,label_bullying_994090244574011392
media_session_994090244574011392,label_aggression_994090244574011392
media_session_994799845514846208,label_bullying_994799845514846208
media_session_994799845514846208,label_aggression_994799845514846208
media_session_995662050179371008,label_bullying_995662050179371008
media_session_995662050179371008,label_aggression_995662050179371008
media_session_995815198730706944,label_bullying_995815198730706944
media_session_995815198730706944,label_aggression_995815198730706944
media_session_997005163342798848,label_bullying_997005163342798848
media_session_997005163342798848,label_aggression_997005163342798848
media_session_997366810225803264,label_bullying_997366810225803264
media_session_997366810225803264,label_aggression_997366810225803264
media_session_998151007915950080,label_bullying_998151007915950080
media_session_998151007915950080,label_aggression_998151007915950080
media_session_999039695801720832,label_bullying_999039695801720832
media_session_999039695801720832,label_aggression_999039695801720832
media_session_999405517518561280,label_bullying_999405517518561280
media_session_999405517518561280,label_aggression_999405517518561280
media_session_999836029462667264,label_bullying_999836029462667264
media_session_999836029462667264,label_aggression_999836029462667264
