target_id,label_type,value,confidence,id
1156467652974342144,bullying,0,1.0,label_bullying_1156467652974342144
1156467652974342144,aggression,0,1.0,label_aggression_1156467652974342144
1172294545229434880,bullying,0,1.0,label_bullying_1172294545229434880
1172294545229434880,aggression,0,1.0,label_aggression_1172294545229434880
1116987080183062528,bullying,0,1.0,label_bullying_1116987080183062528
1116987080183062528,aggression,0,1.0,label_aggression_1116987080183062528
1057501435811500032,bullying,0,1.0,label_bullying_1057501435811500032
1057501435811500032,aggression,0,0.7895,label_aggression_1057501435811500032
1122565290144968704,bullying,1,0.8314,label_bullying_1122565290144968704
1122565290144968704,aggression,1,1.0,label_aggression_1122565290144968704
1176833275743068160,bullying,0,0.627,label_bullying_1176833275743068160
1176833275743068160,aggression,1,0.5845,label_aggression_1176833275743068160
1100096249568595968,bullying,0,1.0,label_bullying_1100096249568595968
1100096249568595968,aggression,0,1.0,label_aggression_1100096249568595968
1111638345144008704,bullying,1,0.7744,label_bullying_1111638345144008704
1111638345144008704,aggression,1,0.7744,label_aggression_1111638345144008704
1174929297677389824,bullying,0,0.5842,label_bullying_1174929297677389824
1174929297677389824,aggression,0,0.5842,label_aggression_1174929297677389824
1106737307656036352,bullying,0,1.0,label_bullying_1106737307656036352
1106737307656036352,aggression,0,1.0,label_aggression_1106737307656036352
1123819302441644032,bullying,0,1.0,label_bullying_1123819302441644032
1123819302441644032,aggression,0,1.0,label_aggression_1123819302441644032
1162968975672778752,bullying,0,1.0,label_bullying_1162968975672778752
1162968975672778752,aggression,0,1.0,label_aggression_1162968975672778752
1167693037900857344,bullying,1,0.794,label_bullying_1167693037900857344
1167693037900857344,aggression,1,0.794,label_aggression_1167693037900857344
1124478819911585792,bullying,0,1.0,label_bullying_1124478819911585792
1124478819911585792,aggression,0,1.0,label_aggression_1124478819911585792
1100586565102940160,bullying,0,1.0,label_bullying_1100586565102940160
1100586565102940160,aggression,0,1.0,label_aggression_1100586565102940160
1117113774453805056,bullying,0,1.0,label_bullying_1117113774453805056
1117113774453805056,aggression,0,1.0,label_aggression_1117113774453805056
1020912874765619200,bullying,0,0.7895,label_bullying_1020912874765619200
1020912874765619200,aggression,0,0.7895,label_aggression_1020912874765619200
1101279017832968192,bullying,0,0.7932,label_bullying_1101279017832968192
1101279017832968192,aggression,0,0.7932,label_aggression_1101279017832968192
1137584551972270080,bullying,0,1.0,label_bullying_1137584551972270080
1137584551972270080,aggression,0,1.0,label_aggression_1137584551972270080
1064015840896225280,bullying,0,0.7744,label_bullying_1064015840896225280
1064015840896225280,aggression,0,0.7744,label_aggression_1064015840896225280
1115991006584987648,bullying,0,0.5986,label_bullying_1115991006584987648
1115991006584987648,aggression,1,0.5676,label_aggression_1115991006584987648
1081664980782374912,bullying,1,0.8025,label_bullying_1081664980782374912
1081664980782374912,aggression,1,1.0,label_aggression_1081664980782374912
1134017703750103040,bullying,0,0.6139,label_bullying_1134017703750103040
1134017703750103040,aggression,1,0.5837,label_aggression_1134017703750103040
1159462478544101376,bullying,1,1.0,label_bullying_1159462478544101376
1159462478544101376,aggression,1,1.0,label_aggression_1159462478544101376
1139998679755812864,bullying,0,1.0,label_bullying_1139998679755812864
1139998679755812864,aggression,0,1.0,label_aggression_1139998679755812864
1121066447423053824,bullying,0,1.0,label_bullying_1121066447423053824
1121066447423053824,aggression,0,1.0,label_aggression_1121066447423053824
1093418607750586368,bullying,0,1.0,label_bullying_1093418607750586368
1093418607750586368,aggression,0,1.0,label_aggression_1093418607750586368
1166993514807304192,bullying,0,0.794,label_bullying_1166993514807304192
1166993514807304192,aggression,0,0.794,label_aggression_1166993514807304192
948030343389270016,bullying,1,0.627,label_bullying_948030343389270016
948030343389270016,aggression,1,1.0,label_aggression_948030343389270016
1131434704818540544,bullying,1,0.5842,label_bullying_1131434704818540544
1131434704818540544,aggression,1,0.5842,label_aggression_1131434704818540544
1089999176642740224,bullying,1,0.5777,label_bullying_1089999176642740224
1089999176642740224,aggression,1,0.5777,label_aggression_1089999176642740224
1163579451632771072,bullying,1,1.0,label_bullying_1163579451632771072
1163579451632771072,aggression,1,1.0,label_aggression_1163579451632771072
1134692072150949888,bullying,1,0.563,label_bullying_1134692072150949888
1134692072150949888,aggression,1,0.7744,label_aggression_1134692072150949888
1055241182718332928,bullying,1,0.5821,label_bullying_1055241182718332928
1055241182718332928,aggression,1,0.7777,label_aggression_1055241182718332928
1064754213302792192,bullying,1,0.5918,label_bullying_1064754213302792192
1064754213302792192,aggression,1,0.7893,label_aggression_1064754213302792192
1074582050805350400,bullying,1,0.5817,label_bullying_1074582050805350400
1074582050805350400,aggression,1,0.5817,label_aggression_1074582050805350400
1153964867745886208,bullying,0,1.0,label_bullying_1153964867745886208
1153964867745886208,aggression,0,1.0,label_aggression_1153964867745886208
1012520751829598208,bullying,0,0.8333,label_bullying_1012520751829598208
1012520751829598208,aggression,0,0.6377,label_aggression_1012520751829598208
1134908868867313664,bullying,0,1.0,label_bullying_1134908868867313664
1134908868867313664,aggression,0,0.5986,label_aggression_1134908868867313664
1178264272132829184,bullying,0,1.0,label_bullying_1178264272132829184
1178264272132829184,aggression,0,1.0,label_aggression_1178264272132829184
1149761218580512768,bullying,0,0.7847,label_bullying_1149761218580512768
1149761218580512768,aggression,0,0.7847,label_aggression_1149761218580512768
1119903629130801152,bullying,1,0.7744,label_bullying_1119903629130801152
1119903629130801152,aggression,1,0.7744,label_aggression_1119903629130801152
1088174709562314752,bullying,1,0.7744,label_bullying_1088174709562314752
1088174709562314752,aggression,1,0.7744,label_aggression_1088174709562314752
1117352411007246336,bullying,1,0.7744,label_bullying_1117352411007246336
1117352411007246336,aggression,1,0.7744,label_aggression_1117352411007246336
1178570675292639232,bullying,0,0.6377,label_bullying_1178570675292639232
1178570675292639232,aggression,0,0.6377,label_aggression_1178570675292639232
1105729114431725568,bullying,1,0.5624,label_bullying_1105729114431725568
1105729114431725568,aggression,1,0.5624,label_aggression_1105729114431725568
1149040324006629376,bullying,0,1.0,label_bullying_1149040324006629376
1149040324006629376,aggression,0,1.0,label_aggression_1149040324006629376
1054254121538498560,bullying,1,0.563,label_bullying_1054254121538498560
1054254121538498560,aggression,1,0.7744,label_aggression_1054254121538498560
1152375978807496704,bullying,1,0.7744,label_bullying_1152375978807496704
1152375978807496704,aggression,1,0.7744,label_aggression_1152375978807496704
1139049958595825664,bullying,0,1.0,label_bullying_1139049958595825664
1139049958595825664,aggression,0,1.0,label_aggression_1139049958595825664
1092969087300173824,bullying,1,0.5842,label_bullying_1092969087300173824
1092969087300173824,aggression,1,0.5842,label_aggression_1092969087300173824
1148850447302692864,bullying,1,1.0,label_bullying_1148850447302692864
1148850447302692864,aggression,1,1.0,label_aggression_1148850447302692864
1008090316898803712,bullying,1,0.7744,label_bullying_1008090316898803712
1008090316898803712,aggression,1,0.7744,label_aggression_1008090316898803712
1061582683249012736,bullying,1,0.7744,label_bullying_1061582683249012736
1061582683249012736,aggression,1,0.7744,label_aggression_1061582683249012736
1179210206551404544,bullying,0,0.8333,label_bullying_1179210206551404544
1179210206551404544,aggression,0,0.6377,label_aggression_1179210206551404544
1092198309856202752,bullying,1,0.7885,label_bullying_1092198309856202752
1092198309856202752,aggression,1,1.0,label_aggression_1092198309856202752
1009707103394627584,bullying,1,0.5842,label_bullying_1009707103394627584
1009707103394627584,aggression,1,0.5842,label_aggression_1009707103394627584
1151131828892114944,bullying,1,1.0,label_bullying_1151131828892114944
1151131828892114944,aggression,1,1.0,label_aggression_1151131828892114944
1027479240444452864,bullying,1,1.0,label_bullying_1027479240444452864
1027479240444452864,aggression,1,1.0,label_aggression_1027479240444452864
1066222158239453184,bullying,1,0.5842,label_bullying_1066222158239453184
1066222158239453184,aggression,1,0.5842,label_aggression_1066222158239453184
1093485395146063872,bullying,1,1.0,label_bullying_1093485395146063872
1093485395146063872,aggression,1,1.0,label_aggression_1093485395146063872
1148886527963955200,bullying,0,0.7744,label_bullying_1148886527963955200
1148886527963955200,aggression,0,0.7744,label_aggression_1148886527963955200
1014296143544356864,bullying,1,0.788,label_bullying_1014296143544356864
1014296143544356864,aggression,1,0.788,label_aggression_1014296143544356864
1120955068431372288,bullying,1,0.5821,label_bullying_1120955068431372288
1120955068431372288,aggression,1,0.7777,label_aggression_1120955068431372288
1154187672588529664,bullying,1,0.5624,label_bullying_1154187672588529664
1154187672588529664,aggression,1,0.7777,label_aggression_1154187672588529664
1105744359686639616,bullying,1,0.6082,label_bullying_1105744359686639616
1105744359686639616,aggression,1,0.7744,label_aggression_1105744359686639616
1074093091838996480,bullying,0,0.7783,label_bullying_1074093091838996480
1074093091838996480,aggression,0,0.579,label_aggression_1074093091838996480
1158987090408112128,bullying,1,0.7893,label_bullying_1158987090408112128
1158987090408112128,aggression,1,0.7893,label_aggression_1158987090408112128
1025563073714483200,bullying,1,0.5897,label_bullying_1025563073714483200
1025563073714483200,aggression,1,0.5897,label_aggression_1025563073714483200
1059310997544079360,bullying,1,0.8004,label_bullying_1059310997544079360
1059310997544079360,aggression,1,0.8004,label_aggression_1059310997544079360
1120192382017613824,bullying,1,0.7744,label_bullying_1120192382017613824
1120192382017613824,aggression,1,0.7744,label_aggression_1120192382017613824
1137818665115414528,bullying,0,0.7744,label_bullying_1137818665115414528
1137818665115414528,aggression,0,0.563,label_aggression_1137818665115414528
1146305661932544000,bullying,1,0.8004,label_bullying_1146305661932544000
1146305661932544000,aggression,1,0.8004,label_aggression_1146305661932544000
1126434493599809536,bullying,1,0.6332,label_bullying_1126434493599809536
1126434493599809536,aggression,1,0.6332,label_aggression_1126434493599809536
1079563325219762176,bullying,1,0.7744,label_bullying_1079563325219762176
1079563325219762176,aggression,1,0.7744,label_aggression_1079563325219762176
1181066254816030720,bullying,0,0.6377,label_bullying_1181066254816030720
1181066254816030720,aggression,0,0.6377,label_aggression_1181066254816030720
1155088061789569024,bullying,1,0.788,label_bullying_1155088061789569024
1155088061789569024,aggression,1,0.788,label_aggression_1155088061789569024
1087618613571219456,bullying,1,0.785,label_bullying_1087618613571219456
1087618613571219456,aggression,1,0.785,label_aggression_1087618613571219456
1157172778362175488,bullying,0,0.7885,label_bullying_1157172778362175488
1157172778362175488,aggression,0,0.7885,label_aggression_1157172778362175488
1053133798101442560,bullying,1,0.794,label_bullying_1053133798101442560
1053133798101442560,aggression,1,0.794,label_aggression_1053133798101442560
957785592803020800,bullying,1,1.0,label_bullying_957785592803020800
957785592803020800,aggression,1,1.0,label_aggression_957785592803020800
1142134642015895552,bullying,0,0.7744,label_bullying_1142134642015895552
1142134642015895552,aggression,0,0.7744,label_aggression_1142134642015895552
1146249209444712448,bullying,1,0.794,label_bullying_1146249209444712448
1146249209444712448,aggression,1,0.794,label_aggression_1146249209444712448
1157541403673403392,bullying,1,0.8056,label_bullying_1157541403673403392
1157541403673403392,aggression,1,1.0,label_aggression_1157541403673403392
1069119845687328768,bullying,1,0.7744,label_bullying_1069119845687328768
1069119845687328768,aggression,1,0.7744,label_aggression_1069119845687328768
1177969231829131264,bullying,0,0.7885,label_bullying_1177969231829131264
1177969231829131264,aggression,0,0.5817,label_aggression_1177969231829131264
1147707543662247936,bullying,1,0.7744,label_bullying_1147707543662247936
1147707543662247936,aggression,1,0.7744,label_aggression_1147707543662247936
1101791523529703424,bullying,1,0.6002,label_bullying_1101791523529703424
1101791523529703424,aggression,1,0.7978,label_aggression_1101791523529703424
1066980163927085056,bullying,1,0.5842,label_bullying_1066980163927085056
1066980163927085056,aggression,1,0.5842,label_aggression_1066980163927085056
1048815494985551872,bullying,1,0.794,label_bullying_1048815494985551872
1048815494985551872,aggression,1,0.794,label_aggression_1048815494985551872
1113385871555686400,bullying,1,1.0,label_bullying_1113385871555686400
1113385871555686400,aggression,1,1.0,label_aggression_1113385871555686400
1080713892960825344,bullying,0,0.8333,label_bullying_1080713892960825344
1080713892960825344,aggression,0,0.6377,label_aggression_1080713892960825344
1073397272806817792,bullying,1,0.5777,label_bullying_1073397272806817792
1073397272806817792,aggression,1,0.5777,label_aggression_1073397272806817792
1062535235822292992,bullying,1,0.5651,label_bullying_1062535235822292992
1062535235822292992,aggression,1,0.5651,label_aggression_1062535235822292992
1109239642722844672,bullying,1,0.7744,label_bullying_1109239642722844672
1109239642722844672,aggression,1,0.5845,label_aggression_1109239642722844672
1130614482700529664,bullying,0,0.6153,label_bullying_1130614482700529664
1130614482700529664,aggression,1,0.5817,label_aggression_1130614482700529664
1107167421770379264,bullying,0,1.0,label_bullying_1107167421770379264
1107167421770379264,aggression,0,1.0,label_aggression_1107167421770379264
1141578684688445440,bullying,0,1.0,label_bullying_1141578684688445440
1141578684688445440,aggression,0,1.0,label_aggression_1141578684688445440
1053867748171595776,bullying,0,0.5819,label_bullying_1053867748171595776
1053867748171595776,aggression,1,1.0,label_aggression_1053867748171595776
1046262244998258688,bullying,1,1.0,label_bullying_1046262244998258688
1046262244998258688,aggression,1,1.0,label_aggression_1046262244998258688
1128501265627025408,bullying,0,1.0,label_bullying_1128501265627025408
1128501265627025408,aggression,0,1.0,label_aggression_1128501265627025408
1148898679500255232,bullying,0,1.0,label_bullying_1148898679500255232
1148898679500255232,aggression,0,0.7819,label_aggression_1148898679500255232
1174566324454768640,bullying,0,1.0,label_bullying_1174566324454768640
1174566324454768640,aggression,0,1.0,label_aggression_1174566324454768640
1158208932159123456,bullying,1,1.0,label_bullying_1158208932159123456
1158208932159123456,aggression,1,1.0,label_aggression_1158208932159123456
1025609192838443008,bullying,1,0.6108,label_bullying_1025609192838443008
1025609192838443008,aggression,1,0.7605,label_aggression_1025609192838443008
1067712613082931200,bullying,0,0.8338,label_bullying_1067712613082931200
1067712613082931200,aggression,0,0.8338,label_aggression_1067712613082931200
1013994610969788416,bullying,1,0.7924,label_bullying_1013994610969788416
1013994610969788416,aggression,1,0.7924,label_aggression_1013994610969788416
1152325866454708224,bullying,1,0.5438,label_bullying_1152325866454708224
1152325866454708224,aggression,1,1.0,label_aggression_1152325866454708224
1159515118229397504,bullying,0,0.6092,label_bullying_1159515118229397504
1159515118229397504,aggression,1,0.7701,label_aggression_1159515118229397504
1122798217923645440,bullying,1,0.5754,label_bullying_1122798217923645440
1122798217923645440,aggression,1,0.5754,label_aggression_1122798217923645440
1070449102225096704,bullying,1,0.5897,label_bullying_1070449102225096704
1070449102225096704,aggression,1,0.5897,label_aggression_1070449102225096704
1040480063214456832,bullying,1,0.7949,label_bullying_1040480063214456832
1040480063214456832,aggression,1,0.7949,label_aggression_1040480063214456832
1055302920520220672,bullying,0,0.8,label_bullying_1055302920520220672
1055302920520220672,aggression,0,0.8,label_aggression_1055302920520220672
1016596288051306496,bullying,1,0.7825,label_bullying_1016596288051306496
1016596288051306496,aggression,1,0.7825,label_aggression_1016596288051306496
1064321446668607489,bullying,1,0.5939,label_bullying_1064321446668607489
1064321446668607489,aggression,1,0.5939,label_aggression_1064321446668607489
1105272517608042496,bullying,1,1.0,label_bullying_1105272517608042496
1105272517608042496,aggression,1,1.0,label_aggression_1105272517608042496
1108466788171476992,bullying,1,0.783,label_bullying_1108466788171476992
1108466788171476992,aggression,1,1.0,label_aggression_1108466788171476992
1149189214303641600,bullying,1,0.5601,label_bullying_1149189214303641600
1149189214303641600,aggression,1,0.5601,label_aggression_1149189214303641600
1168806492346982400,bullying,1,0.6123,label_bullying_1168806492346982400
1168806492346982400,aggression,1,0.6123,label_aggression_1168806492346982400
1053851785821384704,bullying,0,0.607,label_bullying_1053851785821384704
1053851785821384704,aggression,0,0.607,label_aggression_1053851785821384704
1023091917250023424,bullying,1,0.779,label_bullying_1023091917250023424
1023091917250023424,aggression,1,0.779,label_aggression_1023091917250023424
1006225114423021568,bullying,1,0.7949,label_bullying_1006225114423021568
1006225114423021568,aggression,1,0.7949,label_aggression_1006225114423021568
1146255566205804544,bullying,1,0.5977,label_bullying_1146255566205804544
1146255566205804544,aggression,1,0.5977,label_aggression_1146255566205804544
1133597792259268608,bullying,1,0.552,label_bullying_1133597792259268608
1133597792259268608,aggression,1,0.7611,label_aggression_1133597792259268608
1058940543196979200,bullying,0,0.7955,label_bullying_1058940543196979200
1058940543196979200,aggression,0,0.7955,label_aggression_1058940543196979200
1084204805423034368,bullying,0,0.8019,label_bullying_1084204805423034368
1084204805423034368,aggression,0,0.8019,label_aggression_1084204805423034368
1085363521883193344,bullying,0,0.6151,label_bullying_1085363521883193344
1085363521883193344,aggression,0,0.6151,label_aggression_1085363521883193344
1176404479424471040,bullying,0,1.0,label_bullying_1176404479424471040
1176404479424471040,aggression,0,1.0,label_aggression_1176404479424471040
1174312914862411776,bullying,1,0.6275,label_bullying_1174312914862411776
1174312914862411776,aggression,1,0.8028,label_aggression_1174312914862411776
1032610021605056512,bullying,1,0.6243,label_bullying_1032610021605056512
1032610021605056512,aggression,1,0.7818,label_aggression_1032610021605056512
1035989830989217792,bullying,1,0.552,label_bullying_1035989830989217792
1035989830989217792,aggression,1,0.7611,label_aggression_1035989830989217792
1133675111459774464,bullying,1,0.786,label_bullying_1133675111459774464
1133675111459774464,aggression,1,0.5614,label_aggression_1133675111459774464
1158950726895394816,bullying,1,0.8058,label_bullying_1158950726895394816
1158950726895394816,aggression,1,0.8058,label_aggression_1158950726895394816
1173457572985225216,bullying,0,1.0,label_bullying_1173457572985225216
1173457572985225216,aggression,0,1.0,label_aggression_1173457572985225216
1132085719264010240,bullying,1,0.5602,label_bullying_1132085719264010240
1132085719264010240,aggression,1,0.7917,label_aggression_1132085719264010240
1053441156740681728,bullying,0,0.7954,label_bullying_1053441156740681728
1053441156740681728,aggression,0,0.7954,label_aggression_1053441156740681728
1154691382318178304,bullying,0,0.7989,label_bullying_1154691382318178304
1154691382318178304,aggression,0,0.7989,label_aggression_1154691382318178304
1180304109229035520,bullying,0,0.8451,label_bullying_1180304109229035520
1180304109229035520,aggression,1,0.5877,label_aggression_1180304109229035520
1046969682382794752,bullying,0,0.7989,label_bullying_1046969682382794752
1046969682382794752,aggression,0,0.7989,label_aggression_1046969682382794752
1052400209289940992,bullying,0,0.7979,label_bullying_1052400209289940992
1052400209289940992,aggression,0,0.6162,label_aggression_1052400209289940992
1156459766562889728,bullying,0,0.7924,label_bullying_1156459766562889728
1156459766562889728,aggression,0,0.7924,label_aggression_1156459766562889728
1171672626838544384,bullying,0,0.6379,label_bullying_1171672626838544384
1171672626838544384,aggression,0,0.6379,label_aggression_1171672626838544384
990785422521245696,bullying,1,0.6181,label_bullying_990785422521245696
990785422521245696,aggression,1,0.6181,label_aggression_990785422521245696
1123119034326523904,bullying,0,0.7924,label_bullying_1123119034326523904
1123119034326523904,aggression,0,0.7924,label_aggression_1123119034326523904
1060350847097221120,bullying,1,0.8417,label_bullying_1060350847097221120
1060350847097221120,aggression,1,1.0,label_aggression_1060350847097221120
1108234260353077248,bullying,1,0.5929,label_bullying_1108234260353077248
1108234260353077248,aggression,1,0.7949,label_aggression_1108234260353077248
1106472773192384512,bullying,0,1.0,label_bullying_1106472773192384512
1106472773192384512,aggression,0,1.0,label_aggression_1106472773192384512
1085445634200375296,bullying,1,1.0,label_bullying_1085445634200375296
1085445634200375296,aggression,1,1.0,label_aggression_1085445634200375296
987301818738839552,bullying,1,0.6099,label_bullying_987301818738839552
987301818738839552,aggression,1,0.6099,label_aggression_987301818738839552
1111084851513430016,bullying,0,0.7685,label_bullying_1111084851513430016
1111084851513430016,aggression,0,0.7685,label_aggression_1111084851513430016
1136091225905082368,bullying,1,0.7823,label_bullying_1136091225905082368
1136091225905082368,aggression,1,0.7823,label_aggression_1136091225905082368
1163154798393061376,bullying,0,0.5476,label_bullying_1163154798393061376
1163154798393061376,aggression,1,0.6362,label_aggression_1163154798393061376
1099520439597858816,bullying,0,0.7825,label_bullying_1099520439597858816
1099520439597858816,aggression,0,0.6278,label_aggression_1099520439597858816
1061579724511498240,bullying,0,1.0,label_bullying_1061579724511498240
1061579724511498240,aggression,0,1.0,label_aggression_1061579724511498240
1040017863920017408,bullying,1,0.571,label_bullying_1040017863920017408
1040017863920017408,aggression,0,0.6605,label_aggression_1040017863920017408
1145850829799116800,bullying,1,0.6023,label_bullying_1145850829799116800
1145850829799116800,aggression,1,0.7727,label_aggression_1145850829799116800
1174190715665047552,bullying,0,0.5809,label_bullying_1174190715665047552
1174190715665047552,aggression,1,0.5743,label_aggression_1174190715665047552
949149610885136384,bullying,0,0.6605,label_bullying_949149610885136384
949149610885136384,aggression,1,0.746,label_aggression_949149610885136384
1155963415588950016,bullying,0,0.5145,label_bullying_1155963415588950016
1155963415588950016,aggression,1,1.0,label_aggression_1155963415588950016
1172723682289004544,bullying,1,0.609,label_bullying_1172723682289004544
1172723682289004544,aggression,1,0.8247,label_aggression_1172723682289004544
1027371347221045248,bullying,1,0.5939,label_bullying_1027371347221045248
1027371347221045248,aggression,1,0.5939,label_aggression_1027371347221045248
1130982740506849280,bullying,1,0.6231,label_bullying_1130982740506849280
1130982740506849280,aggression,1,0.6231,label_aggression_1130982740506849280
1010794773910863872,bullying,0,0.7954,label_bullying_1010794773910863872
1010794773910863872,aggression,0,0.6114,label_aggression_1010794773910863872
1119946419399172096,bullying,0,0.8506,label_bullying_1119946419399172096
1119946419399172096,aggression,0,0.8506,label_aggression_1119946419399172096
1123037967817043968,bullying,1,0.7854,label_bullying_1123037967817043968
1123037967817043968,aggression,1,0.7854,label_aggression_1123037967817043968
1049829133251125248,bullying,1,0.5911,label_bullying_1049829133251125248
1049829133251125248,aggression,1,0.5911,label_aggression_1049829133251125248
1079979879103168512,bullying,1,0.5833,label_bullying_1079979879103168512
1079979879103168512,aggression,0,0.6162,label_aggression_1079979879103168512
1149544187516035072,bullying,1,0.5913,label_bullying_1149544187516035072
1149544187516035072,aggression,1,0.7989,label_aggression_1149544187516035072
1164406383115116544,bullying,1,0.5558,label_bullying_1164406383115116544
1164406383115116544,aggression,1,0.7702,label_aggression_1164406383115116544
1161011745188642816,bullying,1,0.5613,label_bullying_1161011745188642816
1161011745188642816,aggression,1,0.5613,label_aggression_1161011745188642816
1097110443434311680,bullying,1,1.0,label_bullying_1097110443434311680
1097110443434311680,aggression,1,1.0,label_aggression_1097110443434311680
1127876297960669184,bullying,0,1.0,label_bullying_1127876297960669184
1127876297960669184,aggression,0,1.0,label_aggression_1127876297960669184
1146773813787328512,bullying,0,0.6088,label_bullying_1146773813787328512
1146773813787328512,aggression,1,0.7908,label_aggression_1146773813787328512
1071559888842489856,bullying,1,0.5638,label_bullying_1071559888842489856
1071559888842489856,aggression,1,0.6008,label_aggression_1071559888842489856
1040475260585484288,bullying,0,0.8162,label_bullying_1040475260585484288
1040475260585484288,aggression,1,0.5476,label_aggression_1040475260585484288
1020541928640507905,bullying,0,0.6032,label_bullying_1020541928640507905
1020541928640507905,aggression,1,0.5613,label_aggression_1020541928640507905
1167795973586853888,bullying,0,0.601,label_bullying_1167795973586853888
1167795973586853888,aggression,0,0.601,label_aggression_1167795973586853888
1007133962444914688,bullying,0,0.7701,label_bullying_1007133962444914688
1007133962444914688,aggression,0,0.5747,label_aggression_1007133962444914688
1075400357594677248,bullying,0,0.6349,label_bullying_1075400357594677248
1075400357594677248,aggression,0,0.6349,label_aggression_1075400357594677248
1026948475654725632,bullying,0,0.8428,label_bullying_1026948475654725632
1026948475654725632,aggression,0,0.6541,label_aggression_1026948475654725632
1090203245110247424,bullying,1,0.5897,label_bullying_1090203245110247424
1090203245110247424,aggression,1,0.5897,label_aggression_1090203245110247424
1061048387769679872,bullying,1,0.7924,label_bullying_1061048387769679872
1061048387769679872,aggression,1,0.7924,label_aggression_1061048387769679872
1084002306900779008,bullying,1,0.5969,label_bullying_1084002306900779008
1084002306900779008,aggression,1,0.7552,label_aggression_1084002306900779008
1062542981300740096,bullying,1,1.0,label_bullying_1062542981300740096
1062542981300740096,aggression,1,0.7701,label_aggression_1062542981300740096
1102862880988413952,bullying,1,0.7778,label_bullying_1102862880988413952
1102862880988413952,aggression,1,0.7778,label_aggression_1102862880988413952
1121226538868731904,bullying,0,0.6354,label_bullying_1121226538868731904
1121226538868731904,aggression,0,0.6354,label_aggression_1121226538868731904
1058495731721728000,bullying,0,0.8006,label_bullying_1058495731721728000
1058495731721728000,aggression,0,0.6361,label_aggression_1058495731721728000
1054174904356311040,bullying,1,0.7981,label_bullying_1054174904356311040
1054174904356311040,aggression,1,1.0,label_aggression_1054174904356311040
1137491857195315200,bullying,0,1.0,label_bullying_1137491857195315200
1137491857195315200,aggression,0,1.0,label_aggression_1137491857195315200
1101859498160779264,bullying,1,0.5999,label_bullying_1101859498160779264
1101859498160779264,aggression,1,0.5999,label_aggression_1101859498160779264
1149113030794485760,bullying,0,0.5813,label_bullying_1149113030794485760
1149113030794485760,aggression,0,0.6162,label_aggression_1149113030794485760
1056991806686478336,bullying,0,0.791,label_bullying_1056991806686478336
1056991806686478336,aggression,0,0.791,label_aggression_1056991806686478336
1017970044258377728,bullying,1,0.7989,label_bullying_1017970044258377728
1017970044258377728,aggression,1,0.7989,label_aggression_1017970044258377728
1128846724262416384,bullying,1,0.5897,label_bullying_1128846724262416384
1128846724262416384,aggression,1,0.5897,label_aggression_1128846724262416384
1076155793067458560,bullying,1,1.0,label_bullying_1076155793067458560
1076155793067458560,aggression,1,1.0,label_aggression_1076155793067458560
1164774910267441152,bullying,1,0.7452,label_bullying_1164774910267441152
1164774910267441152,aggression,1,0.7452,label_aggression_1164774910267441152
1008196651174727680,bullying,1,0.5782,label_bullying_1008196651174727680
1008196651174727680,aggression,1,0.5782,label_aggression_1008196651174727680
1083226258218885120,bullying,0,0.8587,label_bullying_1083226258218885120
1083226258218885120,aggression,0,0.8587,label_aggression_1083226258218885120
1052863263529963520,bullying,0,0.8078,label_bullying_1052863263529963520
1052863263529963520,aggression,0,0.8078,label_aggression_1052863263529963520
1088606388550275072,bullying,1,0.7778,label_bullying_1088606388550275072
1088606388550275072,aggression,1,0.7778,label_aggression_1088606388550275072
1148864800336834560,bullying,1,0.5938,label_bullying_1148864800336834560
1148864800336834560,aggression,1,0.8059,label_aggression_1148864800336834560
1173106996371677184,bullying,0,0.5673,label_bullying_1173106996371677184
1173106996371677184,aggression,1,0.5877,label_aggression_1173106996371677184
1076449821596205056,bullying,0,0.6532,label_bullying_1076449821596205056
1076449821596205056,aggression,0,0.6532,label_aggression_1076449821596205056
1145133476874444800,bullying,0,1.0,label_bullying_1145133476874444800
1145133476874444800,aggression,0,1.0,label_aggression_1145133476874444800
1179668668150398976,bullying,0,0.7989,label_bullying_1179668668150398976
1179668668150398976,aggression,0,0.7989,label_aggression_1179668668150398976
997005163342798848,bullying,1,0.5842,label_bullying_997005163342798848
997005163342798848,aggression,1,0.5842,label_aggression_997005163342798848
1013942839530467328,bullying,1,0.6189,label_bullying_1013942839530467328
1013942839530467328,aggression,1,0.7982,label_aggression_1013942839530467328
1170466885566111744,bullying,1,1.0,label_bullying_1170466885566111744
1170466885566111744,aggression,1,1.0,label_aggression_1170466885566111744
1021335174224465920,bullying,1,1.0,label_bullying_1021335174224465920
1021335174224465920,aggression,1,1.0,label_aggression_1021335174224465920
1118342327396659200,bullying,1,0.78,label_bullying_1118342327396659200
1118342327396659200,aggression,1,0.78,label_aggression_1118342327396659200
1006189706306084864,bullying,0,0.5813,label_bullying_1006189706306084864
1006189706306084864,aggression,1,0.5833,label_aggression_1006189706306084864
1087666570542600192,bullying,1,0.7819,label_bullying_1087666570542600192
1087666570542600192,aggression,1,1.0,label_aggression_1087666570542600192
1147087383884611584,bullying,0,0.607,label_bullying_1147087383884611584
1147087383884611584,aggression,0,0.607,label_aggression_1147087383884611584
1161854419499900928,bullying,0,0.7784,label_bullying_1161854419499900928
1161854419499900928,aggression,1,0.5662,label_aggression_1161854419499900928
1117609109555183616,bullying,1,0.5322,label_bullying_1117609109555183616
1117609109555183616,aggression,1,0.5322,label_aggression_1117609109555183616
1176770072732479488,bullying,1,1.0,label_bullying_1176770072732479488
1176770072732479488,aggression,1,1.0,label_aggression_1176770072732479488
1112180626523672576,bullying,0,0.6216,label_bullying_1112180626523672576
1112180626523672576,aggression,0,0.6216,label_aggression_1112180626523672576
1150544685866143744,bullying,1,0.7708,label_bullying_1150544685866143744
1150544685866143744,aggression,1,0.7708,label_aggression_1150544685866143744
1172707363586002944,bullying,0,0.6468,label_bullying_1172707363586002944
1172707363586002944,aggression,0,0.6468,label_aggression_1172707363586002944
1050979346070077440,bullying,0,0.6117,label_bullying_1050979346070077440
1050979346070077440,aggression,0,0.8155,label_aggression_1050979346070077440
1049049912895234048,bullying,1,0.5877,label_bullying_1049049912895234048
1049049912895234048,aggression,1,0.8058,label_aggression_1049049912895234048
1053567200277450752,bullying,0,0.79,label_bullying_1053567200277450752
1053567200277450752,aggression,0,0.79,label_aggression_1053567200277450752
1051235021203316736,bullying,0,1.0,label_bullying_1051235021203316736
1051235021203316736,aggression,0,1.0,label_aggression_1051235021203316736
1113931305856520192,bullying,0,0.785,label_bullying_1113931305856520192
1113931305856520192,aggression,0,0.785,label_aggression_1113931305856520192
1152440031538262016,bullying,0,0.778,label_bullying_1152440031538262016
1152440031538262016,aggression,0,0.778,label_aggression_1152440031538262016
1157191751178588160,bullying,0,0.6485,label_bullying_1157191751178588160
1157191751178588160,aggression,0,0.6485,label_aggression_1157191751178588160
1159386710598402048,bullying,0,0.5856,label_bullying_1159386710598402048
1159386710598402048,aggression,1,0.5691,label_aggression_1159386710598402048
1121212235147096064,bullying,1,0.5822,label_bullying_1121212235147096064
1121212235147096064,aggression,1,0.8032,label_aggression_1121212235147096064
1178457386067935232,bullying,0,0.5911,label_bullying_1178457386067935232
1178457386067935232,aggression,0,0.8058,label_aggression_1178457386067935232
1027437650183081984,bullying,1,0.7818,label_bullying_1027437650183081984
1027437650183081984,aggression,1,0.7818,label_aggression_1027437650183081984
1149037756371320832,bullying,1,0.5843,label_bullying_1149037756371320832
1149037756371320832,aggression,1,0.746,label_aggression_1149037756371320832
1069505734389223424,bullying,0,0.6038,label_bullying_1069505734389223424
1069505734389223424,aggression,0,0.6038,label_aggression_1069505734389223424
1069402134493184000,bullying,1,0.5865,label_bullying_1069402134493184000
1069402134493184000,aggression,1,0.5865,label_aggression_1069402134493184000
1161738248465584128,bullying,1,0.6122,label_bullying_1161738248465584128
1161738248465584128,aggression,1,0.7949,label_aggression_1161738248465584128
1054332992950054912,bullying,0,0.8154,label_bullying_1054332992950054912
1054332992950054912,aggression,1,0.5322,label_aggression_1054332992950054912
1025231522179231744,bullying,1,0.571,label_bullying_1025231522179231744
1025231522179231744,aggression,1,0.571,label_aggression_1025231522179231744
965522693774626816,bullying,0,1.0,label_bullying_965522693774626816
965522693774626816,aggression,0,0.8409,label_aggression_965522693774626816
1061793757764231168,bullying,0,0.8,label_bullying_1061793757764231168
1061793757764231168,aggression,0,0.6111,label_aggression_1061793757764231168
1036776803483684864,bullying,1,0.5913,label_bullying_1036776803483684864
1036776803483684864,aggression,1,0.5913,label_aggression_1036776803483684864
1103020491301625856,bullying,0,0.6117,label_bullying_1103020491301625856
1103020491301625856,aggression,0,0.6117,label_aggression_1103020491301625856
1181463329286619136,bullying,0,0.6096,label_bullying_1181463329286619136
1181463329286619136,aggression,0,0.6096,label_aggression_1181463329286619136
1181848305580351488,bullying,1,0.78,label_bullying_1181848305580351488
1181848305580351488,aggression,1,0.78,label_aggression_1181848305580351488
1105231090496466944,bullying,0,0.5882,label_bullying_1105231090496466944
1105231090496466944,aggression,0,0.5882,label_aggression_1105231090496466944
1173871042415198208,bullying,0,0.7552,label_bullying_1173871042415198208
1173871042415198208,aggression,1,0.7629,label_aggression_1173871042415198208
1064324203748175872,bullying,1,0.5638,label_bullying_1064324203748175872
1064324203748175872,aggression,1,0.7819,label_aggression_1064324203748175872
1138227974857265152,bullying,1,0.5685,label_bullying_1138227974857265152
1138227974857265152,aggression,1,0.7818,label_aggression_1138227974857265152
1155999615620157440,bullying,1,0.5512,label_bullying_1155999615620157440
1155999615620157440,aggression,1,0.5512,label_aggression_1155999615620157440
1139231068516737024,bullying,0,1.0,label_bullying_1139231068516737024
1139231068516737024,aggression,0,1.0,label_aggression_1139231068516737024
1057901075220598784,bullying,0,0.601,label_bullying_1057901075220598784
1057901075220598784,aggression,0,0.601,label_aggression_1057901075220598784
1069797641048776704,bullying,0,1.0,label_bullying_1069797641048776704
1069797641048776704,aggression,0,0.8225,label_aggression_1069797641048776704
1083946694279860224,bullying,0,0.791,label_bullying_1083946694279860224
1083946694279860224,aggression,0,0.6221,label_aggression_1083946694279860224
1159223757680914432,bullying,0,0.8465,label_bullying_1159223757680914432
1159223757680914432,aggression,0,0.6418,label_aggression_1159223757680914432
1010803384435216384,bullying,0,0.8447,label_bullying_1010803384435216384
1010803384435216384,aggression,0,0.8447,label_aggression_1010803384435216384
1160900609034358784,bullying,0,0.6161,label_bullying_1160900609034358784
1160900609034358784,aggression,1,0.6097,label_aggression_1160900609034358784
1080644237860691968,bullying,0,0.5594,label_bullying_1080644237860691968
1080644237860691968,aggression,1,0.7629,label_aggression_1080644237860691968
1098157924557172736,bullying,0,0.6038,label_bullying_1098157924557172736
1098157924557172736,aggression,1,0.7552,label_aggression_1098157924557172736
1158959873166389248,bullying,1,1.0,label_bullying_1158959873166389248
1158959873166389248,aggression,1,1.0,label_aggression_1158959873166389248
975533569261043712,bullying,1,0.7611,label_bullying_975533569261043712
975533569261043712,aggression,1,0.7611,label_aggression_975533569261043712
1162188993182695424,bullying,0,0.7742,label_bullying_1162188993182695424
1162188993182695424,aggression,0,0.7742,label_aggression_1162188993182695424
1167971795727470592,bullying,1,1.0,label_bullying_1167971795727470592
1167971795727470592,aggression,1,1.0,label_aggression_1167971795727470592
1068090269611814912,bullying,1,1.0,label_bullying_1068090269611814912
1068090269611814912,aggression,1,1.0,label_aggression_1068090269611814912
1127053283874267136,bullying,0,0.7924,label_bullying_1127053283874267136
1127053283874267136,aggression,0,0.7924,label_aggression_1127053283874267136
1144852046810681344,bullying,0,0.5576,label_bullying_1144852046810681344
1144852046810681344,aggression,1,0.6585,label_aggression_1144852046810681344
1036391385047134208,bullying,1,0.7778,label_bullying_1036391385047134208
1036391385047134208,aggression,1,0.7778,label_aggression_1036391385047134208
1169688255890186240,bullying,1,0.5725,label_bullying_1169688255890186240
1169688255890186240,aggression,1,0.7901,label_aggression_1169688255890186240
999836029462667264,bullying,0,1.0,label_bullying_999836029462667264
999836029462667264,aggression,0,1.0,label_aggression_999836029462667264
1104202583716896768,bullying,1,0.5877,label_bullying_1104202583716896768
1104202583716896768,aggression,1,0.5877,label_aggression_1104202583716896768
1151438803857186816,bullying,0,0.6243,label_bullying_1151438803857186816
1151438803857186816,aggression,0,0.6278,label_aggression_1151438803857186816
1058237395197440000,bullying,0,1.0,label_bullying_1058237395197440000
1058237395197440000,aggression,0,0.6451,label_aggression_1058237395197440000
1152035731439788032,bullying,1,0.5911,label_bullying_1152035731439788032
1152035731439788032,aggression,1,0.5911,label_aggression_1152035731439788032
987882919152558080,bullying,1,1.0,label_bullying_987882919152558080
987882919152558080,aggression,1,1.0,label_aggression_987882919152558080
1162671506677997568,bullying,1,0.6006,label_bullying_1162671506677997568
1162671506677997568,aggression,1,0.6006,label_aggression_1162671506677997568
1020511330580787200,bullying,0,0.607,label_bullying_1020511330580787200
1020511330580787200,aggression,0,0.607,label_aggression_1020511330580787200
994090244574011392,bullying,0,0.6122,label_bullying_994090244574011392
994090244574011392,aggression,0,0.8173,label_aggression_994090244574011392
1053817084393508864,bullying,0,0.8426,label_bullying_1053817084393508864
1053817084393508864,aggression,0,1.0,label_aggression_1053817084393508864
1017316387020218368,bullying,0,0.5913,label_bullying_1017316387020218368
1017316387020218368,aggression,0,0.5913,label_aggression_1017316387020218368
1073365057221664768,bullying,0,0.7552,label_bullying_1073365057221664768
1073365057221664768,aggression,1,0.7629,label_aggression_1073365057221664768
1081347031362084864,bullying,0,0.5911,label_bullying_1081347031362084864
1081347031362084864,aggression,0,0.5911,label_aggression_1081347031362084864
1175171847919206400,bullying,0,0.5901,label_bullying_1175171847919206400
1175171847919206400,aggression,0,0.5901,label_aggression_1175171847919206400
1086543779877523456,bullying,1,1.0,label_bullying_1086543779877523456
1086543779877523456,aggression,1,1.0,label_aggression_1086543779877523456
1053834433943183360,bullying,1,0.6207,label_bullying_1053834433943183360
1053834433943183360,aggression,1,1.0,label_aggression_1053834433943183360
1089386242933927936,bullying,1,0.5911,label_bullying_1089386242933927936
1089386242933927936,aggression,1,0.5911,label_aggression_1089386242933927936
1056396634285637632,bullying,1,0.7807,label_bullying_1056396634285637632
1056396634285637632,aggression,1,0.7807,label_aggression_1056396634285637632
1126668932112158720,bullying,1,0.7825,label_bullying_1126668932112158720
1126668932112158720,aggression,1,0.779,label_aggression_1126668932112158720
943257274946842624,bullying,0,0.5645,label_bullying_943257274946842624
943257274946842624,aggression,0,0.5645,label_aggression_943257274946842624
1033243846865473536,bullying,0,0.641,label_bullying_1033243846865473536
1033243846865473536,aggression,1,0.5181,label_aggression_1033243846865473536
1108883196646739968,bullying,0,0.8051,label_bullying_1108883196646739968
1108883196646739968,aggression,0,0.8051,label_aggression_1108883196646739968
1092907872842665984,bullying,0,1.0,label_bullying_1092907872842665984
1092907872842665984,aggression,0,1.0,label_aggression_1092907872842665984
1141143060303282176,bullying,0,1.0,label_bullying_1141143060303282176
1141143060303282176,aggression,1,1.0,label_aggression_1141143060303282176
1095896759818952704,bullying,1,0.5955,label_bullying_1095896759818952704
1095896759818952704,aggression,1,0.5955,label_aggression_1095896759818952704
1149178946789986304,bullying,1,0.5858,label_bullying_1149178946789986304
1149178946789986304,aggression,1,0.5858,label_aggression_1149178946789986304
1176245201720033280,bullying,0,1.0,label_bullying_1176245201720033280
1176245201720033280,aggression,0,1.0,label_aggression_1176245201720033280
1174956015058567168,bullying,0,0.5702,label_bullying_1174956015058567168
1174956015058567168,aggression,1,0.6123,label_aggression_1174956015058567168
1161944831988289536,bullying,0,0.5929,label_bullying_1161944831988289536
1161944831988289536,aggression,0,0.5897,label_aggression_1161944831988289536
1134574208522035200,bullying,1,0.5961,label_bullying_1134574208522035200
1134574208522035200,aggression,1,0.7552,label_aggression_1134574208522035200
1135661876378783744,bullying,1,0.5638,label_bullying_1135661876378783744
1135661876378783744,aggression,1,0.5673,label_aggression_1135661876378783744
1109985167533064192,bullying,0,0.5673,label_bullying_1109985167533064192
1109985167533064192,aggression,0,0.7819,label_aggression_1109985167533064192
1177099043068051456,bullying,0,1.0,label_bullying_1177099043068051456
1177099043068051456,aggression,0,0.813,label_aggression_1177099043068051456
1071569348935725056,bullying,1,0.5691,label_bullying_1071569348935725056
1071569348935725056,aggression,1,0.5725,label_aggression_1071569348935725056
1151375296252272640,bullying,0,0.7853,label_bullying_1151375296252272640
1151375296252272640,aggression,0,0.5673,label_aggression_1151375296252272640
1178447414039130112,bullying,0,0.6161,label_bullying_1178447414039130112
1178447414039130112,aggression,1,0.6097,label_aggression_1178447414039130112
1031714823689437184,bullying,0,0.5906,label_bullying_1031714823689437184
1031714823689437184,aggression,1,0.5999,label_aggression_1031714823689437184
1066305683928035328,bullying,1,0.6674,label_bullying_1066305683928035328
1066305683928035328,aggression,1,0.6674,label_aggression_1066305683928035328
1116566662003810304,bullying,1,1.0,label_bullying_1116566662003810304
1116566662003810304,aggression,1,1.0,label_aggression_1116566662003810304
1097549752872361984,bullying,0,0.6269,label_bullying_1097549752872361984
1097549752872361984,aggression,1,0.7762,label_aggression_1097549752872361984
1150732310153666560,bullying,1,0.5938,label_bullying_1150732310153666560
1150732310153666560,aggression,1,1.0,label_aggression_1150732310153666560
1159001002570125312,bullying,0,0.5754,label_bullying_1159001002570125312
1159001002570125312,aggression,0,0.5754,label_aggression_1159001002570125312
1059992032464228352,bullying,0,1.0,label_bullying_1059992032464228352
1059992032464228352,aggression,0,1.0,label_aggression_1059992032464228352
1108531547583512576,bullying,1,1.0,label_bullying_1108531547583512576
1108531547583512576,aggression,1,1.0,label_aggression_1108531547583512576
1108563930927824896,bullying,1,0.84,label_bullying_1108563930927824896
1108563930927824896,aggression,1,1.0,label_aggression_1108563930927824896
1147038872589438976,bullying,1,0.5865,label_bullying_1147038872589438976
1147038872589438976,aggression,1,0.5865,label_aggression_1147038872589438976
1048311727059861504,bullying,0,1.0,label_bullying_1048311727059861504
1048311727059861504,aggression,0,1.0,label_aggression_1048311727059861504
1104632605485494272,bullying,0,1.0,label_bullying_1104632605485494272
1104632605485494272,aggression,0,0.8409,label_aggression_1104632605485494272
1113743456934793216,bullying,0,1.0,label_bullying_1113743456934793216
1113743456934793216,aggression,0,1.0,label_aggression_1113743456934793216
1163434661226446848,bullying,0,0.5717,label_bullying_1163434661226446848
1163434661226446848,aggression,0,0.7924,label_aggression_1163434661226446848
1162995993596370944,bullying,0,0.5897,label_bullying_1162995993596370944
1162995993596370944,aggression,1,0.7529,label_aggression_1162995993596370944
1173344250096697344,bullying,1,0.7522,label_bullying_1173344250096697344
1173344250096697344,aggression,1,0.7522,label_aggression_1173344250096697344
1080677149976965120,bullying,1,0.7605,label_bullying_1080677149976965120
1080677149976965120,aggression,1,0.7605,label_aggression_1080677149976965120
1091781715627802624,bullying,1,0.5913,label_bullying_1091781715627802624
1091781715627802624,aggression,1,0.5913,label_aggression_1091781715627802624
1144094099423514624,bullying,1,0.7989,label_bullying_1144094099423514624
1144094099423514624,aggression,1,0.7989,label_aggression_1144094099423514624
1111796155240882176,bullying,0,0.5974,label_bullying_1111796155240882176
1111796155240882176,aggression,0,0.5974,label_aggression_1111796155240882176
1110277591434170368,bullying,1,1.0,label_bullying_1110277591434170368
1110277591434170368,aggression,1,1.0,label_aggression_1110277591434170368
1090353709025779712,bullying,0,0.8194,label_bullying_1090353709025779712
1090353709025779712,aggression,1,0.6161,label_aggression_1090353709025779712
1058889058803146752,bullying,1,1.0,label_bullying_1058889058803146752
1058889058803146752,aggression,1,1.0,label_aggression_1058889058803146752
999039695801720832,bullying,1,0.571,label_bullying_999039695801720832
999039695801720832,aggression,1,0.571,label_aggression_999039695801720832
934329487129214976,bullying,1,0.5974,label_bullying_934329487129214976
934329487129214976,aggression,1,0.5974,label_aggression_934329487129214976
1106772584131141632,bullying,1,1.0,label_bullying_1106772584131141632
1106772584131141632,aggression,1,1.0,label_aggression_1106772584131141632
1026296025050148864,bullying,0,0.6458,label_bullying_1026296025050148864
1026296025050148864,aggression,1,0.5145,label_aggression_1026296025050148864
1086708000095629312,bullying,0,0.6137,label_bullying_1086708000095629312
1086708000095629312,aggression,1,0.5515,label_aggression_1086708000095629312
1071192384462815232,bullying,0,0.8451,label_bullying_1071192384462815232
1071192384462815232,aggression,0,0.627,label_aggression_1071192384462815232
944713893912158208,bullying,0,1.0,label_bullying_944713893912158208
944713893912158208,aggression,0,1.0,label_aggression_944713893912158208
1181186912598253568,bullying,0,0.7908,label_bullying_1181186912598253568
1181186912598253568,aggression,0,0.5782,label_aggression_1181186912598253568
1140906491818233856,bullying,1,0.777,label_bullying_1140906491818233856
1140906491818233856,aggression,1,0.777,label_aggression_1140906491818233856
1153877774747004928,bullying,1,0.5322,label_bullying_1153877774747004928
1153877774747004928,aggression,1,0.5322,label_aggression_1153877774747004928
1131106768244871168,bullying,1,0.8247,label_bullying_1131106768244871168
1131106768244871168,aggression,1,0.8247,label_aggression_1131106768244871168
1063569089739534336,bullying,0,0.6674,label_bullying_1063569089739534336
1063569089739534336,aggression,1,0.5524,label_aggression_1063569089739534336
1118818378325385216,bullying,1,0.5929,label_bullying_1118818378325385216
1118818378325385216,aggression,1,0.5929,label_aggression_1118818378325385216
1147079459804004352,bullying,1,1.0,label_bullying_1147079459804004352
1147079459804004352,aggression,1,1.0,label_aggression_1147079459804004352
1083200941169266688,bullying,0,0.6145,label_bullying_1083200941169266688
1083200941169266688,aggression,1,0.5438,label_aggression_1083200941169266688
1048237592963330048,bullying,1,0.7924,label_bullying_1048237592963330048
1048237592963330048,aggression,1,0.7924,label_aggression_1048237592963330048
1070034127660666880,bullying,0,0.7924,label_bullying_1070034127660666880
1070034127660666880,aggression,0,0.7924,label_aggression_1070034127660666880
1175534682763677696,bullying,0,0.7924,label_bullying_1175534682763677696
1175534682763677696,aggression,0,0.7924,label_aggression_1175534682763677696
1150286134589440000,bullying,0,0.7908,label_bullying_1150286134589440000
1150286134589440000,aggression,0,0.5782,label_aggression_1150286134589440000
1177141283874082816,bullying,0,1.0,label_bullying_1177141283874082816
1177141283874082816,aggression,0,0.7961,label_aggression_1177141283874082816
1173882968301883392,bullying,1,0.5603,label_bullying_1173882968301883392
1173882968301883392,aggression,1,0.5603,label_aggression_1173882968301883392
1106623252002156544,bullying,0,0.8389,label_bullying_1106623252002156544
1106623252002156544,aggression,1,0.5761,label_aggression_1106623252002156544
1100569866882150400,bullying,0,0.5645,label_bullying_1100569866882150400
1100569866882150400,aggression,0,0.5645,label_aggression_1100569866882150400
1115833711724789760,bullying,0,1.0,label_bullying_1115833711724789760
1115833711724789760,aggression,0,1.0,label_aggression_1115833711724789760
1165888095896649728,bullying,0,0.7929,label_bullying_1165888095896649728
1165888095896649728,aggression,0,0.589,label_aggression_1165888095896649728
1111742426588270592,bullying,1,0.5974,label_bullying_1111742426588270592
1111742426588270592,aggression,1,0.5974,label_aggression_1111742426588270592
1104496862079217664,bullying,1,0.8005,label_bullying_1104496862079217664
1104496862079217664,aggression,1,0.8005,label_aggression_1104496862079217664
1150571393902436352,bullying,0,1.0,label_bullying_1150571393902436352
1150571393902436352,aggression,0,0.8445,label_aggression_1150571393902436352
1140761601281069056,bullying,0,0.8445,label_bullying_1140761601281069056
1140761601281069056,aggression,0,0.6403,label_aggression_1140761601281069056
1154631183800373248,bullying,0,1.0,label_bullying_1154631183800373248
1154631183800373248,aggression,0,1.0,label_aggression_1154631183800373248
1106382301555765248,bullying,1,0.5913,label_bullying_1106382301555765248
1106382301555765248,aggression,1,0.5913,label_aggression_1106382301555765248
1110456407771295744,bullying,0,1.0,label_bullying_1110456407771295744
1110456407771295744,aggression,0,0.6668,label_aggression_1110456407771295744
1168612975406645248,bullying,0,0.5341,label_bullying_1168612975406645248
1168612975406645248,aggression,0,0.5341,label_aggression_1168612975406645248
1044444091183788032,bullying,0,0.5982,label_bullying_1044444091183788032
1044444091183788032,aggression,0,0.6237,label_aggression_1044444091183788032
1095736849378570240,bullying,1,0.6162,label_bullying_1095736849378570240
1095736849378570240,aggression,1,0.7807,label_aggression_1095736849378570240
1147214053744226304,bullying,0,0.8316,label_bullying_1147214053744226304
1147214053744226304,aggression,0,0.6407,label_aggression_1147214053744226304
1173871317838430208,bullying,0,0.8005,label_bullying_1173871317838430208
1173871317838430208,aggression,0,0.8005,label_aggression_1173871317838430208
1075209954887151616,bullying,0,0.607,label_bullying_1075209954887151616
1075209954887151616,aggression,1,0.5974,label_aggression_1075209954887151616
1094413297685540864,bullying,1,0.5897,label_bullying_1094413297685540864
1094413297685540864,aggression,1,0.5897,label_aggression_1094413297685540864
1153121937149644800,bullying,0,0.7644,label_bullying_1153121937149644800
1153121937149644800,aggression,0,0.5446,label_aggression_1153121937149644800
1172703605590056960,bullying,0,0.7949,label_bullying_1172703605590056960
1172703605590056960,aggression,0,0.7949,label_aggression_1172703605590056960
1014047599634104320,bullying,1,0.5827,label_bullying_1014047599634104320
1014047599634104320,aggression,1,0.5827,label_aggression_1014047599634104320
1116860854491869184,bullying,0,1.0,label_bullying_1116860854491869184
1116860854491869184,aggression,0,1.0,label_aggression_1116860854491869184
985793023009226752,bullying,0,0.601,label_bullying_985793023009226752
985793023009226752,aggression,0,0.601,label_aggression_985793023009226752
1082666054314094592,bullying,1,0.5913,label_bullying_1082666054314094592
1082666054314094592,aggression,1,0.5913,label_aggression_1082666054314094592
1122916449963679744,bullying,1,0.5913,label_bullying_1122916449963679744
1122916449963679744,aggression,1,0.5913,label_aggression_1122916449963679744
1071611451216748544,bullying,1,0.8019,label_bullying_1071611451216748544
1071611451216748544,aggression,1,0.8019,label_aggression_1071611451216748544
1088244090421846016,bullying,0,0.6244,label_bullying_1088244090421846016
1088244090421846016,aggression,1,0.5739,label_aggression_1088244090421846016
1058275301689892864,bullying,1,0.5657,label_bullying_1058275301689892864
1058275301689892864,aggression,1,0.5657,label_aggression_1058275301689892864
1173698181440397312,bullying,1,0.6508,label_bullying_1173698181440397312
1173698181440397312,aggression,1,0.6508,label_aggression_1173698181440397312
1151417953988849664,bullying,1,0.7452,label_bullying_1151417953988849664
1151417953988849664,aggression,1,0.7452,label_aggression_1151417953988849664
1058975819718160384,bullying,0,1.0,label_bullying_1058975819718160384
1058975819718160384,aggression,0,0.8295,label_aggression_1058975819718160384
1089592394258735104,bullying,0,0.607,label_bullying_1089592394258735104
1089592394258735104,aggression,0,0.607,label_aggression_1089592394258735104
1168389164421763072,bullying,0,0.5974,label_bullying_1168389164421763072
1168389164421763072,aggression,0,0.5974,label_aggression_1168389164421763072
1130232332545142784,bullying,0,0.6177,label_bullying_1130232332545142784
1130232332545142784,aggression,1,0.5913,label_aggression_1130232332545142784
1093363423410003968,bullying,0,0.5929,label_bullying_1093363423410003968
1093363423410003968,aggression,0,0.7981,label_aggression_1093363423410003968
1062801916175974400,bullying,1,1.0,label_bullying_1062801916175974400
1062801916175974400,aggression,1,1.0,label_aggression_1062801916175974400
1147338356309544960,bullying,0,1.0,label_bullying_1147338356309544960
1147338356309544960,aggression,0,0.8355,label_aggression_1147338356309544960
1084987505293619200,bullying,0,0.7955,label_bullying_1084987505293619200
1084987505293619200,aggression,0,0.7955,label_aggression_1084987505293619200
1047619465950736384,bullying,0,0.6286,label_bullying_1047619465950736384
1047619465950736384,aggression,0,0.6286,label_aggression_1047619465950736384
1177781116413820928,bullying,0,0.8139,label_bullying_1177781116413820928
1177781116413820928,aggression,0,0.8139,label_aggression_1177781116413820928
1132177012702806016,bullying,0,0.7949,label_bullying_1132177012702806016
1132177012702806016,aggression,0,0.7949,label_aggression_1132177012702806016
1099890043511795712,bullying,0,0.6085,label_bullying_1099890043511795712
1099890043511795712,aggression,1,0.7644,label_aggression_1099890043511795712
1105583807069085696,bullying,0,0.7538,label_bullying_1105583807069085696
1105583807069085696,aggression,0,0.7538,label_aggression_1105583807069085696
1124059566955757568,bullying,1,0.6168,label_bullying_1124059566955757568
1124059566955757568,aggression,1,0.7964,label_aggression_1124059566955757568
1173054632894054400,bullying,1,0.6023,label_bullying_1173054632894054400
1173054632894054400,aggression,1,0.7727,label_aggression_1173054632894054400
1149108835580022784,bullying,0,0.6591,label_bullying_1149108835580022784
1149108835580022784,aggression,0,0.6591,label_aggression_1149108835580022784
1009254563917803520,bullying,0,0.7979,label_bullying_1009254563917803520
1009254563917803520,aggression,0,0.7979,label_aggression_1009254563917803520
1110995018279436288,bullying,0,0.7993,label_bullying_1110995018279436288
1110995018279436288,aggression,0,0.7993,label_aggression_1110995018279436288
1139484244960555008,bullying,0,1.0,label_bullying_1139484244960555008
1139484244960555008,aggression,0,0.813,label_aggression_1139484244960555008
1014455979091656704,bullying,0,0.8462,label_bullying_1014455979091656704
1014455979091656704,aggression,0,0.8462,label_aggression_1014455979091656704
1041575393192218624,bullying,0,0.7755,label_bullying_1041575393192218624
1041575393192218624,aggression,0,0.7755,label_aggression_1041575393192218624
1062857673374101504,bullying,1,0.5897,label_bullying_1062857673374101504
1062857673374101504,aggression,1,0.5897,label_aggression_1062857673374101504
1106404139707133952,bullying,0,0.8078,label_bullying_1106404139707133952
1106404139707133952,aggression,0,0.8078,label_aggression_1106404139707133952
982975898804736000,bullying,0,0.6224,label_bullying_982975898804736000
982975898804736000,aggression,0,0.6224,label_aggression_982975898804736000
1037547364719775744,bullying,0,0.6209,label_bullying_1037547364719775744
1037547364719775744,aggression,1,0.7774,label_aggression_1037547364719775744
1053874949846663168,bullying,0,1.0,label_bullying_1053874949846663168
1053874949846663168,aggression,0,1.0,label_aggression_1053874949846663168
1097680912839221248,bullying,1,0.7778,label_bullying_1097680912839221248
1097680912839221248,aggression,1,0.7778,label_aggression_1097680912839221248
1053509458280050688,bullying,0,0.5583,label_bullying_1053509458280050688
1053509458280050688,aggression,1,0.5886,label_aggression_1053509458280050688
1118654490065932288,bullying,1,0.779,label_bullying_1118654490065932288
1118654490065932288,aggression,1,1.0,label_aggression_1118654490065932288
1166131397384433664,bullying,0,0.7949,label_bullying_1166131397384433664
1166131397384433664,aggression,1,0.6122,label_aggression_1166131397384433664
1059574871014674432,bullying,1,1.0,label_bullying_1059574871014674432
1059574871014674432,aggression,1,0.7825,label_aggression_1059574871014674432
1170465736184012800,bullying,0,1.0,label_bullying_1170465736184012800
1170465736184012800,aggression,0,0.8409,label_aggression_1170465736184012800
1020817084546215936,bullying,0,0.6008,label_bullying_1020817084546215936
1020817084546215936,aggression,0,0.6008,label_aggression_1020817084546215936
1157935387629731840,bullying,0,0.7965,label_bullying_1157935387629731840
1157935387629731840,aggression,0,0.6379,label_aggression_1157935387629731840
1169427455535419392,bullying,1,0.8183,label_bullying_1169427455535419392
1169427455535419392,aggression,1,0.8183,label_aggression_1169427455535419392
1106782634031673344,bullying,0,0.5638,label_bullying_1106782634031673344
1106782634031673344,aggression,0,0.5673,label_aggression_1106782634031673344
1030470596695359488,bullying,1,0.6275,label_bullying_1030470596695359488
1030470596695359488,aggression,1,0.8028,label_aggression_1030470596695359488
1054210825700741120,bullying,0,0.6508,label_bullying_1054210825700741120
1054210825700741120,aggression,1,0.7819,label_aggression_1054210825700741120
1156414078580133888,bullying,1,0.5181,label_bullying_1156414078580133888
1156414078580133888,aggression,1,0.5181,label_aggression_1156414078580133888
1056707580472258560,bullying,1,0.5785,label_bullying_1056707580472258560
1056707580472258560,aggression,1,0.782,label_aggression_1056707580472258560
1027003324282654720,bullying,0,0.7853,label_bullying_1027003324282654720
1027003324282654720,aggression,0,1.0,label_aggression_1027003324282654720
934257439124123648,bullying,1,0.5817,label_bullying_934257439124123648
934257439124123648,aggression,1,0.5817,label_aggression_934257439124123648
1178132993827835904,bullying,0,1.0,label_bullying_1178132993827835904
1178132993827835904,aggression,0,1.0,label_aggression_1178132993827835904
1051123149653118976,bullying,0,1.0,label_bullying_1051123149653118976
1051123149653118976,aggression,0,0.8506,label_aggression_1051123149653118976
1174223732999438336,bullying,0,0.8295,label_bullying_1174223732999438336
1174223732999438336,aggression,0,0.6591,label_aggression_1174223732999438336
1052149019687985152,bullying,1,0.5601,label_bullying_1052149019687985152
1052149019687985152,aggression,1,0.5601,label_aggression_1052149019687985152
1054929697353457664,bullying,0,0.6629,label_bullying_1054929697353457664
1054929697353457664,aggression,0,0.6629,label_aggression_1054929697353457664
1045487837144907776,bullying,0,0.8194,label_bullying_1045487837144907776
1045487837144907776,aggression,0,0.8194,label_aggression_1045487837144907776
1044413228903788544,bullying,1,0.6218,label_bullying_1044413228903788544
1044413228903788544,aggression,1,0.6218,label_aggression_1044413228903788544
1154395340687204352,bullying,0,1.0,label_bullying_1154395340687204352
1154395340687204352,aggression,0,1.0,label_aggression_1154395340687204352
1008397706999549952,bullying,0,0.6403,label_bullying_1008397706999549952
1008397706999549952,aggression,0,0.6403,label_aggression_1008397706999549952
1057758328068952064,bullying,0,1.0,label_bullying_1057758328068952064
1057758328068952064,aggression,0,1.0,label_aggression_1057758328068952064
1021311568061095936,bullying,1,0.7672,label_bullying_1021311568061095936
1021311568061095936,aggression,1,0.7672,label_aggression_1021311568061095936
1107179072607424512,bullying,0,1.0,label_bullying_1107179072607424512
1107179072607424512,aggression,0,1.0,label_aggression_1107179072607424512
998151007915950080,bullying,1,1.0,label_bullying_998151007915950080
998151007915950080,aggression,1,1.0,label_aggression_998151007915950080
951264650761265152,bullying,1,0.576,label_bullying_951264650761265152
951264650761265152,aggression,1,0.7807,label_aggression_951264650761265152
1124903865352151040,bullying,0,0.659,label_bullying_1124903865352151040
1124903865352151040,aggression,0,0.659,label_aggression_1124903865352151040
1161834111133155329,bullying,0,0.8451,label_bullying_1161834111133155329
1161834111133155329,aggression,0,0.627,label_aggression_1161834111133155329
1107604460659785728,bullying,1,0.5974,label_bullying_1107604460659785728
1107604460659785728,aggression,1,0.5974,label_aggression_1107604460659785728
1165764066229542912,bullying,1,0.7949,label_bullying_1165764066229542912
1165764066229542912,aggression,0,0.6122,label_aggression_1165764066229542912
1088167410106023936,bullying,0,0.7397,label_bullying_1088167410106023936
1088167410106023936,aggression,0,0.7397,label_aggression_1088167410106023936
1028080834764255232,bullying,0,0.6099,label_bullying_1028080834764255232
1028080834764255232,aggression,0,0.6099,label_aggression_1028080834764255232
1169509008340873216,bullying,0,1.0,label_bullying_1169509008340873216
1169509008340873216,aggression,0,1.0,label_aggression_1169509008340873216
1125144559953797120,bullying,1,0.5858,label_bullying_1125144559953797120
1125144559953797120,aggression,1,0.5858,label_aggression_1125144559953797120
1100966706026872832,bullying,0,0.5911,label_bullying_1100966706026872832
1100966706026872832,aggression,0,0.5911,label_aggression_1100966706026872832
1111633371961946112,bullying,0,0.571,label_bullying_1111633371961946112
1111633371961946112,aggression,1,0.6387,label_aggression_1111633371961946112
1144357237079343104,bullying,0,0.8019,label_bullying_1144357237079343104
1144357237079343104,aggression,0,0.8019,label_aggression_1144357237079343104
1140939557404024832,bullying,1,1.0,label_bullying_1140939557404024832
1140939557404024832,aggression,1,1.0,label_aggression_1140939557404024832
1065464392118067200,bullying,0,1.0,label_bullying_1065464392118067200
1065464392118067200,aggression,0,0.6451,label_aggression_1065464392118067200
1173117061120327680,bullying,0,1.0,label_bullying_1173117061120327680
1173117061120327680,aggression,0,0.7819,label_aggression_1173117061120327680
1117635700914032640,bullying,0,0.7843,label_bullying_1117635700914032640
1117635700914032640,aggression,0,0.7843,label_aggression_1117635700914032640
990100922606993408,bullying,0,0.6122,label_bullying_990100922606993408
990100922606993408,aggression,0,0.6122,label_aggression_990100922606993408
1056441342043242496,bullying,0,1.0,label_bullying_1056441342043242496
1056441342043242496,aggression,0,1.0,label_aggression_1056441342043242496
1131786600502677504,bullying,0,0.7981,label_bullying_1131786600502677504
1131786600502677504,aggression,0,0.6111,label_aggression_1131786600502677504
1163260773993480192,bullying,1,0.78,label_bullying_1163260773993480192
1163260773993480192,aggression,1,0.78,label_aggression_1163260773993480192
1169358143893966848,bullying,1,0.6301,label_bullying_1169358143893966848
1169358143893966848,aggression,1,0.6301,label_aggression_1169358143893966848
1119062733426712576,bullying,1,0.5969,label_bullying_1119062733426712576
1119062733426712576,aggression,1,1.0,label_aggression_1119062733426712576
1134750388717752320,bullying,0,0.6304,label_bullying_1134750388717752320
1134750388717752320,aggression,1,0.5877,label_aggression_1134750388717752320
1104586493953241088,bullying,1,0.6424,label_bullying_1104586493953241088
1104586493953241088,aggression,1,0.6424,label_aggression_1104586493953241088
1088397668046319616,bullying,1,0.5595,label_bullying_1088397668046319616
1088397668046319616,aggression,1,1.0,label_aggression_1088397668046319616
1178583926424612864,bullying,1,0.5858,label_bullying_1178583926424612864
1178583926424612864,aggression,1,0.5858,label_aggression_1178583926424612864
1149078962279211008,bullying,0,0.7949,label_bullying_1149078962279211008
1149078962279211008,aggression,0,0.5929,label_aggression_1149078962279211008
1004191380798881792,bullying,1,0.6231,label_bullying_1004191380798881792
1004191380798881792,aggression,0,0.5952,label_aggression_1004191380798881792
1055376321662377984,bullying,1,1.0,label_bullying_1055376321662377984
1055376321662377984,aggression,1,1.0,label_aggression_1055376321662377984
1123525409330565120,bullying,0,0.7914,label_bullying_1123525409330565120
1123525409330565120,aggression,0,0.7914,label_aggression_1123525409330565120
1161096355180343296,bullying,0,1.0,label_bullying_1161096355180343296
1161096355180343296,aggression,0,0.7875,label_aggression_1161096355180343296
1159559695544299520,bullying,1,0.5929,label_bullying_1159559695544299520
1159559695544299520,aggression,0,0.6122,label_aggression_1159559695544299520
1149143832555147264,bullying,1,1.0,label_bullying_1149143832555147264
1149143832555147264,aggression,1,1.0,label_aggression_1149143832555147264
1097639562659913728,bullying,0,0.773,label_bullying_1097639562659913728
1097639562659913728,aggression,0,0.564,label_aggression_1097639562659913728
1172495009132781568,bullying,1,0.6304,label_bullying_1172495009132781568
1172495009132781568,aggression,1,0.6304,label_aggression_1172495009132781568
1169494844386037760,bullying,1,0.563,label_bullying_1169494844386037760
1169494844386037760,aggression,1,0.563,label_aggression_1169494844386037760
1164065840933773312,bullying,1,0.6158,label_bullying_1164065840933773312
1164065840933773312,aggression,1,0.5754,label_aggression_1164065840933773312
1137537063202222080,bullying,1,0.7989,label_bullying_1137537063202222080
1137537063202222080,aggression,1,0.7989,label_aggression_1137537063202222080
1181756604215922688,bullying,0,0.6402,label_bullying_1181756604215922688
1181756604215922688,aggression,1,0.5281,label_aggression_1181756604215922688
1109879618258792448,bullying,1,0.5889,label_bullying_1109879618258792448
1109879618258792448,aggression,1,0.7778,label_aggression_1109879618258792448
1105729411736543232,bullying,1,0.6065,label_bullying_1105729411736543232
1105729411736543232,aggression,1,0.6065,label_aggression_1105729411736543232
1173764731941654528,bullying,0,0.7965,label_bullying_1173764731941654528
1173764731941654528,aggression,0,0.7965,label_aggression_1173764731941654528
1123093323410776064,bullying,0,0.7685,label_bullying_1123093323410776064
1123093323410776064,aggression,0,0.6142,label_aggression_1123093323410776064
1162580603787464704,bullying,0,0.7981,label_bullying_1162580603787464704
1162580603787464704,aggression,0,0.5929,label_aggression_1162580603787464704
1152048842963853312,bullying,0,0.6161,label_bullying_1152048842963853312
1152048842963853312,aggression,0,0.6161,label_aggression_1152048842963853312
1027733396387975168,bullying,1,0.5322,label_bullying_1027733396387975168
1027733396387975168,aggression,1,0.5322,label_aggression_1027733396387975168
1050549294417457152,bullying,1,0.553,label_bullying_1050549294417457152
1050549294417457152,aggression,1,0.553,label_aggression_1050549294417457152
1047231749924728832,bullying,0,0.7924,label_bullying_1047231749924728832
1047231749924728832,aggression,0,0.7924,label_aggression_1047231749924728832
1017348591884328960,bullying,0,0.8587,label_bullying_1017348591884328960
1017348591884328960,aggression,0,1.0,label_aggression_1017348591884328960
1176409811588722689,bullying,0,1.0,label_bullying_1176409811588722689
1176409811588722689,aggression,0,1.0,label_aggression_1176409811588722689
1165783210110701568,bullying,0,1.0,label_bullying_1165783210110701568
1165783210110701568,aggression,0,0.7755,label_aggression_1165783210110701568
1123816384208752640,bullying,0,1.0,label_bullying_1123816384208752640
1123816384208752640,aggression,0,0.6668,label_aggression_1123816384208752640
1168320669927215104,bullying,1,0.5897,label_bullying_1168320669927215104
1168320669927215104,aggression,0,0.6122,label_aggression_1168320669927215104
1173883918076841984,bullying,0,0.8124,label_bullying_1173883918076841984
1173883918076841984,aggression,1,0.5322,label_aggression_1173883918076841984
1136438550527709184,bullying,0,0.7784,label_bullying_1136438550527709184
1136438550527709184,aggression,0,0.5938,label_aggression_1136438550527709184
1169158296855359488,bullying,0,0.7961,label_bullying_1169158296855359488
1169158296855359488,aggression,0,0.7961,label_aggression_1169158296855359488
1101188683316801536,bullying,0,0.7965,label_bullying_1101188683316801536
1101188683316801536,aggression,0,0.5865,label_aggression_1101188683316801536
1093012547432751104,bullying,0,0.607,label_bullying_1093012547432751104
1093012547432751104,aggression,0,0.607,label_aggression_1093012547432751104
1147331269718618112,bullying,1,0.5913,label_bullying_1147331269718618112
1147331269718618112,aggression,1,0.7989,label_aggression_1147331269718618112
1152805998260617216,bullying,1,0.5615,label_bullying_1152805998260617216
1152805998260617216,aggression,1,0.5615,label_aggression_1152805998260617216
989014494384701440,bullying,1,0.5455,label_bullying_989014494384701440
989014494384701440,aggression,1,0.5455,label_aggression_989014494384701440
1051368830045483008,bullying,0,0.5929,label_bullying_1051368830045483008
1051368830045483008,aggression,0,0.5929,label_aggression_1051368830045483008
1112967397087817728,bullying,0,0.6154,label_bullying_1112967397087817728
1112967397087817728,aggression,1,0.5897,label_aggression_1112967397087817728
1078300657657741312,bullying,0,0.802,label_bullying_1078300657657741312
1078300657657741312,aggression,0,0.6151,label_aggression_1078300657657741312
1098494225022345216,bullying,0,0.6066,label_bullying_1098494225022345216
1098494225022345216,aggression,0,0.6066,label_aggression_1098494225022345216
1172059693724884992,bullying,1,0.5341,label_bullying_1172059693724884992
1172059693724884992,aggression,1,0.5341,label_aggression_1172059693724884992
1107650590911172608,bullying,1,1.0,label_bullying_1107650590911172608
1107650590911172608,aggression,1,1.0,label_aggression_1107650590911172608
1155434003936194560,bullying,0,0.8042,label_bullying_1155434003936194560
1155434003936194560,aggression,0,0.641,label_aggression_1155434003936194560
1145994207522361344,bullying,0,0.8447,label_bullying_1145994207522361344
1145994207522361344,aggression,0,0.8447,label_aggression_1145994207522361344
1058279271862329344,bullying,0,0.5662,label_bullying_1058279271862329344
1058279271862329344,aggression,1,0.7784,label_aggression_1058279271862329344
1110341511658287104,bullying,1,0.7924,label_bullying_1110341511658287104
1110341511658287104,aggression,1,0.7924,label_aggression_1110341511658287104
1096623496114692096,bullying,0,0.6508,label_bullying_1096623496114692096
1096623496114692096,aggression,0,0.6508,label_aggression_1096623496114692096
1164288224353816576,bullying,0,1.0,label_bullying_1164288224353816576
1164288224353816576,aggression,0,1.0,label_aggression_1164288224353816576
1100156714189541376,bullying,0,0.5974,label_bullying_1100156714189541376
1100156714189541376,aggression,0,0.5974,label_aggression_1100156714189541376
1166274181290512384,bullying,1,0.7949,label_bullying_1166274181290512384
1166274181290512384,aggression,1,0.7949,label_aggression_1166274181290512384
1116746377507311616,bullying,0,0.7849,label_bullying_1116746377507311616
1116746377507311616,aggression,0,0.5987,label_aggression_1116746377507311616
1146973250014863360,bullying,0,0.5782,label_bullying_1146973250014863360
1146973250014863360,aggression,0,0.5782,label_aggression_1146973250014863360
1090702573801021440,bullying,1,0.5645,label_bullying_1090702573801021440
1090702573801021440,aggression,1,0.5645,label_aggression_1090702573801021440
1050956336680345600,bullying,0,0.8465,label_bullying_1050956336680345600
1050956336680345600,aggression,0,0.6418,label_aggression_1050956336680345600
1126666343656443904,bullying,0,1.0,label_bullying_1126666343656443904
1126666343656443904,aggression,0,0.7909,label_aggression_1126666343656443904
1105234550293950464,bullying,0,1.0,label_bullying_1105234550293950464
1105234550293950464,aggression,1,0.5932,label_aggression_1105234550293950464
1047214355399462912,bullying,0,0.7702,label_bullying_1047214355399462912
1047214355399462912,aggression,0,0.7702,label_aggression_1047214355399462912
1157568108295270400,bullying,0,0.8021,label_bullying_1157568108295270400
1157568108295270400,aggression,0,0.8021,label_aggression_1157568108295270400
1015742929878622208,bullying,0,0.5964,label_bullying_1015742929878622208
1015742929878622208,aggression,0,0.5964,label_aggression_1015742929878622208
1089277769843875840,bullying,0,0.8067,label_bullying_1089277769843875840
1089277769843875840,aggression,0,0.8067,label_aggression_1089277769843875840
1180688980115861504,bullying,1,0.8447,label_bullying_1180688980115861504
1180688980115861504,aggression,1,0.8447,label_aggression_1180688980115861504
1165174042676912128,bullying,0,0.5443,label_bullying_1165174042676912128
1165174042676912128,aggression,0,0.5443,label_aggression_1165174042676912128
1035095956305125376,bullying,1,0.6331,label_bullying_1035095956305125376
1035095956305125376,aggression,1,1.0,label_aggression_1035095956305125376
1107151450280443904,bullying,0,0.6333,label_bullying_1107151450280443904
1107151450280443904,aggression,0,0.6333,label_aggression_1107151450280443904
978943102335553536,bullying,0,0.8006,label_bullying_978943102335553536
978943102335553536,aggression,0,0.6361,label_aggression_978943102335553536
1054888765589991424,bullying,1,0.5561,label_bullying_1054888765589991424
1054888765589991424,aggression,1,0.5561,label_aggression_1054888765589991424
1025200529762304000,bullying,0,0.6418,label_bullying_1025200529762304000
1025200529762304000,aggression,1,0.7717,label_aggression_1025200529762304000
1011871419321417728,bullying,1,0.7791,label_bullying_1011871419321417728
1011871419321417728,aggression,1,0.7791,label_aggression_1011871419321417728
1162171218322206720,bullying,0,0.6177,label_bullying_1162171218322206720
1162171218322206720,aggression,0,0.6177,label_aggression_1162171218322206720
1120196474228412416,bullying,1,0.78,label_bullying_1120196474228412416
1120196474228412416,aggression,1,0.78,label_aggression_1120196474228412416
1095091242351857664,bullying,0,0.5929,label_bullying_1095091242351857664
1095091242351857664,aggression,0,0.5929,label_aggression_1095091242351857664
1144141477287514112,bullying,0,0.5561,label_bullying_1144141477287514112
1144141477287514112,aggression,0,0.5561,label_aggression_1144141477287514112
1016168381583654912,bullying,0,0.7784,label_bullying_1016168381583654912
1016168381583654912,aggression,0,0.7784,label_aggression_1016168381583654912
1162527278816165888,bullying,0,0.5929,label_bullying_1162527278816165888
1162527278816165888,aggression,0,0.5929,label_aggression_1162527278816165888
1026658089262612480,bullying,0,0.8428,label_bullying_1026658089262612480
1026658089262612480,aggression,0,0.8428,label_aggression_1026658089262612480
1107617794134110208,bullying,0,1.0,label_bullying_1107617794134110208
1107617794134110208,aggression,0,0.8431,label_aggression_1107617794134110208
1108574561156370432,bullying,0,0.7819,label_bullying_1108574561156370432
1108574561156370432,aggression,0,0.5673,label_aggression_1108574561156370432
1120230350132772864,bullying,0,0.7989,label_bullying_1120230350132772864
1120230350132772864,aggression,0,0.7989,label_aggression_1120230350132772864
1028570940705239040,bullying,0,1.0,label_bullying_1028570940705239040
1028570940705239040,aggression,0,0.7955,label_aggression_1028570940705239040
1066169079599104000,bullying,1,0.6558,label_bullying_1066169079599104000
1066169079599104000,aggression,1,0.6558,label_aggression_1066169079599104000
1006384270601768960,bullying,1,1.0,label_bullying_1006384270601768960
1006384270601768960,aggression,1,0.7825,label_aggression_1006384270601768960
1046683080292782080,bullying,0,0.6508,label_bullying_1046683080292782080
1046683080292782080,aggression,1,0.5638,label_aggression_1046683080292782080
1088930373125242880,bullying,0,1.0,label_bullying_1088930373125242880
1088930373125242880,aggression,0,0.8427,label_aggression_1088930373125242880
1162892916084375552,bullying,0,0.5512,label_bullying_1162892916084375552
1162892916084375552,aggression,1,0.6693,label_aggression_1162892916084375552
1153579232531042304,bullying,0,0.6209,label_bullying_1153579232531042304
1153579232531042304,aggression,0,0.6209,label_aggression_1153579232531042304
1146660619244724224,bullying,1,0.552,label_bullying_1146660619244724224
1146660619244724224,aggression,1,0.7611,label_aggression_1146660619244724224
1170303946817167360,bullying,0,0.611,label_bullying_1170303946817167360
1170303946817167360,aggression,0,0.611,label_aggression_1170303946817167360
1172735260652687360,bullying,0,0.5913,label_bullying_1172735260652687360
1172735260652687360,aggression,0,0.5913,label_aggression_1172735260652687360
1148914872248410112,bullying,0,0.8287,label_bullying_1148914872248410112
1148914872248410112,aggression,0,1.0,label_aggression_1148914872248410112
1125371652864389120,bullying,0,1.0,label_bullying_1125371652864389120
1125371652864389120,aggression,1,0.5524,label_aggression_1125371652864389120
1055573849443864576,bullying,0,0.8302,label_bullying_1055573849443864576
1055573849443864576,aggression,0,0.8302,label_aggression_1055573849443864576
951655802345795584,bullying,0,0.5673,label_bullying_951655802345795584
951655802345795584,aggression,0,0.5673,label_aggression_951655802345795584
1150974608728883200,bullying,0,1.0,label_bullying_1150974608728883200
1150974608728883200,aggression,0,1.0,label_aggression_1150974608728883200
1047662801553936384,bullying,1,0.7981,label_bullying_1047662801553936384
1047662801553936384,aggression,1,0.7981,label_aggression_1047662801553936384
1021655017381584896,bullying,0,0.6221,label_bullying_1021655017381584896
1021655017381584896,aggression,0,0.6221,label_aggression_1021655017381584896
1051013843955957760,bullying,0,0.6749,label_bullying_1051013843955957760
1051013843955957760,aggression,0,0.6749,label_aggression_1051013843955957760
1149097542819139584,bullying,1,0.5896,label_bullying_1149097542819139584
1149097542819139584,aggression,1,0.5896,label_aggression_1149097542819139584
1165086499860275200,bullying,1,0.8173,label_bullying_1165086499860275200
1165086499860275200,aggression,1,0.8173,label_aggression_1165086499860275200
1179602719028248576,bullying,0,1.0,label_bullying_1179602719028248576
1179602719028248576,aggression,0,1.0,label_aggression_1179602719028248576
1094090769612034048,bullying,0,1.0,label_bullying_1094090769612034048
1094090769612034048,aggression,0,0.8368,label_aggression_1094090769612034048
991891149956562944,bullying,1,0.627,label_bullying_991891149956562944
991891149956562944,aggression,1,0.627,label_aggression_991891149956562944
1018399483828326400,bullying,0,0.5702,label_bullying_1018399483828326400
1018399483828326400,aggression,0,0.5702,label_aggression_1018399483828326400
958401254873264128,bullying,1,0.5889,label_bullying_958401254873264128
958401254873264128,aggression,1,0.7778,label_aggression_958401254873264128
1053238178943234048,bullying,0,1.0,label_bullying_1053238178943234048
1053238178943234048,aggression,0,1.0,label_aggression_1053238178943234048
1133303721170997248,bullying,0,0.8506,label_bullying_1133303721170997248
1133303721170997248,aggression,0,0.8506,label_aggression_1133303721170997248
1128137015083618304,bullying,0,0.6088,label_bullying_1128137015083618304
1128137015083618304,aggression,1,0.7875,label_aggression_1128137015083618304
1149815277853339648,bullying,1,0.5974,label_bullying_1149815277853339648
1149815277853339648,aggression,1,0.5974,label_aggression_1149815277853339648
1082024475463172096,bullying,1,0.8531,label_bullying_1082024475463172096
1082024475463172096,aggression,1,1.0,label_aggression_1082024475463172096
1107714967882563584,bullying,0,0.6122,label_bullying_1107714967882563584
1107714967882563584,aggression,1,0.5929,label_aggression_1107714967882563584
1127899310961647616,bullying,0,0.7674,label_bullying_1127899310961647616
1127899310961647616,aggression,0,0.7674,label_aggression_1127899310961647616
1096567014052507648,bullying,0,0.6508,label_bullying_1096567014052507648
1096567014052507648,aggression,1,0.5638,label_aggression_1096567014052507648
988632692038025216,bullying,1,0.5761,label_bullying_988632692038025216
988632692038025216,aggression,1,0.5761,label_aggression_988632692038025216
1131984583236198400,bullying,0,0.7755,label_bullying_1131984583236198400
1131984583236198400,aggression,0,0.593,label_aggression_1131984583236198400
1102830270438404096,bullying,0,1.0,label_bullying_1102830270438404096
1102830270438404096,aggression,0,0.5782,label_aggression_1102830270438404096
1079941606209196032,bullying,0,0.5682,label_bullying_1079941606209196032
1079941606209196032,aggression,1,0.6023,label_aggression_1079941606209196032
1090088382400745472,bullying,0,0.607,label_bullying_1090088382400745472
1090088382400745472,aggression,0,0.607,label_aggression_1090088382400745472
1171707907222761472,bullying,0,0.5982,label_bullying_1171707907222761472
1171707907222761472,aggression,1,0.6111,label_aggression_1171707907222761472
1169169185545318400,bullying,0,1.0,label_bullying_1169169185545318400
1169169185545318400,aggression,0,1.0,label_aggression_1169169185545318400
1079327636633055232,bullying,1,0.6373,label_bullying_1079327636633055232
1079327636633055232,aggression,1,0.7917,label_aggression_1079327636633055232
1088094632748953600,bullying,0,1.0,label_bullying_1088094632748953600
1088094632748953600,aggression,0,0.8295,label_aggression_1088094632748953600
1172007640122183680,bullying,0,0.607,label_bullying_1172007640122183680
1172007640122183680,aggression,0,0.607,label_aggression_1172007640122183680
1102479930484260864,bullying,0,0.7981,label_bullying_1102479930484260864
1102479930484260864,aggression,0,0.7981,label_aggression_1102479930484260864
981841413136666624,bullying,1,0.5913,label_bullying_981841413136666624
981841413136666624,aggression,1,0.5913,label_aggression_981841413136666624
990183429989871616,bullying,0,0.7784,label_bullying_990183429989871616
990183429989871616,aggression,0,0.6184,label_aggression_990183429989871616
948113155073118208,bullying,0,1.0,label_bullying_948113155073118208
948113155073118208,aggression,0,0.84,label_aggression_948113155073118208
1038002020772110336,bullying,0,0.8427,label_bullying_1038002020772110336
1038002020772110336,aggression,0,0.6613,label_aggression_1038002020772110336
1020901686048665600,bullying,0,0.5625,label_bullying_1020901686048665600
1020901686048665600,aggression,0,0.5625,label_aggression_1020901686048665600
1065798031183650816,bullying,0,1.0,label_bullying_1065798031183650816
1065798031183650816,aggression,0,1.0,label_aggression_1065798031183650816
1095675144338337792,bullying,1,0.5808,label_bullying_1095675144338337792
1095675144338337792,aggression,1,0.7605,label_aggression_1095675144338337792
1077720157402615808,bullying,1,0.6122,label_bullying_1077720157402615808
1077720157402615808,aggression,1,0.6122,label_aggression_1077720157402615808
1118658638433644544,bullying,1,0.7924,label_bullying_1118658638433644544
1118658638433644544,aggression,1,0.7924,label_aggression_1118658638433644544
1034325239603015680,bullying,0,0.8138,label_bullying_1034325239603015680
1034325239603015680,aggression,0,0.8138,label_aggression_1034325239603015680
1174139920647086080,bullying,0,0.7924,label_bullying_1174139920647086080
1174139920647086080,aggression,0,0.7924,label_aggression_1174139920647086080
1103172170706006016,bullying,0,1.0,label_bullying_1103172170706006016
1103172170706006016,aggression,0,0.5673,label_aggression_1103172170706006016
1135396246904094720,bullying,0,1.0,label_bullying_1135396246904094720
1135396246904094720,aggression,0,1.0,label_aggression_1135396246904094720
1038952710659035136,bullying,0,1.0,label_bullying_1038952710659035136
1038952710659035136,aggression,0,1.0,label_aggression_1038952710659035136
1105782383447314432,bullying,1,0.6605,label_bullying_1105782383447314432
1105782383447314432,aggression,1,0.8148,label_aggression_1105782383447314432
1121064275889537024,bullying,0,1.0,label_bullying_1121064275889537024
1121064275889537024,aggression,0,1.0,label_aggression_1121064275889537024
1163561219811172352,bullying,0,0.7702,label_bullying_1163561219811172352
1163561219811172352,aggression,0,0.5558,label_aggression_1163561219811172352
1152796309452173312,bullying,1,1.0,label_bullying_1152796309452173312
1152796309452173312,aggression,1,1.0,label_aggression_1152796309452173312
1123670404188282880,bullying,0,1.0,label_bullying_1123670404188282880
1123670404188282880,aggression,0,1.0,label_aggression_1123670404188282880
1105383009349226496,bullying,0,0.627,label_bullying_1105383009349226496
1105383009349226496,aggression,1,1.0,label_aggression_1105383009349226496
1037604986386882560,bullying,0,0.6047,label_bullying_1037604986386882560
1037604986386882560,aggression,0,0.6047,label_aggression_1037604986386882560
987238296176463872,bullying,0,0.5639,label_bullying_987238296176463872
987238296176463872,aggression,1,0.5946,label_aggression_987238296176463872
1040715918327648256,bullying,1,0.7949,label_bullying_1040715918327648256
1040715918327648256,aggression,1,0.7949,label_aggression_1040715918327648256
1041926984047251456,bullying,0,1.0,label_bullying_1041926984047251456
1041926984047251456,aggression,0,1.0,label_aggression_1041926984047251456
1083599318768062464,bullying,0,0.788,label_bullying_1083599318768062464
1083599318768062464,aggression,0,0.788,label_aggression_1083599318768062464
1090914499969650688,bullying,0,0.5782,label_bullying_1090914499969650688
1090914499969650688,aggression,0,0.7875,label_aggression_1090914499969650688
1001531161459441664,bullying,0,0.5974,label_bullying_1001531161459441664
1001531161459441664,aggression,0,0.5974,label_aggression_1001531161459441664
1117233634110476288,bullying,0,0.6283,label_bullying_1117233634110476288
1117233634110476288,aggression,0,0.6283,label_aggression_1117233634110476288
1146682191703834624,bullying,0,0.6524,label_bullying_1146682191703834624
1146682191703834624,aggression,1,0.5322,label_aggression_1146682191703834624
951236509728641024,bullying,1,0.601,label_bullying_951236509728641024
951236509728641024,aggression,1,0.601,label_aggression_951236509728641024
1148870331159699456,bullying,0,1.0,label_bullying_1148870331159699456
1148870331159699456,aggression,0,1.0,label_aggression_1148870331159699456
1177505698758692864,bullying,0,1.0,label_bullying_1177505698758692864
1177505698758692864,aggression,0,0.7909,label_aggression_1177505698758692864
1073767088117682176,bullying,0,1.0,label_bullying_1073767088117682176
1073767088117682176,aggression,0,1.0,label_aggression_1073767088117682176
1121606367468515328,bullying,0,1.0,label_bullying_1121606367468515328
1121606367468515328,aggression,0,1.0,label_aggression_1121606367468515328
1157453574419460096,bullying,0,0.5814,label_bullying_1157453574419460096
1157453574419460096,aggression,0,0.5814,label_aggression_1157453574419460096
1161367022081286144,bullying,0,0.7774,label_bullying_1161367022081286144
1161367022081286144,aggression,0,0.7774,label_aggression_1161367022081286144
1148862471034011648,bullying,1,0.5613,label_bullying_1148862471034011648
1148862471034011648,aggression,1,0.5613,label_aggression_1148862471034011648
1003490149176602624,bullying,1,0.7819,label_bullying_1003490149176602624
1003490149176602624,aggression,1,0.7819,label_aggression_1003490149176602624
1012670469843058688,bullying,0,0.8078,label_bullying_1012670469843058688
1012670469843058688,aggression,0,0.8078,label_aggression_1012670469843058688
1130289000075177984,bullying,0,0.8506,label_bullying_1130289000075177984
1130289000075177984,aggression,0,0.8506,label_aggression_1130289000075177984
1121977124702605312,bullying,1,0.7901,label_bullying_1121977124702605312
1121977124702605312,aggression,1,0.7901,label_aggression_1121977124702605312
1142252770586521600,bullying,1,0.6163,label_bullying_1142252770586521600
1142252770586521600,aggression,1,0.6163,label_aggression_1142252770586521600
1145093858573631488,bullying,0,0.5625,label_bullying_1145093858573631488
1145093858573631488,aggression,0,0.5625,label_aggression_1145093858573631488
1150549817399898112,bullying,0,0.5911,label_bullying_1150549817399898112
1150549817399898112,aggression,0,0.5911,label_aggression_1150549817399898112
1168334899766272000,bullying,0,0.659,label_bullying_1168334899766272000
1168334899766272000,aggression,0,0.659,label_aggression_1168334899766272000
1178861486844547072,bullying,0,0.7968,label_bullying_1178861486844547072
1178861486844547072,aggression,1,0.6387,label_aggression_1178861486844547072
1012300587720699904,bullying,0,1.0,label_bullying_1012300587720699904
1012300587720699904,aggression,0,1.0,label_aggression_1012300587720699904
1109647179460808704,bullying,0,0.5955,label_bullying_1109647179460808704
1109647179460808704,aggression,0,0.5955,label_aggression_1109647179460808704
1094470760749301760,bullying,1,0.5539,label_bullying_1094470760749301760
1094470760749301760,aggression,1,0.5539,label_aggression_1094470760749301760
1176423855544258560,bullying,0,1.0,label_bullying_1176423855544258560
1176423855544258560,aggression,0,1.0,label_aggression_1176423855544258560
1058308699795390464,bullying,0,1.0,label_bullying_1058308699795390464
1058308699795390464,aggression,0,1.0,label_aggression_1058308699795390464
1162164653938376704,bullying,0,1.0,label_bullying_1162164653938376704
1162164653938376704,aggression,0,0.6154,label_aggression_1162164653938376704
1107799880996368384,bullying,1,0.5821,label_bullying_1107799880996368384
1107799880996368384,aggression,1,0.5821,label_aggression_1107799880996368384
1014514130801008640,bullying,0,0.8058,label_bullying_1014514130801008640
1014514130801008640,aggression,0,0.8058,label_aggression_1014514130801008640
1076989232968626176,bullying,1,0.5777,label_bullying_1076989232968626176
1076989232968626176,aggression,1,0.5777,label_aggression_1076989232968626176
1173253347336237056,bullying,1,0.7581,label_bullying_1173253347336237056
1173253347336237056,aggression,1,0.7581,label_aggression_1173253347336237056
1123308659594723328,bullying,0,0.5911,label_bullying_1123308659594723328
1123308659594723328,aggression,0,0.5877,label_aggression_1123308659594723328
1171237779695689728,bullying,0,1.0,label_bullying_1171237779695689728
1171237779695689728,aggression,0,1.0,label_aggression_1171237779695689728
1111467239292444672,bullying,1,0.5908,label_bullying_1111467239292444672
1111467239292444672,aggression,1,0.5908,label_aggression_1111467239292444672
1027519055210438656,bullying,0,0.6122,label_bullying_1027519055210438656
1027519055210438656,aggression,0,0.6122,label_aggression_1027519055210438656
1050987543383937024,bullying,1,0.5839,label_bullying_1050987543383937024
1050987543383937024,aggression,1,0.5839,label_aggression_1050987543383937024
1149150181552459776,bullying,0,0.5181,label_bullying_1149150181552459776
1149150181552459776,aggression,1,0.641,label_aggression_1149150181552459776
1154245906804473856,bullying,1,0.5601,label_bullying_1154245906804473856
1154245906804473856,aggression,1,0.5601,label_aggression_1154245906804473856
1174521589077852160,bullying,0,1.0,label_bullying_1174521589077852160
1174521589077852160,aggression,0,1.0,label_aggression_1174521589077852160
1172089525221363712,bullying,0,1.0,label_bullying_1172089525221363712
1172089525221363712,aggression,0,1.0,label_aggression_1172089525221363712
1033551391932710912,bullying,0,0.6018,label_bullying_1033551391932710912
1033551391932710912,aggression,1,0.7982,label_aggression_1033551391932710912
1130968503164329984,bullying,0,1.0,label_bullying_1130968503164329984
1130968503164329984,aggression,0,1.0,label_aggression_1130968503164329984
1044184247084498944,bullying,0,0.5682,label_bullying_1044184247084498944
1044184247084498944,aggression,1,0.6023,label_aggression_1044184247084498944
1034009613798187008,bullying,0,0.6485,label_bullying_1034009613798187008
1034009613798187008,aggression,1,0.5691,label_aggression_1034009613798187008
1170871500140666880,bullying,0,1.0,label_bullying_1170871500140666880
1170871500140666880,aggression,0,1.0,label_aggression_1170871500140666880
1142331209431846912,bullying,1,0.53,label_bullying_1142331209431846912
1142331209431846912,aggression,1,0.53,label_aggression_1142331209431846912
1145644420725678080,bullying,0,0.7955,label_bullying_1145644420725678080
1145644420725678080,aggression,0,0.7955,label_aggression_1145644420725678080
1019009049120886784,bullying,0,0.8019,label_bullying_1019009049120886784
1019009049120886784,aggression,0,0.8019,label_aggression_1019009049120886784
1161351608429625344,bullying,0,0.7955,label_bullying_1161351608429625344
1161351608429625344,aggression,0,0.7955,label_aggression_1161351608429625344
1136923911028723712,bullying,1,0.5913,label_bullying_1136923911028723712
1136923911028723712,aggression,1,0.5913,label_aggression_1136923911028723712
1140064326645075968,bullying,0,0.5897,label_bullying_1140064326645075968
1140064326645075968,aggression,0,0.5929,label_aggression_1140064326645075968
1025583405355937792,bullying,0,0.7538,label_bullying_1025583405355937792
1025583405355937792,aggression,0,0.7538,label_aggression_1025583405355937792
1010700490369089536,bullying,0,0.6553,label_bullying_1010700490369089536
1010700490369089536,aggression,0,0.6553,label_aggression_1010700490369089536
1180317338965278720,bullying,0,1.0,label_bullying_1180317338965278720
1180317338965278720,aggression,0,1.0,label_aggression_1180317338965278720
1018729501821399040,bullying,1,0.5673,label_bullying_1018729501821399040
1018729501821399040,aggression,1,0.5638,label_aggression_1018729501821399040
1105920604990816256,bullying,0,1.0,label_bullying_1105920604990816256
1105920604990816256,aggression,0,1.0,label_aggression_1105920604990816256
1036470207365230592,bullying,0,1.0,label_bullying_1036470207365230592
1036470207365230592,aggression,0,0.6444,label_aggression_1036470207365230592
1170556890108088320,bullying,0,1.0,label_bullying_1170556890108088320
1170556890108088320,aggression,0,0.7981,label_aggression_1170556890108088320
1161761878444322816,bullying,0,1.0,label_bullying_1161761878444322816
1161761878444322816,aggression,0,0.5747,label_aggression_1161761878444322816
986467756578951168,bullying,0,0.8451,label_bullying_986467756578951168
986467756578951168,aggression,0,0.8451,label_aggression_986467756578951168
1150175436693749760,bullying,0,0.7818,label_bullying_1150175436693749760
1150175436693749760,aggression,0,0.5971,label_aggression_1150175436693749760
1005287795113463808,bullying,0,0.5913,label_bullying_1005287795113463808
1005287795113463808,aggression,0,0.5913,label_aggression_1005287795113463808
1060431703267028992,bullying,0,1.0,label_bullying_1060431703267028992
1060431703267028992,aggression,0,1.0,label_aggression_1060431703267028992
1180727889881411584,bullying,0,0.5929,label_bullying_1180727889881411584
1180727889881411584,aggression,0,1.0,label_aggression_1180727889881411584
1154295514678829056,bullying,0,0.8019,label_bullying_1154295514678829056
1154295514678829056,aggression,0,0.8019,label_aggression_1154295514678829056
1035709331489832960,bullying,0,0.7965,label_bullying_1035709331489832960
1035709331489832960,aggression,0,0.7965,label_aggression_1035709331489832960
1145975873728655360,bullying,1,0.5673,label_bullying_1145975873728655360
1145975873728655360,aggression,1,0.7819,label_aggression_1145975873728655360
1020930368741761024,bullying,0,1.0,label_bullying_1020930368741761024
1020930368741761024,aggression,0,0.8217,label_aggression_1020930368741761024
1160347476902006784,bullying,0,0.583,label_bullying_1160347476902006784
1160347476902006784,aggression,0,0.583,label_aggression_1160347476902006784
973454446254489600,bullying,0,0.8044,label_bullying_973454446254489600
973454446254489600,aggression,0,0.8044,label_aggression_973454446254489600
1156453163369406464,bullying,0,1.0,label_bullying_1156453163369406464
1156453163369406464,aggression,0,1.0,label_aggression_1156453163369406464
1144089309163761664,bullying,0,1.0,label_bullying_1144089309163761664
1144089309163761664,aggression,0,1.0,label_aggression_1144089309163761664
1012202601665691648,bullying,0,0.8082,label_bullying_1012202601665691648
1012202601665691648,aggression,0,0.8082,label_aggression_1012202601665691648
1056767045251080192,bullying,0,0.5893,label_bullying_1056767045251080192
1056767045251080192,aggression,1,0.629,label_aggression_1056767045251080192
1004042856425508864,bullying,0,0.8019,label_bullying_1004042856425508864
1004042856425508864,aggression,0,0.8019,label_aggression_1004042856425508864
1089363733589180416,bullying,0,0.8503,label_bullying_1089363733589180416
1089363733589180416,aggression,0,0.6707,label_aggression_1089363733589180416
1131004326379503616,bullying,0,0.7874,label_bullying_1131004326379503616
1131004326379503616,aggression,0,0.7874,label_aggression_1131004326379503616
1097701474978656256,bullying,0,0.7778,label_bullying_1097701474978656256
1097701474978656256,aggression,0,0.7778,label_aggression_1097701474978656256
1019862122563563520,bullying,0,0.8078,label_bullying_1019862122563563520
1019862122563563520,aggression,0,0.8078,label_aggression_1019862122563563520
1180058415821746176,bullying,0,1.0,label_bullying_1180058415821746176
1180058415821746176,aggression,0,1.0,label_aggression_1180058415821746176
1005624904525201408,bullying,1,0.6161,label_bullying_1005624904525201408
1005624904525201408,aggression,1,0.6161,label_aggression_1005624904525201408
1177470110844268544,bullying,0,0.7644,label_bullying_1177470110844268544
1177470110844268544,aggression,0,0.7644,label_aggression_1177470110844268544
1181354572539936768,bullying,0,1.0,label_bullying_1181354572539936768
1181354572539936768,aggression,0,0.8287,label_aggression_1181354572539936768
1145541936233512960,bullying,0,1.0,label_bullying_1145541936233512960
1145541936233512960,aggression,0,1.0,label_aggression_1145541936233512960
1160685224867364864,bullying,0,0.5754,label_bullying_1160685224867364864
1160685224867364864,aggression,0,0.5754,label_aggression_1160685224867364864
1015768740903772160,bullying,0,0.8155,label_bullying_1015768740903772160
1015768740903772160,aggression,0,0.6117,label_aggression_1015768740903772160
1132551371829207040,bullying,0,1.0,label_bullying_1132551371829207040
1132551371829207040,aggression,0,1.0,label_aggression_1132551371829207040
1038279828601765888,bullying,0,0.5754,label_bullying_1038279828601765888
1038279828601765888,aggression,0,0.5754,label_aggression_1038279828601765888
1064662952684179456,bullying,0,0.7955,label_bullying_1064662952684179456
1064662952684179456,aggression,0,0.7955,label_aggression_1064662952684179456
1104115343439302656,bullying,0,0.7716,label_bullying_1104115343439302656
1104115343439302656,aggression,0,0.5775,label_aggression_1104115343439302656
1123478650373783552,bullying,0,0.8428,label_bullying_1123478650373783552
1123478650373783552,aggression,0,0.6541,label_aggression_1123478650373783552
1113181724466429952,bullying,0,0.7793,label_bullying_1113181724466429952
1113181724466429952,aggression,0,0.7793,label_aggression_1113181724466429952
1142441980983689216,bullying,0,0.7629,label_bullying_1142441980983689216
1142441980983689216,aggression,0,0.7629,label_aggression_1142441980983689216
1133907446788939776,bullying,0,0.6205,label_bullying_1133907446788939776
1133907446788939776,aggression,0,0.6205,label_aggression_1133907446788939776
1095630491862048768,bullying,0,0.7522,label_bullying_1095630491862048768
1095630491862048768,aggression,0,0.7522,label_aggression_1095630491862048768
1145462513799180288,bullying,0,0.7924,label_bullying_1145462513799180288
1145462513799180288,aggression,0,0.7924,label_aggression_1145462513799180288
1074558864478883840,bullying,0,1.0,label_bullying_1074558864478883840
1074558864478883840,aggression,0,0.6591,label_aggression_1074558864478883840
1045940810706726912,bullying,0,0.8006,label_bullying_1045940810706726912
1045940810706726912,aggression,0,1.0,label_aggression_1045940810706726912
1017875065444130816,bullying,1,0.5889,label_bullying_1017875065444130816
1017875065444130816,aggression,1,0.5889,label_aggression_1017875065444130816
1139338109591482368,bullying,0,0.6387,label_bullying_1139338109591482368
1139338109591482368,aggression,1,0.571,label_aggression_1139338109591482368
1144054832739561472,bullying,0,0.7886,label_bullying_1144054832739561472
1144054832739561472,aggression,1,0.5768,label_aggression_1144054832739561472
1100888664311242752,bullying,0,1.0,label_bullying_1100888664311242752
1100888664311242752,aggression,0,0.8465,label_aggression_1100888664311242752
1152467943851012096,bullying,0,0.7538,label_bullying_1152467943851012096
1152467943851012096,aggression,0,0.5938,label_aggression_1152467943851012096
1139371426856730624,bullying,0,1.0,label_bullying_1139371426856730624
1139371426856730624,aggression,0,1.0,label_aggression_1139371426856730624
1171065124103041024,bullying,1,0.7903,label_bullying_1171065124103041024
1171065124103041024,aggression,1,1.0,label_aggression_1171065124103041024
1159325623031095296,bullying,0,0.8194,label_bullying_1159325623031095296
1159325623031095296,aggression,1,0.7968,label_aggression_1159325623031095296
1163626828175691776,bullying,0,1.0,label_bullying_1163626828175691776
1163626828175691776,aggression,0,1.0,label_aggression_1163626828175691776
1101031922005622784,bullying,0,0.8355,label_bullying_1101031922005622784
1101031922005622784,aggression,0,0.8355,label_aggression_1101031922005622784
1127158979873607680,bullying,0,0.6058,label_bullying_1127158979873607680
1127158979873607680,aggression,1,0.6033,label_aggression_1127158979873607680
1170095958982549504,bullying,0,0.773,label_bullying_1170095958982549504
1170095958982549504,aggression,0,0.773,label_aggression_1170095958982549504
1174245255768346624,bullying,0,0.7981,label_bullying_1174245255768346624
1174245255768346624,aggression,0,0.7949,label_aggression_1174245255768346624
1168651744683921408,bullying,0,0.583,label_bullying_1168651744683921408
1168651744683921408,aggression,1,0.5882,label_aggression_1168651744683921408
1093077555252453376,bullying,1,0.6212,label_bullying_1093077555252453376
1093077555252453376,aggression,1,0.6212,label_aggression_1093077555252453376
1159212859239321600,bullying,0,0.5673,label_bullying_1159212859239321600
1159212859239321600,aggression,0,0.5673,label_aggression_1159212859239321600
1090918845046308865,bullying,0,0.5813,label_bullying_1090918845046308865
1090918845046308865,aggression,0,0.5813,label_aggression_1090918845046308865
1078788598574231552,bullying,1,0.5977,label_bullying_1078788598574231552
1078788598574231552,aggression,1,0.5977,label_aggression_1078788598574231552
1113305755882504192,bullying,0,0.7529,label_bullying_1113305755882504192
1113305755882504192,aggression,0,0.7529,label_aggression_1113305755882504192
1175946850696650752,bullying,0,0.5929,label_bullying_1175946850696650752
1175946850696650752,aggression,1,0.6122,label_aggression_1175946850696650752
1169050854352097280,bullying,0,1.0,label_bullying_1169050854352097280
1169050854352097280,aggression,0,1.0,label_aggression_1169050854352097280
1067325353481154560,bullying,0,0.5929,label_bullying_1067325353481154560
1067325353481154560,aggression,0,0.5929,label_aggression_1067325353481154560
1153839686054285312,bullying,0,1.0,label_bullying_1153839686054285312
1153839686054285312,aggression,0,1.0,label_aggression_1153839686054285312
1156289459633999872,bullying,0,0.6333,label_bullying_1156289459633999872
1156289459633999872,aggression,0,0.6333,label_aggression_1156289459633999872
1162257615913467904,bullying,0,0.7538,label_bullying_1162257615913467904
1162257615913467904,aggression,0,0.5692,label_aggression_1162257615913467904
1152816866960560128,bullying,0,1.0,label_bullying_1152816866960560128
1152816866960560128,aggression,0,1.0,label_aggression_1152816866960560128
1079165184779636736,bullying,0,0.8506,label_bullying_1079165184779636736
1079165184779636736,aggression,1,0.5476,label_aggression_1079165184779636736
1169093466169511936,bullying,0,1.0,label_bullying_1169093466169511936
1169093466169511936,aggression,0,1.0,label_aggression_1169093466169511936
1177065690230943744,bullying,0,1.0,label_bullying_1177065690230943744
1177065690230943744,aggression,0,1.0,label_aggression_1177065690230943744
1143289117963067392,bullying,0,0.7629,label_bullying_1143289117963067392
1143289117963067392,aggression,1,0.592,label_aggression_1143289117963067392
1046367793622441984,bullying,0,0.8021,label_bullying_1046367793622441984
1046367793622441984,aggression,0,0.8021,label_aggression_1046367793622441984
1126712015210393600,bullying,0,0.7581,label_bullying_1126712015210393600
1126712015210393600,aggression,0,0.6008,label_aggression_1126712015210393600
1179657072758132736,bullying,0,1.0,label_bullying_1179657072758132736
1179657072758132736,aggression,0,0.6777,label_aggression_1179657072758132736
1170976393530941440,bullying,0,0.5786,label_bullying_1170976393530941440
1170976393530941440,aggression,0,0.5786,label_aggression_1170976393530941440
1173788073822248960,bullying,0,0.6019,label_bullying_1173788073822248960
1173788073822248960,aggression,0,0.8025,label_aggression_1173788073822248960
1081770339480018944,bullying,0,0.571,label_bullying_1081770339480018944
1081770339480018944,aggression,0,0.571,label_aggression_1081770339480018944
1107672264998305792,bullying,0,1.0,label_bullying_1107672264998305792
1107672264998305792,aggression,0,0.813,label_aggression_1107672264998305792
1171260118231326721,bullying,0,0.7989,label_bullying_1171260118231326721
1171260118231326721,aggression,0,0.7989,label_aggression_1171260118231326721
1118326100557180928,bullying,0,1.0,label_bullying_1118326100557180928
1118326100557180928,aggression,0,1.0,label_aggression_1118326100557180928
1042152100458799104,bullying,0,0.5877,label_bullying_1042152100458799104
1042152100458799104,aggression,1,0.8451,label_aggression_1042152100458799104
1025590120042164224,bullying,0,1.0,label_bullying_1025590120042164224
1025590120042164224,aggression,0,0.7701,label_aggression_1025590120042164224
1175799532286894080,bullying,0,1.0,label_bullying_1175799532286894080
1175799532286894080,aggression,0,1.0,label_aggression_1175799532286894080
1030291178240856064,bullying,0,1.0,label_bullying_1030291178240856064
1030291178240856064,aggression,0,0.8428,label_aggression_1030291178240856064
1131097486707351552,bullying,0,0.5709,label_bullying_1131097486707351552
1131097486707351552,aggression,0,0.5709,label_aggression_1131097486707351552
1178591154238050304,bullying,0,0.6099,label_bullying_1178591154238050304
1178591154238050304,aggression,0,0.6099,label_aggression_1178591154238050304
1095439996166582272,bullying,0,0.8011,label_bullying_1095439996166582272
1095439996166582272,aggression,0,0.8011,label_aggression_1095439996166582272
1180639864811597824,bullying,0,1.0,label_bullying_1180639864811597824
1180639864811597824,aggression,0,1.0,label_aggression_1180639864811597824
1041223651707719680,bullying,1,0.5693,label_bullying_1041223651707719680
1041223651707719680,aggression,0,0.5788,label_aggression_1041223651707719680
1123778945582555136,bullying,0,0.7929,label_bullying_1123778945582555136
1123778945582555136,aggression,0,0.7929,label_aggression_1123778945582555136
1172805293197914112,bullying,0,0.7611,label_bullying_1172805293197914112
1172805293197914112,aggression,0,0.552,label_aggression_1172805293197914112
1162579099936542720,bullying,0,0.7962,label_bullying_1162579099936542720
1162579099936542720,aggression,0,0.5955,label_aggression_1162579099936542720
1118074285567909888,bullying,0,0.5717,label_bullying_1118074285567909888
1118074285567909888,aggression,0,0.5717,label_aggression_1118074285567909888
1151041668502671360,bullying,0,0.8154,label_bullying_1151041668502671360
1151041668502671360,aggression,0,0.8154,label_aggression_1151041668502671360
1053791122083753984,bullying,0,0.7949,label_bullying_1053791122083753984
1053791122083753984,aggression,1,0.6122,label_aggression_1053791122083753984
1003042166966312960,bullying,0,0.7672,label_bullying_1003042166966312960
1003042166966312960,aggression,0,0.551,label_aggression_1003042166966312960
1140936616479985664,bullying,0,0.8453,label_bullying_1140936616479985664
1140936616479985664,aggression,0,0.8453,label_aggression_1140936616479985664
1080414388202143744,bullying,0,1.0,label_bullying_1080414388202143744
1080414388202143744,aggression,0,1.0,label_aggression_1080414388202143744
1168252445500276736,bullying,0,0.7787,label_bullying_1168252445500276736
1168252445500276736,aggression,0,0.6098,label_aggression_1168252445500276736
1075911890053615616,bullying,0,0.8173,label_bullying_1075911890053615616
1075911890053615616,aggression,0,0.6122,label_aggression_1075911890053615616
1154637880610746368,bullying,0,0.788,label_bullying_1154637880610746368
1154637880610746368,aggression,0,0.6085,label_aggression_1154637880610746368
1174852090141560832,bullying,0,0.7581,label_bullying_1174852090141560832
1174852090141560832,aggression,0,0.7581,label_aggression_1174852090141560832
1160687030888706048,bullying,0,0.7908,label_bullying_1160687030888706048
1160687030888706048,aggression,0,0.7875,label_aggression_1160687030888706048
1175237914666627072,bullying,0,0.7955,label_bullying_1175237914666627072
1175237914666627072,aggression,0,0.5911,label_aggression_1175237914666627072
1062530169086095360,bullying,0,0.7807,label_bullying_1062530169086095360
1062530169086095360,aggression,0,0.7807,label_aggression_1062530169086095360
1159300006243655680,bullying,0,1.0,label_bullying_1159300006243655680
1159300006243655680,aggression,0,0.8034,label_aggression_1159300006243655680
1172034196974489600,bullying,0,0.7908,label_bullying_1172034196974489600
1172034196974489600,aggression,0,0.7908,label_aggression_1172034196974489600
1152774856690098176,bullying,0,0.5925,label_bullying_1152774856690098176
1152774856690098176,aggression,0,0.5925,label_aggression_1152774856690098176
1161460481937096704,bullying,1,0.7875,label_bullying_1161460481937096704
1161460481937096704,aggression,1,0.7908,label_aggression_1161460481937096704
1168674303898976256,bullying,0,1.0,label_bullying_1168674303898976256
1168674303898976256,aggression,0,0.8469,label_aggression_1168674303898976256
1178927796794634240,bullying,0,0.8006,label_bullying_1178927796794634240
1178927796794634240,aggression,0,1.0,label_aggression_1178927796794634240
1150320501583921152,bullying,0,1.0,label_bullying_1150320501583921152
1150320501583921152,aggression,0,0.6451,label_aggression_1150320501583921152
1162654097317531648,bullying,0,0.7784,label_bullying_1162654097317531648
1162654097317531648,aggression,0,0.7784,label_aggression_1162654097317531648
1139057707211706368,bullying,0,0.5181,label_bullying_1139057707211706368
1139057707211706368,aggression,1,0.6391,label_aggression_1139057707211706368
1014439802227286016,bullying,0,1.0,label_bullying_1014439802227286016
1014439802227286016,aggression,0,1.0,label_aggression_1014439802227286016
1159585512882143232,bullying,1,0.7903,label_bullying_1159585512882143232
1159585512882143232,aggression,1,1.0,label_aggression_1159585512882143232
1110178926883393536,bullying,0,1.0,label_bullying_1110178926883393536
1110178926883393536,aggression,0,1.0,label_aggression_1110178926883393536
1038638173796159488,bullying,1,0.5897,label_bullying_1038638173796159488
1038638173796159488,aggression,1,0.5897,label_aggression_1038638173796159488
1003782474029248512,bullying,1,0.601,label_bullying_1003782474029248512
1003782474029248512,aggression,1,0.601,label_aggression_1003782474029248512
1026805374071754752,bullying,0,1.0,label_bullying_1026805374071754752
1026805374071754752,aggression,0,1.0,label_aggression_1026805374071754752
1167671471288844288,bullying,0,1.0,label_bullying_1167671471288844288
1167671471288844288,aggression,0,1.0,label_aggression_1167671471288844288
1138169176205225985,bullying,0,0.773,label_bullying_1138169176205225985
1138169176205225985,aggression,0,0.564,label_aggression_1138169176205225985
1037513465897598976,bullying,1,0.5897,label_bullying_1037513465897598976
1037513465897598976,aggression,0,0.6122,label_aggression_1037513465897598976
1157842244938698752,bullying,0,0.6354,label_bullying_1157842244938698752
1157842244938698752,aggression,1,0.5856,label_aggression_1157842244938698752
1147790913473802240,bullying,0,0.7834,label_bullying_1147790913473802240
1147790913473802240,aggression,0,0.5948,label_aggression_1147790913473802240
1134683032226336768,bullying,0,1.0,label_bullying_1134683032226336768
1134683032226336768,aggression,0,0.6154,label_aggression_1134683032226336768
1030637312557678592,bullying,0,1.0,label_bullying_1030637312557678592
1030637312557678592,aggression,0,1.0,label_aggression_1030637312557678592
1066207153549086720,bullying,0,0.7825,label_bullying_1066207153549086720
1066207153549086720,aggression,1,0.5932,label_aggression_1066207153549086720
1177434684763013120,bullying,1,0.5911,label_bullying_1177434684763013120
1177434684763013120,aggression,1,0.8058,label_aggression_1177434684763013120
1096973775121068032,bullying,1,0.7819,label_bullying_1096973775121068032
1096973775121068032,aggression,1,0.7819,label_aggression_1096973775121068032
1153805453625622528,bullying,1,0.5974,label_bullying_1153805453625622528
1153805453625622528,aggression,1,0.5974,label_aggression_1153805453625622528
1125222179148386304,bullying,0,0.8161,label_bullying_1125222179148386304
1125222179148386304,aggression,0,0.8161,label_aggression_1125222179148386304
1101618694213509120,bullying,0,1.0,label_bullying_1101618694213509120
1101618694213509120,aggression,0,1.0,label_aggression_1101618694213509120
1178927326902595584,bullying,0,0.5673,label_bullying_1178927326902595584
1178927326902595584,aggression,0,0.7819,label_aggression_1178927326902595584
1085673974135971840,bullying,1,0.6122,label_bullying_1085673974135971840
1085673974135971840,aggression,1,0.6122,label_aggression_1085673974135971840
1120215944149819392,bullying,0,0.5765,label_bullying_1120215944149819392
1120215944149819392,aggression,0,0.5765,label_aggression_1120215944149819392
1145255386925215744,bullying,0,1.0,label_bullying_1145255386925215744
1145255386925215744,aggression,0,1.0,label_aggression_1145255386925215744
1160414289270632448,bullying,0,0.7949,label_bullying_1160414289270632448
1160414289270632448,aggression,0,0.7949,label_aggression_1160414289270632448
1168346839330738176,bullying,0,0.7998,label_bullying_1168346839330738176
1168346839330738176,aggression,0,0.6169,label_aggression_1168346839330738176
1146944515064893440,bullying,0,0.8587,label_bullying_1146944515064893440
1146944515064893440,aggression,0,0.8587,label_aggression_1146944515064893440
1166565010009370624,bullying,1,0.7853,label_bullying_1166565010009370624
1166565010009370624,aggression,1,0.7853,label_aggression_1166565010009370624
1131796294386483200,bullying,0,1.0,label_bullying_1131796294386483200
1131796294386483200,aggression,0,1.0,label_aggression_1131796294386483200
1058567897011920896,bullying,0,1.0,label_bullying_1058567897011920896
1058567897011920896,aggression,0,1.0,label_aggression_1058567897011920896
1096952104704180224,bullying,0,1.0,label_bullying_1096952104704180224
1096952104704180224,aggression,0,0.5929,label_aggression_1096952104704180224
1181490674051522560,bullying,0,0.8194,label_bullying_1181490674051522560
1181490674051522560,aggression,0,0.8194,label_aggression_1181490674051522560
1161768321448910848,bullying,0,0.8006,label_bullying_1161768321448910848
1161768321448910848,aggression,0,1.0,label_aggression_1161768321448910848
1136455692388089856,bullying,0,0.7853,label_bullying_1136455692388089856
1136455692388089856,aggression,0,1.0,label_aggression_1136455692388089856
1124193149447798784,bullying,0,1.0,label_bullying_1124193149447798784
1124193149447798784,aggression,0,1.0,label_aggression_1124193149447798784
1176468460994273280,bullying,0,0.5673,label_bullying_1176468460994273280
1176468460994273280,aggression,0,0.7853,label_aggression_1176468460994273280
1166111009145245696,bullying,0,0.5931,label_bullying_1166111009145245696
1166111009145245696,aggression,0,0.5931,label_aggression_1166111009145245696
1165506062229676032,bullying,0,0.5842,label_bullying_1165506062229676032
1165506062229676032,aggression,0,0.5842,label_aggression_1165506062229676032
1146660624768872448,bullying,0,0.8348,label_bullying_1146660624768872448
1146660624768872448,aggression,0,0.6845,label_aggression_1146660624768872448
1087153434588753920,bullying,0,0.5614,label_bullying_1087153434588753920
1087153434588753920,aggression,0,0.786,label_aggression_1087153434588753920
1048908355407675392,bullying,0,0.7974,label_bullying_1048908355407675392
1048908355407675392,aggression,0,0.7974,label_aggression_1048908355407675392
974527514401964032,bullying,0,1.0,label_bullying_974527514401964032
974527514401964032,aggression,0,1.0,label_aggression_974527514401964032
1175909985952190464,bullying,0,1.0,label_bullying_1175909985952190464
1175909985952190464,aggression,0,1.0,label_aggression_1175909985952190464
1121158480284499968,bullying,0,1.0,label_bullying_1121158480284499968
1121158480284499968,aggression,0,1.0,label_aggression_1121158480284499968
1166952370773897216,bullying,0,1.0,label_bullying_1166952370773897216
1166952370773897216,aggression,0,0.8465,label_aggression_1166952370773897216
1157551263320367104,bullying,0,1.0,label_bullying_1157551263320367104
1157551263320367104,aggression,0,1.0,label_aggression_1157551263320367104
1036918934974406656,bullying,0,1.0,label_bullying_1036918934974406656
1036918934974406656,aggression,0,1.0,label_aggression_1036918934974406656
1132434737164881920,bullying,0,1.0,label_bullying_1132434737164881920
1132434737164881920,aggression,0,1.0,label_aggression_1132434737164881920
1139571355960934400,bullying,0,1.0,label_bullying_1139571355960934400
1139571355960934400,aggression,0,1.0,label_aggression_1139571355960934400
1062159878522589184,bullying,0,1.0,label_bullying_1062159878522589184
1062159878522589184,aggression,0,0.8414,label_aggression_1062159878522589184
1161576632339873792,bullying,0,1.0,label_bullying_1161576632339873792
1161576632339873792,aggression,0,0.7909,label_aggression_1161576632339873792
1131877970764574720,bullying,0,0.7855,label_bullying_1131877970764574720
1131877970764574720,aggression,0,0.7855,label_aggression_1131877970764574720
1178177738159624192,bullying,0,1.0,label_bullying_1178177738159624192
1178177738159624192,aggression,0,1.0,label_aggression_1178177738159624192
1066477558595461120,bullying,0,1.0,label_bullying_1066477558595461120
1066477558595461120,aggression,0,0.5887,label_aggression_1066477558595461120
1137818305697390592,bullying,0,0.6177,label_bullying_1137818305697390592
1137818305697390592,aggression,1,0.5913,label_aggression_1137818305697390592
1150217176888815616,bullying,0,0.6243,label_bullying_1150217176888815616
1150217176888815616,aggression,0,0.6243,label_aggression_1150217176888815616
1181136411290640384,bullying,0,0.7397,label_bullying_1181136411290640384
1181136411290640384,aggression,0,1.0,label_aggression_1181136411290640384
1072272423350611968,bullying,0,0.5782,label_bullying_1072272423350611968
1072272423350611968,aggression,0,0.5782,label_aggression_1072272423350611968
1155900416773836800,bullying,0,1.0,label_bullying_1155900416773836800
1155900416773836800,aggression,0,0.7755,label_aggression_1155900416773836800
1125967329365577728,bullying,0,1.0,label_bullying_1125967329365577728
1125967329365577728,aggression,0,1.0,label_aggression_1125967329365577728
1156637482440609792,bullying,0,1.0,label_bullying_1156637482440609792
1156637482440609792,aggression,0,1.0,label_aggression_1156637482440609792
1082811330043768832,bullying,0,1.0,label_bullying_1082811330043768832
1082811330043768832,aggression,0,1.0,label_aggression_1082811330043768832
1116277382010339328,bullying,0,0.7981,label_bullying_1116277382010339328
1116277382010339328,aggression,0,0.6396,label_aggression_1116277382010339328
1108881566114979840,bullying,0,1.0,label_bullying_1108881566114979840
1108881566114979840,aggression,1,0.5877,label_aggression_1108881566114979840
1018345515672645632,bullying,0,1.0,label_bullying_1018345515672645632
1018345515672645632,aggression,0,1.0,label_aggression_1018345515672645632
1021214042855018496,bullying,0,1.0,label_bullying_1021214042855018496
1021214042855018496,aggression,0,1.0,label_aggression_1021214042855018496
1167724898471256064,bullying,0,1.0,label_bullying_1167724898471256064
1167724898471256064,aggression,0,1.0,label_aggression_1167724898471256064
1111433093904007168,bullying,0,1.0,label_bullying_1111433093904007168
1111433093904007168,aggression,0,0.8067,label_aggression_1111433093904007168
995662050179371008,bullying,0,1.0,label_bullying_995662050179371008
995662050179371008,aggression,0,1.0,label_aggression_995662050179371008
1035704405627965440,bullying,1,0.6508,label_bullying_1035704405627965440
1035704405627965440,aggression,0,0.5673,label_aggression_1035704405627965440
995815198730706944,bullying,0,0.7778,label_bullying_995815198730706944
995815198730706944,aggression,0,0.7778,label_aggression_995815198730706944
957020593801347072,bullying,0,0.7924,label_bullying_957020593801347072
957020593801347072,aggression,0,0.7924,label_aggression_957020593801347072
1095990868877398016,bullying,0,0.8587,label_bullying_1095990868877398016
1095990868877398016,aggression,0,0.8587,label_aggression_1095990868877398016
1052407693459476480,bullying,0,0.6033,label_bullying_1052407693459476480
1052407693459476480,aggression,1,0.6058,label_aggression_1052407693459476480
1151348347664293888,bullying,0,1.0,label_bullying_1151348347664293888
1151348347664293888,aggression,0,1.0,label_aggression_1151348347664293888
1165856327927750656,bullying,0,0.5615,label_bullying_1165856327927750656
1165856327927750656,aggression,1,0.7901,label_aggression_1165856327927750656
1108179423997366272,bullying,1,0.6122,label_bullying_1108179423997366272
1108179423997366272,aggression,1,0.6122,label_aggression_1108179423997366272
1151751082146471936,bullying,0,0.5974,label_bullying_1151751082146471936
1151751082146471936,aggression,0,0.5974,label_aggression_1151751082146471936
1144331807962107904,bullying,0,0.7778,label_bullying_1144331807962107904
1144331807962107904,aggression,0,0.7778,label_aggression_1144331807962107904
931024405042184192,bullying,1,0.8016,label_bullying_931024405042184192
931024405042184192,aggression,1,0.5719,label_aggression_931024405042184192
1001681548694978560,bullying,0,1.0,label_bullying_1001681548694978560
1001681548694978560,aggression,0,0.5929,label_aggression_1001681548694978560
1152013993666629632,bullying,0,0.7571,label_bullying_1152013993666629632
1152013993666629632,aggression,0,0.7571,label_aggression_1152013993666629632
997366810225803264,bullying,0,0.5782,label_bullying_997366810225803264
997366810225803264,aggression,0,0.7908,label_aggression_997366810225803264
1136542961623310336,bullying,0,0.7884,label_bullying_1136542961623310336
1136542961623310336,aggression,0,0.7884,label_aggression_1136542961623310336
1075288563576344576,bullying,0,0.7965,label_bullying_1075288563576344576
1075288563576344576,aggression,0,0.7965,label_aggression_1075288563576344576
1171278643926863872,bullying,0,0.7949,label_bullying_1171278643926863872
1171278643926863872,aggression,0,0.7949,label_aggression_1171278643926863872
1037584295784497152,bullying,0,1.0,label_bullying_1037584295784497152
1037584295784497152,aggression,0,0.8204,label_aggression_1037584295784497152
1170173033755934720,bullying,0,1.0,label_bullying_1170173033755934720
1170173033755934720,aggression,0,1.0,label_aggression_1170173033755934720
1161504489703194624,bullying,0,1.0,label_bullying_1161504489703194624
1161504489703194624,aggression,0,1.0,label_aggression_1161504489703194624
999405517518561280,bullying,0,1.0,label_bullying_999405517518561280
999405517518561280,aggression,0,1.0,label_aggression_999405517518561280
1120980150667079680,bullying,0,0.78,label_bullying_1120980150667079680
1120980150667079680,aggression,0,0.78,label_aggression_1120980150667079680
1087535147143827456,bullying,0,0.8006,label_bullying_1087535147143827456
1087535147143827456,aggression,0,1.0,label_aggression_1087535147143827456
1072641231181459456,bullying,0,1.0,label_bullying_1072641231181459456
1072641231181459456,aggression,0,0.7774,label_aggression_1072641231181459456
1068931474784436224,bullying,0,0.7945,label_bullying_1068931474784436224
1068931474784436224,aggression,1,0.5709,label_aggression_1068931474784436224
1161394357018984448,bullying,0,0.6177,label_bullying_1161394357018984448
1161394357018984448,aggression,1,0.5913,label_aggression_1161394357018984448
1065408203174641664,bullying,0,1.0,label_bullying_1065408203174641664
1065408203174641664,aggression,0,0.8465,label_aggression_1065408203174641664
1152109702961065984,bullying,0,0.7581,label_bullying_1152109702961065984
1152109702961065984,aggression,0,0.5323,label_aggression_1152109702961065984
1104288379144994816,bullying,0,1.0,label_bullying_1104288379144994816
1104288379144994816,aggression,0,1.0,label_aggression_1104288379144994816
1018667358321250304,bullying,0,0.7875,label_bullying_1018667358321250304
1018667358321250304,aggression,0,1.0,label_aggression_1018667358321250304
990362753342521344,bullying,0,1.0,label_bullying_990362753342521344
990362753342521344,aggression,0,0.5673,label_aggression_990362753342521344
1161979387932291072,bullying,0,0.7949,label_bullying_1161979387932291072
1161979387932291072,aggression,0,0.7949,label_aggression_1161979387932291072
1164828038630879232,bullying,0,1.0,label_bullying_1164828038630879232
1164828038630879232,aggression,0,0.7832,label_aggression_1164828038630879232
1163980691873357824,bullying,0,1.0,label_bullying_1163980691873357824
1163980691873357824,aggression,0,1.0,label_aggression_1163980691873357824
1115144120886087680,bullying,0,0.7981,label_bullying_1115144120886087680
1115144120886087680,aggression,0,0.7981,label_aggression_1115144120886087680
1132907236507746304,bullying,0,1.0,label_bullying_1132907236507746304
1132907236507746304,aggression,0,0.7701,label_aggression_1132907236507746304
1176398683009388544,bullying,0,0.7989,label_bullying_1176398683009388544
1176398683009388544,aggression,0,0.7989,label_aggression_1176398683009388544
1173331691574583296,bullying,0,0.788,label_bullying_1173331691574583296
1173331691574583296,aggression,1,0.6113,label_aggression_1173331691574583296
1104203476390772736,bullying,0,0.7825,label_bullying_1104203476390772736
1104203476390772736,aggression,0,0.5615,label_aggression_1104203476390772736
1121577975859580928,bullying,0,0.7778,label_bullying_1121577975859580928
1121577975859580928,aggression,0,0.7778,label_aggression_1121577975859580928
1165738614752411648,bullying,0,1.0,label_bullying_1165738614752411648
1165738614752411648,aggression,0,1.0,label_aggression_1165738614752411648
1037557671953342464,bullying,0,1.0,label_bullying_1037557671953342464
1037557671953342464,aggression,0,1.0,label_aggression_1037557671953342464
1157810188783390720,bullying,0,1.0,label_bullying_1157810188783390720
1157810188783390720,aggression,0,1.0,label_aggression_1157810188783390720
1167285168810471424,bullying,0,1.0,label_bullying_1167285168810471424
1167285168810471424,aggression,0,1.0,label_aggression_1167285168810471424
1153087665659604992,bullying,0,1.0,label_bullying_1153087665659604992
1153087665659604992,aggression,0,1.0,label_aggression_1153087665659604992
1174867646131699712,bullying,0,0.7981,label_bullying_1174867646131699712
1174867646131699712,aggression,0,0.5929,label_aggression_1174867646131699712
1127822026334154752,bullying,0,1.0,label_bullying_1127822026334154752
1127822026334154752,aggression,0,1.0,label_aggression_1127822026334154752
1055729335686066176,bullying,1,0.6097,label_bullying_1055729335686066176
1055729335686066176,aggression,1,1.0,label_aggression_1055729335686066176
1137168303912091648,bullying,0,1.0,label_bullying_1137168303912091648
1137168303912091648,aggression,0,1.0,label_aggression_1137168303912091648
1049866734833991680,bullying,0,0.7605,label_bullying_1049866734833991680
1049866734833991680,aggression,0,0.7605,label_aggression_1049866734833991680
1074178615274520576,bullying,0,0.5929,label_bullying_1074178615274520576
1074178615274520576,aggression,0,0.5929,label_aggression_1074178615274520576
1092214858084454400,bullying,0,0.7755,label_bullying_1092214858084454400
1092214858084454400,aggression,0,0.7755,label_aggression_1092214858084454400
1100181285881724928,bullying,0,0.5965,label_bullying_1100181285881724928
1100181285881724928,aggression,0,0.5965,label_aggression_1100181285881724928
1104240194565337088,bullying,0,0.5782,label_bullying_1104240194565337088
1104240194565337088,aggression,0,0.7875,label_aggression_1104240194565337088
1156758594600284160,bullying,0,0.7955,label_bullying_1156758594600284160
1156758594600284160,aggression,0,0.7955,label_aggression_1156758594600284160
994799845514846208,bullying,1,0.779,label_bullying_994799845514846208
994799845514846208,aggression,1,0.5615,label_aggression_994799845514846208
1164855192760602624,bullying,0,0.5702,label_bullying_1164855192760602624
1164855192760602624,aggression,0,0.5702,label_aggression_1164855192760602624
1096618808267177984,bullying,0,0.8465,label_bullying_1096618808267177984
1096618808267177984,aggression,0,0.8465,label_aggression_1096618808267177984
1052335428860043264,bullying,0,0.5865,label_bullying_1052335428860043264
1052335428860043264,aggression,0,0.5865,label_aggression_1052335428860043264
1111193671526916096,bullying,0,0.7581,label_bullying_1111193671526916096
1111193671526916096,aggression,0,0.7581,label_aggression_1111193671526916096
1091205374369021952,bullying,0,1.0,label_bullying_1091205374369021952
1091205374369021952,aggression,1,0.6088,label_aggression_1091205374369021952
1125213533622435840,bullying,0,0.5737,label_bullying_1125213533622435840
1125213533622435840,aggression,0,0.5737,label_aggression_1125213533622435840
1119743265634504704,bullying,0,0.5615,label_bullying_1119743265634504704
1119743265634504704,aggression,0,0.5615,label_aggression_1119743265634504704
1177102953841311744,bullying,0,0.7794,label_bullying_1177102953841311744
1177102953841311744,aggression,1,0.6373,label_aggression_1177102953841311744
1040547079480930304,bullying,1,0.5926,label_bullying_1040547079480930304
1040547079480930304,aggression,1,0.7905,label_aggression_1040547079480930304
991018949669957632,bullying,0,1.0,label_bullying_991018949669957632
991018949669957632,aggression,0,0.7903,label_aggression_991018949669957632
1180641213356085248,bullying,0,1.0,label_bullying_1180641213356085248
1180641213356085248,aggression,0,1.0,label_aggression_1180641213356085248
1085415668834508800,bullying,0,0.7949,label_bullying_1085415668834508800
1085415668834508800,aggression,0,0.7949,label_aggression_1085415668834508800
1006719408925827072,bullying,0,0.7989,label_bullying_1006719408925827072
1006719408925827072,aggression,0,0.7989,label_aggression_1006719408925827072
1137629756226174976,bullying,0,1.0,label_bullying_1137629756226174976
1137629756226174976,aggression,0,1.0,label_aggression_1137629756226174976
1001397703332573184,bullying,0,0.5791,label_bullying_1001397703332573184
1001397703332573184,aggression,0,0.7973,label_aggression_1001397703332573184
1035362829223784448,bullying,0,1.0,label_bullying_1035362829223784448
1035362829223784448,aggression,0,1.0,label_aggression_1035362829223784448
1169048030134378496,bullying,0,1.0,label_bullying_1169048030134378496
1169048030134378496,aggression,0,1.0,label_aggression_1169048030134378496
1110813546008489984,bullying,0,0.7982,label_bullying_1110813546008489984
1110813546008489984,aggression,0,0.5775,label_aggression_1110813546008489984
1143223431605952512,bullying,0,0.7965,label_bullying_1143223431605952512
1143223431605952512,aggression,0,0.7965,label_aggression_1143223431605952512
1167324347300724736,bullying,0,1.0,label_bullying_1167324347300724736
1167324347300724736,aggression,0,1.0,label_aggression_1167324347300724736
1080206571692503040,bullying,0,1.0,label_bullying_1080206571692503040
1080206571692503040,aggression,0,1.0,label_aggression_1080206571692503040
1140092730949672960,bullying,0,0.5929,label_bullying_1140092730949672960
1140092730949672960,aggression,0,1.0,label_aggression_1140092730949672960
1068331658626875392,bullying,0,1.0,label_bullying_1068331658626875392
1068331658626875392,aggression,0,1.0,label_aggression_1068331658626875392
1143287259584675840,bullying,0,1.0,label_bullying_1143287259584675840
1143287259584675840,aggression,0,0.8498,label_aggression_1143287259584675840
1178391541912653824,bullying,0,0.7981,label_bullying_1178391541912653824
1178391541912653824,aggression,0,0.5929,label_aggression_1178391541912653824
993316994789093376,bullying,1,0.6275,label_bullying_993316994789093376
993316994789093376,aggression,1,0.6275,label_aggression_993316994789093376
1180985670383128576,bullying,0,0.8028,label_bullying_1180985670383128576
1180985670383128576,aggression,0,0.5871,label_aggression_1180985670383128576
958643388486467584,bullying,0,0.627,label_bullying_958643388486467584
958643388486467584,aggression,1,0.8058,label_aggression_958643388486467584
1162626868445327360,bullying,0,0.7611,label_bullying_1162626868445327360
1162626868445327360,aggression,0,0.7611,label_aggression_1162626868445327360
1173345217597095936,bullying,0,0.5938,label_bullying_1173345217597095936
1173345217597095936,aggression,0,0.5938,label_aggression_1173345217597095936
945803943852818432,bullying,0,0.7973,label_bullying_945803943852818432
945803943852818432,aggression,0,1.0,label_aggression_945803943852818432
1052156302291767296,bullying,0,0.6403,label_bullying_1052156302291767296
1052156302291767296,aggression,0,0.6403,label_aggression_1052156302291767296
1107535888336232448,bullying,0,0.8028,label_bullying_1107535888336232448
1107535888336232448,aggression,0,0.8028,label_aggression_1107535888336232448
1096628029943341056,bullying,0,0.8019,label_bullying_1096628029943341056
1096628029943341056,aggression,0,0.8019,label_aggression_1096628029943341056
1129971720628121600,bullying,0,0.8067,label_bullying_1129971720628121600
1129971720628121600,aggression,1,0.6448,label_aggression_1129971720628121600
1141606450175594496,bullying,0,0.8194,label_bullying_1141606450175594496
1141606450175594496,aggression,1,0.5871,label_aggression_1141606450175594496
1095898870002941952,bullying,0,0.7819,label_bullying_1095898870002941952
1095898870002941952,aggression,0,0.5673,label_aggression_1095898870002941952
1045523258935754752,bullying,0,1.0,label_bullying_1045523258935754752
1045523258935754752,aggression,0,0.8138,label_aggression_1045523258935754752
1141891042325520384,bullying,0,0.7989,label_bullying_1141891042325520384
1141891042325520384,aggression,0,0.7989,label_aggression_1141891042325520384
1130132083722067968,bullying,0,0.5935,label_bullying_1130132083722067968
1130132083722067968,aggression,1,0.6161,label_aggression_1130132083722067968
1063362568720117760,bullying,0,0.8383,label_bullying_1063362568720117760
1063362568720117760,aggression,0,0.8383,label_aggression_1063362568720117760
1131394594089680896,bullying,0,0.5911,label_bullying_1131394594089680896
1131394594089680896,aggression,0,0.5877,label_aggression_1131394594089680896
1117252674820435968,bullying,0,0.5423,label_bullying_1117252674820435968
1117252674820435968,aggression,0,0.5423,label_aggression_1117252674820435968
1164091195023306752,bullying,0,1.0,label_bullying_1164091195023306752
1164091195023306752,aggression,0,1.0,label_aggression_1164091195023306752
1074565114495225856,bullying,0,1.0,label_bullying_1074565114495225856
1074565114495225856,aggression,0,1.0,label_aggression_1074565114495225856
1161274434586574848,bullying,0,0.6828,label_bullying_1161274434586574848
1161274434586574848,aggression,0,0.6828,label_aggression_1161274434586574848
1087883417049358336,bullying,0,0.7965,label_bullying_1087883417049358336
1087883417049358336,aggression,0,0.7965,label_aggression_1087883417049358336
1065395268834463744,bullying,0,0.7994,label_bullying_1065395268834463744
1065395268834463744,aggression,0,0.7994,label_aggression_1065395268834463744
981968717728935936,bullying,0,0.7742,label_bullying_981968717728935936
981968717728935936,aggression,0,0.5645,label_aggression_981968717728935936
1145901976232550400,bullying,0,1.0,label_bullying_1145901976232550400
1145901976232550400,aggression,0,1.0,label_aggression_1145901976232550400
1098427247180034048,bullying,0,0.5974,label_bullying_1098427247180034048
1098427247180034048,aggression,0,0.5974,label_aggression_1098427247180034048
1075323229281083392,bullying,0,1.0,label_bullying_1075323229281083392
1075323229281083392,aggression,0,0.7981,label_aggression_1075323229281083392
1154563101698543616,bullying,0,0.7754,label_bullying_1154563101698543616
1154563101698543616,aggression,0,0.7754,label_aggression_1154563101698543616
1128105482884636672,bullying,0,0.7702,label_bullying_1128105482884636672
1128105482884636672,aggression,0,0.7702,label_aggression_1128105482884636672
1150153898221604864,bullying,0,0.607,label_bullying_1150153898221604864
1150153898221604864,aggression,0,0.607,label_aggression_1150153898221604864
1125123219658354688,bullying,0,1.0,label_bullying_1125123219658354688
1125123219658354688,aggression,0,1.0,label_aggression_1125123219658354688
1033993129051017216,bullying,0,0.7784,label_bullying_1033993129051017216
1033993129051017216,aggression,0,0.7784,label_aggression_1033993129051017216
1121250455540867072,bullying,0,0.7795,label_bullying_1121250455540867072
1121250455540867072,aggression,0,1.0,label_aggression_1121250455540867072
1169489874899066880,bullying,0,1.0,label_bullying_1169489874899066880
1169489874899066880,aggression,0,1.0,label_aggression_1169489874899066880
1155021840100564992,bullying,0,0.7611,label_bullying_1155021840100564992
1155021840100564992,aggression,0,0.552,label_aggression_1155021840100564992
1160855446715092992,bullying,1,0.6585,label_bullying_1160855446715092992
1160855446715092992,aggression,0,0.5743,label_aggression_1160855446715092992
1113277185982144512,bullying,0,0.7552,label_bullying_1113277185982144512
1113277185982144512,aggression,0,0.7552,label_aggression_1113277185982144512
1156467652974342144,emotion,neutral,1.0,label_emotion_1156467652974342144
1156467652974342144,topic,person,1.0,label_topic_1156467652974342144
1172294545229434880,emotion,neutral,0.6721,label_emotion_1172294545229434880
1172294545229434880,topic,person,0.6585,label_topic_1172294545229434880
1116987080183062528,emotion,neutral,0.6928,label_emotion_1116987080183062528
1116987080183062528,topic,text,0.6928,label_topic_1116987080183062528
1057501435811500032,emotion,fear,0.666,label_emotion_1057501435811500032
1057501435811500032,topic,person,1.0,label_topic_1057501435811500032
1122565290144968704,emotion,anger,0.668,label_emotion_1122565290144968704
1122565290144968704,topic,text,0.668,label_topic_1122565290144968704
1176833275743068160,emotion,neutral,0.3352,label_emotion_1176833275743068160
1176833275743068160,topic,person,1.0,label_topic_1176833275743068160
1100096249568595968,emotion,joy,1.0,label_emotion_1100096249568595968
1100096249568595968,topic,person,0.666,label_topic_1100096249568595968
1111638345144008704,emotion,anger,0.6542,label_emotion_1111638345144008704
1111638345144008704,topic,text,0.6542,label_topic_1111638345144008704
1174929297677389824,emotion,joy,0.6569,label_emotion_1174929297677389824
1174929297677389824,topic,text,0.3431,label_topic_1174929297677389824
1106737307656036352,emotion,surprised,0.6928,label_emotion_1106737307656036352
1106737307656036352,topic,person,1.0,label_topic_1106737307656036352
1123819302441644032,emotion,neutral,0.67,label_emotion_1123819302441644032
1123819302441644032,topic,cartoon,1.0,label_topic_1123819302441644032
1162968975672778752,emotion,joy,0.6655,label_emotion_1162968975672778752
1162968975672778752,topic,person,1.0,label_topic_1162968975672778752
1167693037900857344,emotion,neutral,0.668,label_emotion_1167693037900857344
1167693037900857344,topic,people,1.0,label_topic_1167693037900857344
1124478819911585792,emotion,joy,1.0,label_emotion_1124478819911585792
1124478819911585792,topic,person,1.0,label_topic_1124478819911585792
1100586565102940160,emotion,neutral,0.3415,label_emotion_1100586565102940160
1100586565102940160,topic,person,0.6721,label_topic_1100586565102940160
1117113774453805056,emotion,joy,0.66,label_emotion_1117113774453805056
1117113774453805056,topic,person,0.6735,label_topic_1117113774453805056
1020912874765619200,emotion,neutral,1.0,label_emotion_1020912874765619200
1020912874765619200,topic,cartoon,0.3352,label_topic_1020912874765619200
1101279017832968192,emotion,neutral,0.6654,label_emotion_1101279017832968192
1101279017832968192,topic,other,0.6654,label_topic_1101279017832968192
1137584551972270080,emotion,surprised,0.3415,label_emotion_1137584551972270080
1137584551972270080,topic,person,0.3415,label_topic_1137584551972270080
1064015840896225280,emotion,anger,0.6721,label_emotion_1064015840896225280
1064015840896225280,topic,person,0.6721,label_topic_1064015840896225280
1115991006584987648,emotion,surprised,0.6721,label_emotion_1115991006584987648
1115991006584987648,topic,people,1.0,label_topic_1115991006584987648
1081664980782374912,emotion,neutral,0.6668,label_emotion_1081664980782374912
1081664980782374912,topic,person,1.0,label_topic_1081664980782374912
1134017703750103040,emotion,surprised,0.3458,label_emotion_1134017703750103040
1134017703750103040,topic,person,0.6778,label_topic_1134017703750103040
1159462478544101376,emotion,fear,0.666,label_emotion_1159462478544101376
1159462478544101376,topic,people,1.0,label_topic_1159462478544101376
1121066447423053824,emotion,neutral,1.0,label_emotion_1121066447423053824
1121066447423053824,topic,person,0.6767,label_topic_1121066447423053824
1093418607750586368,emotion,neutral,0.6655,label_emotion_1093418607750586368
1093418607750586368,topic,person,1.0,label_topic_1093418607750586368
1166993514807304192,emotion,joy,1.0,label_emotion_1166993514807304192
1166993514807304192,topic,people,1.0,label_topic_1166993514807304192
948030343389270016,emotion,surprised,0.6668,label_emotion_948030343389270016
948030343389270016,topic,other,1.0,label_topic_948030343389270016
1131434704818540544,emotion,neutral,0.3367,label_emotion_1131434704818540544
1131434704818540544,topic,person,0.6633,label_topic_1131434704818540544
1089999176642740224,emotion,neutral,0.6785,label_emotion_1089999176642740224
1089999176642740224,topic,person,1.0,label_topic_1089999176642740224
1163579451632771072,emotion,neutral,0.66,label_emotion_1163579451632771072
1163579451632771072,topic,person,0.67,label_topic_1163579451632771072
1134692072150949888,emotion,surprised,0.334,label_emotion_1134692072150949888
1134692072150949888,topic,people,0.668,label_topic_1134692072150949888
1055241182718332928,emotion,neutral,0.6962,label_emotion_1055241182718332928
1055241182718332928,topic,person,1.0,label_topic_1055241182718332928
1064754213302792192,emotion,neutral,1.0,label_emotion_1064754213302792192
1064754213302792192,topic,person,1.0,label_topic_1064754213302792192
1074582050805350400,emotion,anger,0.6654,label_emotion_1074582050805350400
1074582050805350400,topic,people,1.0,label_topic_1074582050805350400
1153964867745886208,emotion,anger,0.6694,label_emotion_1153964867745886208
1153964867745886208,topic,other,0.6721,label_topic_1153964867745886208
1012520751829598208,emotion,sad,0.3367,label_emotion_1012520751829598208
1012520751829598208,topic,person,0.3367,label_topic_1012520751829598208
1134908868867313664,emotion,fear,0.6928,label_emotion_1134908868867313664
1134908868867313664,topic,person,0.6928,label_topic_1134908868867313664
1178264272132829184,emotion,surprised,0.6654,label_emotion_1178264272132829184
1178264272132829184,topic,outdoor,1.0,label_topic_1178264272132829184
1149761218580512768,emotion,surprised,0.6657,label_emotion_1149761218580512768
1149761218580512768,topic,people,1.0,label_topic_1149761218580512768
1119903629130801152,emotion,neutral,0.6785,label_emotion_1119903629130801152
1119903629130801152,topic,person,1.0,label_topic_1119903629130801152
1088174709562314752,emotion,fear,0.666,label_emotion_1088174709562314752
1088174709562314752,topic,person,1.0,label_topic_1088174709562314752
1117352411007246336,emotion,surprised,0.6785,label_emotion_1117352411007246336
1117352411007246336,topic,people,1.0,label_topic_1117352411007246336
1178570675292639232,emotion,anger,0.67,label_emotion_1178570675292639232
1178570675292639232,topic,person,1.0,label_topic_1178570675292639232
1105729114431725568,emotion,neutral,0.6677,label_emotion_1105729114431725568
1105729114431725568,topic,person,1.0,label_topic_1105729114431725568
1149040324006629376,emotion,joy,1.0,label_emotion_1149040324006629376
1149040324006629376,topic,person,1.0,label_topic_1149040324006629376
1054254121538498560,emotion,neutral,1.0,label_emotion_1054254121538498560
1054254121538498560,topic,person,1.0,label_topic_1054254121538498560
1152375978807496704,emotion,surprised,1.0,label_emotion_1152375978807496704
1152375978807496704,topic,person,1.0,label_topic_1152375978807496704
1139049958595825664,emotion,joy,0.6733,label_emotion_1139049958595825664
1139049958595825664,topic,person,1.0,label_topic_1139049958595825664
1092969087300173824,emotion,surprised,0.6962,label_emotion_1092969087300173824
1092969087300173824,topic,activity,1.0,label_topic_1092969087300173824
1148850447302692864,emotion,neutral,0.666,label_emotion_1148850447302692864
1148850447302692864,topic,person,0.334,label_topic_1148850447302692864
1008090316898803712,emotion,neutral,0.6657,label_emotion_1008090316898803712
1008090316898803712,topic,person,0.6657,label_topic_1008090316898803712
1061582683249012736,emotion,neutral,0.6721,label_emotion_1061582683249012736
1061582683249012736,topic,text,1.0,label_topic_1061582683249012736
1179210206551404544,emotion,neutral,0.6721,label_emotion_1179210206551404544
1179210206551404544,topic,text,1.0,label_topic_1179210206551404544
1092198309856202752,emotion,anger,0.34,label_emotion_1092198309856202752
1092198309856202752,topic,person,1.0,label_topic_1092198309856202752
1009707103394627584,emotion,neutral,0.666,label_emotion_1009707103394627584
1009707103394627584,topic,person,0.666,label_topic_1009707103394627584
1151131828892114944,emotion,neutral,0.3346,label_emotion_1151131828892114944
1151131828892114944,topic,animal,0.6655,label_topic_1151131828892114944
1027479240444452864,emotion,anger,0.3343,label_emotion_1027479240444452864
1027479240444452864,topic,person,1.0,label_topic_1027479240444452864
1066222158239453184,emotion,neutral,0.6962,label_emotion_1066222158239453184
1066222158239453184,topic,person,0.6962,label_topic_1066222158239453184
1093485395146063872,emotion,joy,0.6566,label_emotion_1093485395146063872
1093485395146063872,topic,people,0.6566,label_topic_1093485395146063872
1014296143544356864,emotion,neutral,0.6785,label_emotion_1014296143544356864
1014296143544356864,topic,other,1.0,label_topic_1014296143544356864
1120955068431372288,emotion,neutral,0.666,label_emotion_1120955068431372288
1120955068431372288,topic,person,0.666,label_topic_1120955068431372288
1154187672588529664,emotion,neutral,0.334,label_emotion_1154187672588529664
1154187672588529664,topic,person,0.666,label_topic_1154187672588529664
1105744359686639616,emotion,neutral,0.6634,label_emotion_1105744359686639616
1105744359686639616,topic,people,1.0,label_topic_1105744359686639616
1074093091838996480,emotion,neutral,0.3415,label_emotion_1074093091838996480
1074093091838996480,topic,person,0.6721,label_topic_1074093091838996480
1158987090408112128,emotion,anger,0.6668,label_emotion_1158987090408112128
1158987090408112128,topic,people,1.0,label_topic_1158987090408112128
1025563073714483200,emotion,neutral,0.6655,label_emotion_1025563073714483200
1025563073714483200,topic,outdoor,0.6655,label_topic_1025563073714483200
1059310997544079360,emotion,joy,0.6668,label_emotion_1059310997544079360
1059310997544079360,topic,people,0.6668,label_topic_1059310997544079360
1120192382017613824,emotion,fear,0.666,label_emotion_1120192382017613824
1120192382017613824,topic,person,1.0,label_topic_1120192382017613824
1137818665115414528,emotion,neutral,1.0,label_emotion_1137818665115414528
1137818665115414528,topic,person,1.0,label_topic_1137818665115414528
1146305661932544000,emotion,surprised,0.3352,label_emotion_1146305661932544000
1146305661932544000,topic,outdoor,0.6668,label_topic_1146305661932544000
1126434493599809536,emotion,neutral,1.0,label_emotion_1126434493599809536
1126434493599809536,topic,person,1.0,label_topic_1126434493599809536
1079563325219762176,emotion,neutral,0.6684,label_emotion_1079563325219762176
1079563325219762176,topic,person,0.6668,label_topic_1079563325219762176
1181066254816030720,emotion,surprised,0.6962,label_emotion_1181066254816030720
1181066254816030720,topic,fashion,0.6962,label_topic_1181066254816030720
1155088061789569024,emotion,neutral,1.0,label_emotion_1155088061789569024
1155088061789569024,topic,person,1.0,label_topic_1155088061789569024
1087618613571219456,emotion,anger,0.669,label_emotion_1087618613571219456
1087618613571219456,topic,person,1.0,label_topic_1087618613571219456
1157172778362175488,emotion,neutral,0.6721,label_emotion_1157172778362175488
1157172778362175488,topic,activity,1.0,label_topic_1157172778362175488
1053133798101442560,emotion,anger,0.66,label_emotion_1053133798101442560
1053133798101442560,topic,person,1.0,label_topic_1053133798101442560
957785592803020800,emotion,love,0.3352,label_emotion_957785592803020800
957785592803020800,topic,person,1.0,label_topic_957785592803020800
1142134642015895552,emotion,neutral,0.6657,label_emotion_1142134642015895552
1142134642015895552,topic,person,0.6657,label_topic_1142134642015895552
1146249209444712448,emotion,anger,0.6654,label_emotion_1146249209444712448
1146249209444712448,topic,people,1.0,label_topic_1146249209444712448
1157541403673403392,emotion,neutral,1.0,label_emotion_1157541403673403392
1157541403673403392,topic,person,1.0,label_topic_1157541403673403392
1069119845687328768,emotion,anger,0.6721,label_emotion_1069119845687328768
1069119845687328768,topic,person,1.0,label_topic_1069119845687328768
1177969231829131264,emotion,neutral,0.6928,label_emotion_1177969231829131264
1177969231829131264,topic,person,0.6928,label_topic_1177969231829131264
1147707543662247936,emotion,neutral,0.6633,label_emotion_1147707543662247936
1147707543662247936,topic,person,0.6733,label_topic_1147707543662247936
1101791523529703424,emotion,neutral,0.6691,label_emotion_1101791523529703424
1101791523529703424,topic,indoor,0.6655,label_topic_1101791523529703424
1066980163927085056,emotion,joy,0.6706,label_emotion_1066980163927085056
1066980163927085056,topic,person,1.0,label_topic_1066980163927085056
1048815494985551872,emotion,neutral,0.6767,label_emotion_1048815494985551872
1048815494985551872,topic,other,0.6767,label_topic_1048815494985551872
1113385871555686400,emotion,anger,0.6542,label_emotion_1113385871555686400
1113385871555686400,topic,people,1.0,label_topic_1113385871555686400
1080713892960825344,emotion,neutral,0.668,label_emotion_1080713892960825344
1080713892960825344,topic,person,1.0,label_topic_1080713892960825344
1073397272806817792,emotion,anger,0.6654,label_emotion_1073397272806817792
1073397272806817792,topic,person,1.0,label_topic_1073397272806817792
1062535235822292992,emotion,neutral,1.0,label_emotion_1062535235822292992
1062535235822292992,topic,person,1.0,label_topic_1062535235822292992
1109239642722844672,emotion,neutral,0.6962,label_emotion_1109239642722844672
1109239642722844672,topic,person,0.6564,label_topic_1109239642722844672
1130614482700529664,emotion,neutral,0.6684,label_emotion_1130614482700529664
1130614482700529664,topic,person,1.0,label_topic_1130614482700529664
1107167421770379264,emotion,neutral,0.6721,label_emotion_1107167421770379264
1107167421770379264,topic,person,0.6721,label_topic_1107167421770379264
1141578684688445440,emotion,fear,0.666,label_emotion_1141578684688445440
1141578684688445440,topic,other,0.666,label_topic_1141578684688445440
1053867748171595776,emotion,anger,0.3415,label_emotion_1053867748171595776
1053867748171595776,topic,person,0.6721,label_topic_1053867748171595776
1046262244998258688,emotion,neutral,0.6785,label_emotion_1046262244998258688
1046262244998258688,topic,person,1.0,label_topic_1046262244998258688
1128501265627025408,emotion,neutral,0.668,label_emotion_1128501265627025408
1128501265627025408,topic,person,0.334,label_topic_1128501265627025408
1148898679500255232,emotion,fear,0.666,label_emotion_1148898679500255232
1148898679500255232,topic,person,1.0,label_topic_1148898679500255232
1174566324454768640,emotion,anger,0.6656,label_emotion_1174566324454768640
1174566324454768640,topic,people,1.0,label_topic_1174566324454768640
1158208932159123456,emotion,neutral,0.6611,label_emotion_1158208932159123456
1158208932159123456,topic,people,1.0,label_topic_1158208932159123456
1025609192838443008,emotion,joy,0.6595,label_emotion_1025609192838443008
1025609192838443008,topic,person,1.0,label_topic_1025609192838443008
1067712613082931200,emotion,joy,0.6669,label_emotion_1067712613082931200
1067712613082931200,topic,people,1.0,label_topic_1067712613082931200
1013994610969788416,emotion,joy,1.0,label_emotion_1013994610969788416
1013994610969788416,topic,people,1.0,label_topic_1013994610969788416
1152325866454708224,emotion,anger,0.6669,label_emotion_1152325866454708224
1152325866454708224,topic,person,1.0,label_topic_1152325866454708224
1159515118229397504,emotion,sad,0.6669,label_emotion_1159515118229397504
1159515118229397504,topic,people,1.0,label_topic_1159515118229397504
1122798217923645440,emotion,anger,0.6676,label_emotion_1122798217923645440
1122798217923645440,topic,person,1.0,label_topic_1122798217923645440
1070449102225096704,emotion,neutral,0.3405,label_emotion_1070449102225096704
1070449102225096704,topic,person,1.0,label_topic_1070449102225096704
1040480063214456832,emotion,surprised,0.6698,label_emotion_1040480063214456832
1040480063214456832,topic,person,1.0,label_topic_1040480063214456832
1055302920520220672,emotion,anger,0.6611,label_emotion_1055302920520220672
1055302920520220672,topic,person,1.0,label_topic_1055302920520220672
1016596288051306496,emotion,joy,0.6658,label_emotion_1016596288051306496
1016596288051306496,topic,person,1.0,label_topic_1016596288051306496
1064321446668607489,emotion,neutral,0.3363,label_emotion_1064321446668607489
1064321446668607489,topic,person,1.0,label_topic_1064321446668607489
1105272517608042496,emotion,joy,0.6669,label_emotion_1105272517608042496
1105272517608042496,topic,person,1.0,label_topic_1105272517608042496
1108466788171476992,emotion,anger,1.0,label_emotion_1108466788171476992
1108466788171476992,topic,people,1.0,label_topic_1108466788171476992
1149189214303641600,emotion,anger,0.6552,label_emotion_1149189214303641600
1149189214303641600,topic,person,1.0,label_topic_1149189214303641600
1168806492346982400,emotion,neutral,0.6685,label_emotion_1168806492346982400
1168806492346982400,topic,person,1.0,label_topic_1168806492346982400
1053851785821384704,emotion,neutral,0.6709,label_emotion_1053851785821384704
1053851785821384704,topic,people,1.0,label_topic_1053851785821384704
1023091917250023424,emotion,anger,1.0,label_emotion_1023091917250023424
1023091917250023424,topic,outdoor,0.6658,label_topic_1023091917250023424
1006225114423021568,emotion,neutral,0.6728,label_emotion_1006225114423021568
1006225114423021568,topic,person,1.0,label_topic_1006225114423021568
1146255566205804544,emotion,sad,0.6636,label_emotion_1146255566205804544
1146255566205804544,topic,person,1.0,label_topic_1146255566205804544
1133597792259268608,emotion,anger,0.6603,label_emotion_1133597792259268608
1133597792259268608,topic,person,1.0,label_topic_1133597792259268608
1058940543196979200,emotion,neutral,0.6696,label_emotion_1058940543196979200
1058940543196979200,topic,person,0.6706,label_topic_1058940543196979200
1084204805423034368,emotion,neutral,1.0,label_emotion_1084204805423034368
1084204805423034368,topic,person,1.0,label_topic_1084204805423034368
1085363521883193344,emotion,joy,0.6617,label_emotion_1085363521883193344
1085363521883193344,topic,outdoor,1.0,label_topic_1085363521883193344
1176404479424471040,emotion,joy,1.0,label_emotion_1176404479424471040
1176404479424471040,topic,people,0.6708,label_topic_1176404479424471040
1174312914862411776,emotion,fear,0.6698,label_emotion_1174312914862411776
1174312914862411776,topic,people,1.0,label_topic_1174312914862411776
1032610021605056512,emotion,joy,1.0,label_emotion_1032610021605056512
1032610021605056512,topic,person,1.0,label_topic_1032610021605056512
1035989830989217792,emotion,sad,0.6584,label_emotion_1035989830989217792
1035989830989217792,topic,person,0.6822,label_topic_1035989830989217792
1133675111459774464,emotion,neutral,1.0,label_emotion_1133675111459774464
1133675111459774464,topic,car,1.0,label_topic_1133675111459774464
1158950726895394816,emotion,love,1.0,label_emotion_1158950726895394816
1158950726895394816,topic,person,0.6667,label_topic_1158950726895394816
1173457572985225216,emotion,neutral,1.0,label_emotion_1173457572985225216
1173457572985225216,topic,person,0.674,label_topic_1173457572985225216
1132085719264010240,emotion,neutral,1.0,label_emotion_1132085719264010240
1132085719264010240,topic,person,0.6623,label_topic_1132085719264010240
1053441156740681728,emotion,anger,0.6706,label_emotion_1053441156740681728
1053441156740681728,topic,person,1.0,label_topic_1053441156740681728
1154691382318178304,emotion,neutral,1.0,label_emotion_1154691382318178304
1154691382318178304,topic,indoor,1.0,label_topic_1154691382318178304
1180304109229035520,emotion,surprised,0.3401,label_emotion_1180304109229035520
1180304109229035520,topic,person,0.3401,label_topic_1180304109229035520
1046969682382794752,emotion,sad,0.6671,label_emotion_1046969682382794752
1046969682382794752,topic,people,1.0,label_topic_1046969682382794752
1052400209289940992,emotion,joy,1.0,label_emotion_1052400209289940992
1052400209289940992,topic,people,1.0,label_topic_1052400209289940992
1156459766562889728,emotion,neutral,0.6762,label_emotion_1156459766562889728
1156459766562889728,topic,person,1.0,label_topic_1156459766562889728
1171672626838544384,emotion,sad,1.0,label_emotion_1171672626838544384
1171672626838544384,topic,text,1.0,label_topic_1171672626838544384
990785422521245696,emotion,joy,0.668,label_emotion_990785422521245696
990785422521245696,topic,person,1.0,label_topic_990785422521245696
1123119034326523904,emotion,joy,1.0,label_emotion_1123119034326523904
1123119034326523904,topic,people,1.0,label_topic_1123119034326523904
1060350847097221120,emotion,surprised,0.6671,label_emotion_1060350847097221120
1060350847097221120,topic,person,1.0,label_topic_1060350847097221120
1108234260353077248,emotion,neutral,1.0,label_emotion_1108234260353077248
1108234260353077248,topic,person,1.0,label_topic_1108234260353077248
1106472773192384512,emotion,neutral,0.6531,label_emotion_1106472773192384512
1106472773192384512,topic,people,1.0,label_topic_1106472773192384512
1085445634200375296,emotion,joy,0.6753,label_emotion_1085445634200375296
1085445634200375296,topic,indoor,1.0,label_topic_1085445634200375296
987301818738839552,emotion,joy,0.66,label_emotion_987301818738839552
987301818738839552,topic,indoor,1.0,label_topic_987301818738839552
1111084851513430016,emotion,neutral,0.6662,label_emotion_1111084851513430016
1111084851513430016,topic,outdoor,1.0,label_topic_1111084851513430016
1136091225905082368,emotion,neutral,1.0,label_emotion_1136091225905082368
1136091225905082368,topic,indoor,0.667,label_topic_1136091225905082368
1163154798393061376,emotion,neutral,0.6766,label_emotion_1163154798393061376
1163154798393061376,topic,text,1.0,label_topic_1163154798393061376
1099520439597858816,emotion,neutral,0.6762,label_emotion_1099520439597858816
1099520439597858816,topic,person,1.0,label_topic_1099520439597858816
1061579724511498240,emotion,anger,0.667,label_emotion_1061579724511498240
1061579724511498240,topic,people,0.6624,label_topic_1061579724511498240
1040017863920017408,emotion,neutral,0.6727,label_emotion_1040017863920017408
1040017863920017408,topic,person,1.0,label_topic_1040017863920017408
1145850829799116800,emotion,joy,0.6725,label_emotion_1145850829799116800
1145850829799116800,topic,person,1.0,label_topic_1145850829799116800
1174190715665047552,emotion,neutral,0.6689,label_emotion_1174190715665047552
1174190715665047552,topic,indoor,0.6708,label_topic_1174190715665047552
949149610885136384,emotion,anger,0.6639,label_emotion_949149610885136384
949149610885136384,topic,people,1.0,label_topic_949149610885136384
1155963415588950016,emotion,neutral,0.6709,label_emotion_1155963415588950016
1155963415588950016,topic,person,0.6593,label_topic_1155963415588950016
1172723682289004544,emotion,joy,0.3361,label_emotion_1172723682289004544
1172723682289004544,topic,person,1.0,label_topic_1172723682289004544
1027371347221045248,emotion,anger,0.6684,label_emotion_1027371347221045248
1027371347221045248,topic,text,1.0,label_topic_1027371347221045248
1130982740506849280,emotion,joy,0.6603,label_emotion_1130982740506849280
1130982740506849280,topic,person,1.0,label_topic_1130982740506849280
1010794773910863872,emotion,anger,1.0,label_emotion_1010794773910863872
1010794773910863872,topic,person,1.0,label_topic_1010794773910863872
1119946419399172096,emotion,neutral,0.6727,label_emotion_1119946419399172096
1119946419399172096,topic,person,1.0,label_topic_1119946419399172096
1123037967817043968,emotion,neutral,1.0,label_emotion_1123037967817043968
1123037967817043968,topic,other,1.0,label_topic_1123037967817043968
1049829133251125248,emotion,anger,1.0,label_emotion_1049829133251125248
1049829133251125248,topic,person,1.0,label_topic_1049829133251125248
1079979879103168512,emotion,neutral,0.6661,label_emotion_1079979879103168512
1079979879103168512,topic,person,1.0,label_topic_1079979879103168512
1149544187516035072,emotion,neutral,0.3425,label_emotion_1149544187516035072
1149544187516035072,topic,people,0.6695,label_topic_1149544187516035072
1164406383115116544,emotion,neutral,0.3409,label_emotion_1164406383115116544
1164406383115116544,topic,cartoon,1.0,label_topic_1164406383115116544
1161011745188642816,emotion,neutral,0.3404,label_emotion_1161011745188642816
1161011745188642816,topic,person,0.6596,label_topic_1161011745188642816
1097110443434311680,emotion,neutral,1.0,label_emotion_1097110443434311680
1097110443434311680,topic,person,0.6688,label_topic_1097110443434311680
1127876297960669184,emotion,joy,1.0,label_emotion_1127876297960669184
1127876297960669184,topic,person,1.0,label_topic_1127876297960669184
1146773813787328512,emotion,joy,1.0,label_emotion_1146773813787328512
1146773813787328512,topic,activity,1.0,label_topic_1146773813787328512
1071559888842489856,emotion,neutral,0.3361,label_emotion_1071559888842489856
1071559888842489856,topic,outdoor,0.6669,label_topic_1071559888842489856
1040475260585484288,emotion,neutral,0.6651,label_emotion_1040475260585484288
1040475260585484288,topic,people,1.0,label_topic_1040475260585484288
1020541928640507905,emotion,joy,0.674,label_emotion_1020541928640507905
1020541928640507905,topic,person,1.0,label_topic_1020541928640507905
1167795973586853888,emotion,neutral,0.6656,label_emotion_1167795973586853888
1167795973586853888,topic,other,1.0,label_topic_1167795973586853888
1007133962444914688,emotion,neutral,0.6713,label_emotion_1007133962444914688
1007133962444914688,topic,people,0.6684,label_topic_1007133962444914688
1075400357594677248,emotion,joy,0.6685,label_emotion_1075400357594677248
1075400357594677248,topic,activity,1.0,label_topic_1075400357594677248
1026948475654725632,emotion,joy,0.6667,label_emotion_1026948475654725632
1026948475654725632,topic,people,1.0,label_topic_1026948475654725632
1090203245110247424,emotion,anger,1.0,label_emotion_1090203245110247424
1090203245110247424,topic,animal,1.0,label_topic_1090203245110247424
1061048387769679872,emotion,neutral,1.0,label_emotion_1061048387769679872
1061048387769679872,topic,person,1.0,label_topic_1061048387769679872
1084002306900779008,emotion,surprised,0.661,label_emotion_1084002306900779008
1084002306900779008,topic,person,1.0,label_topic_1084002306900779008
1062542981300740096,emotion,joy,0.672,label_emotion_1062542981300740096
1062542981300740096,topic,activity,1.0,label_topic_1062542981300740096
1102862880988413952,emotion,neutral,0.6728,label_emotion_1102862880988413952
1102862880988413952,topic,person,1.0,label_topic_1102862880988413952
1121226538868731904,emotion,neutral,0.3383,label_emotion_1121226538868731904
1121226538868731904,topic,text,1.0,label_topic_1121226538868731904
1058495731721728000,emotion,neutral,0.6531,label_emotion_1058495731721728000
1058495731721728000,topic,people,1.0,label_topic_1058495731721728000
1054174904356311040,emotion,joy,1.0,label_emotion_1054174904356311040
1054174904356311040,topic,people,1.0,label_topic_1054174904356311040
1137491857195315200,emotion,joy,1.0,label_emotion_1137491857195315200
1137491857195315200,topic,people,1.0,label_topic_1137491857195315200
1101859498160779264,emotion,neutral,0.6714,label_emotion_1101859498160779264
1101859498160779264,topic,text,1.0,label_topic_1101859498160779264
1149113030794485760,emotion,anger,0.6639,label_emotion_1149113030794485760
1149113030794485760,topic,person,1.0,label_topic_1149113030794485760
1056991806686478336,emotion,neutral,1.0,label_emotion_1056991806686478336
1056991806686478336,topic,person,1.0,label_topic_1056991806686478336
1017970044258377728,emotion,joy,1.0,label_emotion_1017970044258377728
1017970044258377728,topic,people,1.0,label_topic_1017970044258377728
1128846724262416384,emotion,joy,0.6724,label_emotion_1128846724262416384
1128846724262416384,topic,activity,1.0,label_topic_1128846724262416384
1076155793067458560,emotion,joy,1.0,label_emotion_1076155793067458560
1076155793067458560,topic,indoor,1.0,label_topic_1076155793067458560
1164774910267441152,emotion,surprised,0.6668,label_emotion_1164774910267441152
1164774910267441152,topic,indoor,1.0,label_topic_1164774910267441152
1008196651174727680,emotion,neutral,0.673,label_emotion_1008196651174727680
1008196651174727680,topic,text,0.3425,label_topic_1008196651174727680
1083226258218885120,emotion,surprised,0.3375,label_emotion_1083226258218885120
1083226258218885120,topic,person,1.0,label_topic_1083226258218885120
1052863263529963520,emotion,anger,0.6634,label_emotion_1052863263529963520
1052863263529963520,topic,person,1.0,label_topic_1052863263529963520
1088606388550275072,emotion,anger,0.6612,label_emotion_1088606388550275072
1088606388550275072,topic,person,1.0,label_topic_1088606388550275072
1148864800336834560,emotion,anger,1.0,label_emotion_1148864800336834560
1148864800336834560,topic,person,1.0,label_topic_1148864800336834560
1173106996371677184,emotion,neutral,0.6766,label_emotion_1173106996371677184
1173106996371677184,topic,person,1.0,label_topic_1173106996371677184
1076449821596205056,emotion,neutral,0.661,label_emotion_1076449821596205056
1076449821596205056,topic,person,1.0,label_topic_1076449821596205056
1145133476874444800,emotion,joy,1.0,label_emotion_1145133476874444800
1145133476874444800,topic,person,1.0,label_topic_1145133476874444800
1179668668150398976,emotion,neutral,0.3361,label_emotion_1179668668150398976
1179668668150398976,topic,text,1.0,label_topic_1179668668150398976
997005163342798848,emotion,surprised,1.0,label_emotion_997005163342798848
997005163342798848,topic,people,1.0,label_topic_997005163342798848
1013942839530467328,emotion,anger,1.0,label_emotion_1013942839530467328
1013942839530467328,topic,animal,1.0,label_topic_1013942839530467328
1170466885566111744,emotion,love,0.3377,label_emotion_1170466885566111744
1170466885566111744,topic,person,0.6742,label_topic_1170466885566111744
1021335174224465920,emotion,joy,1.0,label_emotion_1021335174224465920
1021335174224465920,topic,people,1.0,label_topic_1021335174224465920
1118342327396659200,emotion,anger,1.0,label_emotion_1118342327396659200
1118342327396659200,topic,people,1.0,label_topic_1118342327396659200
1006189706306084864,emotion,neutral,1.0,label_emotion_1006189706306084864
1006189706306084864,topic,people,1.0,label_topic_1006189706306084864
1087666570542600192,emotion,surprised,0.3448,label_emotion_1087666570542600192
1087666570542600192,topic,person,1.0,label_topic_1087666570542600192
1147087383884611584,emotion,anger,0.6591,label_emotion_1147087383884611584
1147087383884611584,topic,person,1.0,label_topic_1147087383884611584
1161854419499900928,emotion,joy,0.338,label_emotion_1161854419499900928
1161854419499900928,topic,person,1.0,label_topic_1161854419499900928
1117609109555183616,emotion,sad,1.0,label_emotion_1117609109555183616
1117609109555183616,topic,text,1.0,label_topic_1117609109555183616
1176770072732479488,emotion,neutral,1.0,label_emotion_1176770072732479488
1176770072732479488,topic,other,1.0,label_topic_1176770072732479488
1112180626523672576,emotion,surprised,0.6762,label_emotion_1112180626523672576
1112180626523672576,topic,person,1.0,label_topic_1112180626523672576
1150544685866143744,emotion,joy,1.0,label_emotion_1150544685866143744
1150544685866143744,topic,people,1.0,label_topic_1150544685866143744
1172707363586002944,emotion,neutral,0.6727,label_emotion_1172707363586002944
1172707363586002944,topic,person,1.0,label_topic_1172707363586002944
1050979346070077440,emotion,joy,0.6639,label_emotion_1050979346070077440
1050979346070077440,topic,activity,0.6692,label_topic_1050979346070077440
1049049912895234048,emotion,neutral,0.6637,label_emotion_1049049912895234048
1049049912895234048,topic,animal,1.0,label_topic_1049049912895234048
1053567200277450752,emotion,neutral,1.0,label_emotion_1053567200277450752
1053567200277450752,topic,indoor,1.0,label_topic_1053567200277450752
1051235021203316736,emotion,joy,0.6617,label_emotion_1051235021203316736
1051235021203316736,topic,person,1.0,label_topic_1051235021203316736
1113931305856520192,emotion,neutral,1.0,label_emotion_1113931305856520192
1113931305856520192,topic,food,0.672,label_topic_1113931305856520192
1152440031538262016,emotion,surprised,0.3469,label_emotion_1152440031538262016
1152440031538262016,topic,person,1.0,label_topic_1152440031538262016
1157191751178588160,emotion,sad,1.0,label_emotion_1157191751178588160
1157191751178588160,topic,people,1.0,label_topic_1157191751178588160
1159386710598402048,emotion,anger,0.6639,label_emotion_1159386710598402048
1159386710598402048,topic,person,1.0,label_topic_1159386710598402048
1121212235147096064,emotion,neutral,0.6617,label_emotion_1121212235147096064
1121212235147096064,topic,indoor,1.0,label_topic_1121212235147096064
1178457386067935232,emotion,anger,1.0,label_emotion_1178457386067935232
1178457386067935232,topic,people,1.0,label_topic_1178457386067935232
1027437650183081984,emotion,joy,0.6572,label_emotion_1027437650183081984
1027437650183081984,topic,animal,1.0,label_topic_1027437650183081984
1149037756371320832,emotion,sad,0.3366,label_emotion_1149037756371320832
1149037756371320832,topic,outdoor,1.0,label_topic_1149037756371320832
1069505734389223424,emotion,neutral,0.6596,label_emotion_1069505734389223424
1069505734389223424,topic,person,0.6728,label_topic_1069505734389223424
1069402134493184000,emotion,joy,0.677,label_emotion_1069402134493184000
1069402134493184000,topic,cartoon,0.677,label_topic_1069402134493184000
1161738248465584128,emotion,love,0.6617,label_emotion_1161738248465584128
1161738248465584128,topic,person,1.0,label_topic_1161738248465584128
1054332992950054912,emotion,joy,1.0,label_emotion_1054332992950054912
1054332992950054912,topic,people,1.0,label_topic_1054332992950054912
1025231522179231744,emotion,love,0.3386,label_emotion_1025231522179231744
1025231522179231744,topic,person,1.0,label_topic_1025231522179231744
965522693774626816,emotion,neutral,0.3383,label_emotion_965522693774626816
965522693774626816,topic,person,1.0,label_topic_965522693774626816
1061793757764231168,emotion,fear,1.0,label_emotion_1061793757764231168
1061793757764231168,topic,people,1.0,label_topic_1061793757764231168
1036776803483684864,emotion,anger,0.6586,label_emotion_1036776803483684864
1036776803483684864,topic,people,0.6586,label_topic_1036776803483684864
1103020491301625856,emotion,sad,0.6552,label_emotion_1103020491301625856
1103020491301625856,topic,person,1.0,label_topic_1103020491301625856
1181463329286619136,emotion,sad,0.6762,label_emotion_1181463329286619136
1181463329286619136,topic,text,1.0,label_topic_1181463329286619136
1181848305580351488,emotion,neutral,0.6706,label_emotion_1181848305580351488
1181848305580351488,topic,people,1.0,label_topic_1181848305580351488
1105231090496466944,emotion,anger,0.6728,label_emotion_1105231090496466944
1105231090496466944,topic,person,0.6728,label_topic_1105231090496466944
1173871042415198208,emotion,joy,0.6694,label_emotion_1173871042415198208
1173871042415198208,topic,activity,1.0,label_topic_1173871042415198208
1064324203748175872,emotion,love,0.6617,label_emotion_1064324203748175872
1064324203748175872,topic,text,1.0,label_topic_1064324203748175872
1138227974857265152,emotion,neutral,0.668,label_emotion_1138227974857265152
1138227974857265152,topic,person,1.0,label_topic_1138227974857265152
1155999615620157440,emotion,joy,0.6697,label_emotion_1155999615620157440
1155999615620157440,topic,people,1.0,label_topic_1155999615620157440
1139231068516737024,emotion,neutral,0.6696,label_emotion_1139231068516737024
1139231068516737024,topic,other,0.6706,label_topic_1139231068516737024
1057901075220598784,emotion,anger,1.0,label_emotion_1057901075220598784
1057901075220598784,topic,people,1.0,label_topic_1057901075220598784
1069797641048776704,emotion,neutral,0.6766,label_emotion_1069797641048776704
1069797641048776704,topic,person,0.6766,label_topic_1069797641048776704
1083946694279860224,emotion,anger,0.6695,label_emotion_1083946694279860224
1083946694279860224,topic,people,1.0,label_topic_1083946694279860224
1159223757680914432,emotion,joy,1.0,label_emotion_1159223757680914432
1159223757680914432,topic,person,1.0,label_topic_1159223757680914432
1010803384435216384,emotion,joy,0.6664,label_emotion_1010803384435216384
1010803384435216384,topic,people,0.6711,label_topic_1010803384435216384
1160900609034358784,emotion,anger,0.6635,label_emotion_1160900609034358784
1160900609034358784,topic,person,1.0,label_topic_1160900609034358784
1080644237860691968,emotion,neutral,0.6735,label_emotion_1080644237860691968
1080644237860691968,topic,indoor,1.0,label_topic_1080644237860691968
1098157924557172736,emotion,neutral,0.3383,label_emotion_1098157924557172736
1098157924557172736,topic,person,1.0,label_topic_1098157924557172736
1158959873166389248,emotion,sad,1.0,label_emotion_1158959873166389248
1158959873166389248,topic,person,1.0,label_topic_1158959873166389248
975533569261043712,emotion,neutral,0.6822,label_emotion_975533569261043712
975533569261043712,topic,indoor,0.6822,label_topic_975533569261043712
1162188993182695424,emotion,joy,1.0,label_emotion_1162188993182695424
1162188993182695424,topic,person,1.0,label_topic_1162188993182695424
1167971795727470592,emotion,joy,0.6596,label_emotion_1167971795727470592
1167971795727470592,topic,indoor,1.0,label_topic_1167971795727470592
1068090269611814912,emotion,anger,0.6667,label_emotion_1068090269611814912
1068090269611814912,topic,indoor,1.0,label_topic_1068090269611814912
1127053283874267136,emotion,anger,1.0,label_emotion_1127053283874267136
1127053283874267136,topic,people,1.0,label_topic_1127053283874267136
1144852046810681344,emotion,fear,1.0,label_emotion_1144852046810681344
1144852046810681344,topic,people,1.0,label_topic_1144852046810681344
1036391385047134208,emotion,joy,1.0,label_emotion_1036391385047134208
1036391385047134208,topic,indoor,1.0,label_topic_1036391385047134208
1169688255890186240,emotion,anger,0.6531,label_emotion_1169688255890186240
1169688255890186240,topic,people,1.0,label_topic_1169688255890186240
999836029462667264,emotion,joy,0.6707,label_emotion_999836029462667264
999836029462667264,topic,person,1.0,label_topic_999836029462667264
1104202583716896768,emotion,neutral,0.666,label_emotion_1104202583716896768
1104202583716896768,topic,other,0.666,label_topic_1104202583716896768
1151438803857186816,emotion,sad,0.3405,label_emotion_1151438803857186816
1151438803857186816,topic,person,1.0,label_topic_1151438803857186816
1058237395197440000,emotion,joy,0.6599,label_emotion_1058237395197440000
1058237395197440000,topic,outdoor,1.0,label_topic_1058237395197440000
1152035731439788032,emotion,anger,0.6736,label_emotion_1152035731439788032
1152035731439788032,topic,people,1.0,label_topic_1152035731439788032
987882919152558080,emotion,anger,1.0,label_emotion_987882919152558080
987882919152558080,topic,people,1.0,label_topic_987882919152558080
1162671506677997568,emotion,neutral,0.3435,label_emotion_1162671506677997568
1162671506677997568,topic,person,0.6766,label_topic_1162671506677997568
1020511330580787200,emotion,sad,0.6595,label_emotion_1020511330580787200
1020511330580787200,topic,person,1.0,label_topic_1020511330580787200
994090244574011392,emotion,joy,0.6696,label_emotion_994090244574011392
994090244574011392,topic,other,0.6718,label_topic_994090244574011392
1053817084393508864,emotion,fear,1.0,label_emotion_1053817084393508864
1053817084393508864,topic,people,1.0,label_topic_1053817084393508864
1017316387020218368,emotion,neutral,0.6709,label_emotion_1017316387020218368
1017316387020218368,topic,person,1.0,label_topic_1017316387020218368
1073365057221664768,emotion,anger,1.0,label_emotion_1073365057221664768
1073365057221664768,topic,person,0.6661,label_topic_1073365057221664768
1081347031362084864,emotion,neutral,0.6595,label_emotion_1081347031362084864
1081347031362084864,topic,people,0.6671,label_topic_1081347031362084864
1175171847919206400,emotion,neutral,1.0,label_emotion_1175171847919206400
1175171847919206400,topic,outdoor,1.0,label_topic_1175171847919206400
1086543779877523456,emotion,neutral,0.6766,label_emotion_1086543779877523456
1086543779877523456,topic,person,1.0,label_topic_1086543779877523456
1053834433943183360,emotion,anger,0.6531,label_emotion_1053834433943183360
1053834433943183360,topic,activity,1.0,label_topic_1053834433943183360
1089386242933927936,emotion,surprised,0.6612,label_emotion_1089386242933927936
1089386242933927936,topic,people,1.0,label_topic_1089386242933927936
1056396634285637632,emotion,neutral,1.0,label_emotion_1056396634285637632
1056396634285637632,topic,indoor,1.0,label_topic_1056396634285637632
1126668932112158720,emotion,neutral,0.6746,label_emotion_1126668932112158720
1126668932112158720,topic,person,1.0,label_topic_1126668932112158720
943257274946842624,emotion,surprised,1.0,label_emotion_943257274946842624
943257274946842624,topic,people,1.0,label_topic_943257274946842624
1033243846865473536,emotion,neutral,0.6806,label_emotion_1033243846865473536
1033243846865473536,topic,activity,1.0,label_topic_1033243846865473536
1108883196646739968,emotion,joy,0.6594,label_emotion_1108883196646739968
1108883196646739968,topic,activity,1.0,label_topic_1108883196646739968
1092907872842665984,emotion,neutral,1.0,label_emotion_1092907872842665984
1092907872842665984,topic,person,1.0,label_topic_1092907872842665984
1141143060303282176,emotion,love,0.6617,label_emotion_1141143060303282176
1141143060303282176,topic,person,1.0,label_topic_1141143060303282176
1095896759818952704,emotion,neutral,0.6678,label_emotion_1095896759818952704
1095896759818952704,topic,people,0.6552,label_topic_1095896759818952704
1149178946789986304,emotion,sad,0.6709,label_emotion_1149178946789986304
1149178946789986304,topic,people,0.6698,label_topic_1149178946789986304
1176245201720033280,emotion,neutral,0.673,label_emotion_1176245201720033280
1176245201720033280,topic,cartoon,1.0,label_topic_1176245201720033280
1174956015058567168,emotion,neutral,0.6595,label_emotion_1174956015058567168
1174956015058567168,topic,person,1.0,label_topic_1174956015058567168
1161944831988289536,emotion,neutral,1.0,label_emotion_1161944831988289536
1161944831988289536,topic,other,0.339,label_topic_1161944831988289536
1134574208522035200,emotion,neutral,1.0,label_emotion_1134574208522035200
1134574208522035200,topic,other,1.0,label_topic_1134574208522035200
1135661876378783744,emotion,sad,0.6596,label_emotion_1135661876378783744
1135661876378783744,topic,text,0.6596,label_topic_1135661876378783744
1109985167533064192,emotion,joy,0.6728,label_emotion_1109985167533064192
1109985167533064192,topic,person,1.0,label_topic_1109985167533064192
1177099043068051456,emotion,neutral,0.6655,label_emotion_1177099043068051456
1177099043068051456,topic,car,1.0,label_topic_1177099043068051456
1071569348935725056,emotion,neutral,0.6679,label_emotion_1071569348935725056
1071569348935725056,topic,outdoor,1.0,label_topic_1071569348935725056
1151375296252272640,emotion,fear,0.6531,label_emotion_1151375296252272640
1151375296252272640,topic,people,1.0,label_topic_1151375296252272640
1178447414039130112,emotion,love,0.6649,label_emotion_1178447414039130112
1178447414039130112,topic,people,1.0,label_topic_1178447414039130112
1031714823689437184,emotion,neutral,0.3407,label_emotion_1031714823689437184
1031714823689437184,topic,person,0.6593,label_topic_1031714823689437184
1066305683928035328,emotion,neutral,0.6709,label_emotion_1066305683928035328
1066305683928035328,topic,person,1.0,label_topic_1066305683928035328
1116566662003810304,emotion,anger,0.6656,label_emotion_1116566662003810304
1116566662003810304,topic,person,1.0,label_topic_1116566662003810304
1097549752872361984,emotion,neutral,0.6696,label_emotion_1097549752872361984
1097549752872361984,topic,text,1.0,label_topic_1097549752872361984
1150732310153666560,emotion,anger,0.668,label_emotion_1150732310153666560
1150732310153666560,topic,text,1.0,label_topic_1150732310153666560
1159001002570125312,emotion,surprised,0.6705,label_emotion_1159001002570125312
1159001002570125312,topic,person,1.0,label_topic_1159001002570125312
1059992032464228352,emotion,surprised,1.0,label_emotion_1059992032464228352
1059992032464228352,topic,people,1.0,label_topic_1059992032464228352
1108531547583512576,emotion,neutral,0.3405,label_emotion_1108531547583512576
1108531547583512576,topic,person,1.0,label_topic_1108531547583512576
1108563930927824896,emotion,neutral,1.0,label_emotion_1108563930927824896
1108563930927824896,topic,other,0.6594,label_topic_1108563930927824896
1147038872589438976,emotion,anger,0.6638,label_emotion_1147038872589438976
1147038872589438976,topic,person,1.0,label_topic_1147038872589438976
1048311727059861504,emotion,neutral,1.0,label_emotion_1048311727059861504
1048311727059861504,topic,people,1.0,label_topic_1048311727059861504
1104632605485494272,emotion,joy,1.0,label_emotion_1104632605485494272
1104632605485494272,topic,people,1.0,label_topic_1104632605485494272
1113743456934793216,emotion,neutral,0.6634,label_emotion_1113743456934793216
1113743456934793216,topic,text,1.0,label_topic_1113743456934793216
1163434661226446848,emotion,anger,1.0,label_emotion_1163434661226446848
1163434661226446848,topic,text,0.6703,label_topic_1163434661226446848
1162995993596370944,emotion,anger,0.6695,label_emotion_1162995993596370944
1162995993596370944,topic,person,1.0,label_topic_1162995993596370944
1173344250096697344,emotion,neutral,1.0,label_emotion_1173344250096697344
1173344250096697344,topic,person,1.0,label_topic_1173344250096697344
1080677149976965120,emotion,neutral,0.6696,label_emotion_1080677149976965120
1080677149976965120,topic,person,1.0,label_topic_1080677149976965120
1091781715627802624,emotion,anger,0.3414,label_emotion_1091781715627802624
1091781715627802624,topic,person,0.6586,label_topic_1091781715627802624
1144094099423514624,emotion,neutral,0.6696,label_emotion_1144094099423514624
1144094099423514624,topic,text,1.0,label_topic_1144094099423514624
1111796155240882176,emotion,sad,1.0,label_emotion_1111796155240882176
1111796155240882176,topic,person,1.0,label_topic_1111796155240882176
1110277591434170368,emotion,neutral,0.677,label_emotion_1110277591434170368
1110277591434170368,topic,person,1.0,label_topic_1110277591434170368
1090353709025779712,emotion,anger,1.0,label_emotion_1090353709025779712
1090353709025779712,topic,people,1.0,label_topic_1090353709025779712
1058889058803146752,emotion,sad,0.34,label_emotion_1058889058803146752
1058889058803146752,topic,person,1.0,label_topic_1058889058803146752
999039695801720832,emotion,joy,1.0,label_emotion_999039695801720832
999039695801720832,topic,people,1.0,label_topic_999039695801720832
934329487129214976,emotion,neutral,1.0,label_emotion_934329487129214976
934329487129214976,topic,indoor,1.0,label_topic_934329487129214976
1106772584131141632,emotion,anger,0.6669,label_emotion_1106772584131141632
1106772584131141632,topic,person,1.0,label_topic_1106772584131141632
1026296025050148864,emotion,anger,1.0,label_emotion_1026296025050148864
1026296025050148864,topic,person,1.0,label_topic_1026296025050148864
1086708000095629312,emotion,anger,1.0,label_emotion_1086708000095629312
1086708000095629312,topic,people,0.665,label_topic_1086708000095629312
1071192384462815232,emotion,fear,0.3469,label_emotion_1071192384462815232
1071192384462815232,topic,people,1.0,label_topic_1071192384462815232
944713893912158208,emotion,joy,0.6714,label_emotion_944713893912158208
944713893912158208,topic,person,1.0,label_topic_944713893912158208
1181186912598253568,emotion,neutral,0.34,label_emotion_1181186912598253568
1181186912598253568,topic,person,1.0,label_topic_1181186912598253568
1140906491818233856,emotion,anger,1.0,label_emotion_1140906491818233856
1140906491818233856,topic,person,1.0,label_topic_1140906491818233856
1153877774747004928,emotion,joy,0.3366,label_emotion_1153877774747004928
1153877774747004928,topic,person,1.0,label_topic_1153877774747004928
1131106768244871168,emotion,anger,0.6559,label_emotion_1131106768244871168
1131106768244871168,topic,text,0.6747,label_topic_1131106768244871168
1063569089739534336,emotion,fear,1.0,label_emotion_1063569089739534336
1063569089739534336,topic,person,1.0,label_topic_1063569089739534336
1118818378325385216,emotion,joy,1.0,label_emotion_1118818378325385216
1118818378325385216,topic,people,0.6708,label_topic_1118818378325385216
1147079459804004352,emotion,anger,0.6656,label_emotion_1147079459804004352
1147079459804004352,topic,people,1.0,label_topic_1147079459804004352
1083200941169266688,emotion,neutral,0.3383,label_emotion_1083200941169266688
1083200941169266688,topic,person,1.0,label_topic_1083200941169266688
1048237592963330048,emotion,neutral,1.0,label_emotion_1048237592963330048
1048237592963330048,topic,person,1.0,label_topic_1048237592963330048
1070034127660666880,emotion,sad,0.6522,label_emotion_1070034127660666880
1070034127660666880,topic,cartoon,1.0,label_topic_1070034127660666880
1175534682763677696,emotion,neutral,0.6655,label_emotion_1175534682763677696
1175534682763677696,topic,cartoon,1.0,label_topic_1175534682763677696
1150286134589440000,emotion,neutral,1.0,label_emotion_1150286134589440000
1150286134589440000,topic,person,1.0,label_topic_1150286134589440000
1177141283874082816,emotion,anger,1.0,label_emotion_1177141283874082816
1177141283874082816,topic,person,1.0,label_topic_1177141283874082816
1173882968301883392,emotion,joy,0.6691,label_emotion_1173882968301883392
1173882968301883392,topic,person,0.6691,label_topic_1173882968301883392
1106623252002156544,emotion,joy,0.6565,label_emotion_1106623252002156544
1106623252002156544,topic,activity,1.0,label_topic_1106623252002156544
1100569866882150400,emotion,joy,1.0,label_emotion_1100569866882150400
1100569866882150400,topic,people,1.0,label_topic_1100569866882150400
1115833711724789760,emotion,joy,0.6987,label_emotion_1115833711724789760
1115833711724789760,topic,person,1.0,label_topic_1115833711724789760
1165888095896649728,emotion,anger,1.0,label_emotion_1165888095896649728
1165888095896649728,topic,indoor,1.0,label_topic_1165888095896649728
1111742426588270592,emotion,neutral,0.6705,label_emotion_1111742426588270592
1111742426588270592,topic,text,1.0,label_topic_1111742426588270592
1104496862079217664,emotion,neutral,1.0,label_emotion_1104496862079217664
1104496862079217664,topic,person,1.0,label_topic_1104496862079217664
1150571393902436352,emotion,joy,0.6669,label_emotion_1150571393902436352
1150571393902436352,topic,people,1.0,label_topic_1150571393902436352
1140761601281069056,emotion,joy,1.0,label_emotion_1140761601281069056
1140761601281069056,topic,person,1.0,label_topic_1140761601281069056
1154631183800373248,emotion,anger,0.6649,label_emotion_1154631183800373248
1154631183800373248,topic,people,1.0,label_topic_1154631183800373248
1106382301555765248,emotion,anger,0.6611,label_emotion_1106382301555765248
1106382301555765248,topic,person,1.0,label_topic_1106382301555765248
1110456407771295744,emotion,anger,0.6728,label_emotion_1110456407771295744
1110456407771295744,topic,people,1.0,label_topic_1110456407771295744
1168612975406645248,emotion,joy,0.6703,label_emotion_1168612975406645248
1168612975406645248,topic,activity,1.0,label_topic_1168612975406645248
1044444091183788032,emotion,anger,1.0,label_emotion_1044444091183788032
1044444091183788032,topic,people,1.0,label_topic_1044444091183788032
1095736849378570240,emotion,neutral,0.6696,label_emotion_1095736849378570240
1095736849378570240,topic,person,0.6696,label_topic_1095736849378570240
1147214053744226304,emotion,neutral,1.0,label_emotion_1147214053744226304
1147214053744226304,topic,other,1.0,label_topic_1147214053744226304
1173871317838430208,emotion,anger,1.0,label_emotion_1173871317838430208
1173871317838430208,topic,activity,1.0,label_topic_1173871317838430208
1075209954887151616,emotion,surprised,1.0,label_emotion_1075209954887151616
1075209954887151616,topic,person,0.6696,label_topic_1075209954887151616
1094413297685540864,emotion,love,0.348,label_emotion_1094413297685540864
1094413297685540864,topic,person,1.0,label_topic_1094413297685540864
1153121937149644800,emotion,love,0.6619,label_emotion_1153121937149644800
1153121937149644800,topic,activity,1.0,label_topic_1153121937149644800
1172703605590056960,emotion,sad,1.0,label_emotion_1172703605590056960
1172703605590056960,topic,text,1.0,label_topic_1172703605590056960
1014047599634104320,emotion,neutral,0.335,label_emotion_1014047599634104320
1014047599634104320,topic,person,1.0,label_topic_1014047599634104320
1116860854491869184,emotion,anger,0.3343,label_emotion_1116860854491869184
1116860854491869184,topic,person,1.0,label_topic_1116860854491869184
985793023009226752,emotion,sad,0.3414,label_emotion_985793023009226752
985793023009226752,topic,indoor,0.6696,label_topic_985793023009226752
1082666054314094592,emotion,neutral,1.0,label_emotion_1082666054314094592
1082666054314094592,topic,people,1.0,label_topic_1082666054314094592
1122916449963679744,emotion,surprised,1.0,label_emotion_1122916449963679744
1122916449963679744,topic,people,1.0,label_topic_1122916449963679744
1071611451216748544,emotion,neutral,1.0,label_emotion_1071611451216748544
1071611451216748544,topic,outdoor,1.0,label_topic_1071611451216748544
1088244090421846016,emotion,fear,0.3396,label_emotion_1088244090421846016
1088244090421846016,topic,person,0.6713,label_topic_1088244090421846016
1058275301689892864,emotion,love,0.6698,label_emotion_1058275301689892864
1058275301689892864,topic,person,1.0,label_topic_1058275301689892864
1173698181440397312,emotion,joy,0.3361,label_emotion_1173698181440397312
1173698181440397312,topic,person,1.0,label_topic_1173698181440397312
1151417953988849664,emotion,joy,1.0,label_emotion_1151417953988849664
1151417953988849664,topic,person,1.0,label_topic_1151417953988849664
1058975819718160384,emotion,love,0.3388,label_emotion_1058975819718160384
1058975819718160384,topic,person,1.0,label_topic_1058975819718160384
1089592394258735104,emotion,neutral,0.3366,label_emotion_1089592394258735104
1089592394258735104,topic,indoor,1.0,label_topic_1089592394258735104
1168389164421763072,emotion,joy,0.6706,label_emotion_1168389164421763072
1168389164421763072,topic,indoor,1.0,label_topic_1168389164421763072
1130232332545142784,emotion,sad,1.0,label_emotion_1130232332545142784
1130232332545142784,topic,text,0.6628,label_topic_1130232332545142784
1093363423410003968,emotion,neutral,0.6691,label_emotion_1093363423410003968
1093363423410003968,topic,person,1.0,label_topic_1093363423410003968
1062801916175974400,emotion,neutral,0.6618,label_emotion_1062801916175974400
1062801916175974400,topic,other,0.6522,label_topic_1062801916175974400
1147338356309544960,emotion,surprised,0.6686,label_emotion_1147338356309544960
1147338356309544960,topic,person,0.3343,label_topic_1147338356309544960
1084987505293619200,emotion,neutral,1.0,label_emotion_1084987505293619200
1084987505293619200,topic,person,1.0,label_topic_1084987505293619200
1047619465950736384,emotion,surprised,1.0,label_emotion_1047619465950736384
1047619465950736384,topic,outdoor,0.6672,label_topic_1047619465950736384
1177781116413820928,emotion,anger,0.6689,label_emotion_1177781116413820928
1177781116413820928,topic,people,1.0,label_topic_1177781116413820928
1132177012702806016,emotion,neutral,0.3425,label_emotion_1132177012702806016
1132177012702806016,topic,person,1.0,label_topic_1132177012702806016
1099890043511795712,emotion,anger,0.6649,label_emotion_1099890043511795712
1099890043511795712,topic,person,1.0,label_topic_1099890043511795712
1105583807069085696,emotion,joy,0.6806,label_emotion_1105583807069085696
1105583807069085696,topic,people,1.0,label_topic_1105583807069085696
1124059566955757568,emotion,neutral,0.6727,label_emotion_1124059566955757568
1124059566955757568,topic,person,1.0,label_topic_1124059566955757568
1173054632894054400,emotion,neutral,0.6708,label_emotion_1173054632894054400
1173054632894054400,topic,other,0.3397,label_topic_1173054632894054400
1149108835580022784,emotion,fear,0.3367,label_emotion_1149108835580022784
1149108835580022784,topic,people,1.0,label_topic_1149108835580022784
1009254563917803520,emotion,surprised,0.6655,label_emotion_1009254563917803520
1009254563917803520,topic,indoor,1.0,label_topic_1009254563917803520
1110995018279436288,emotion,surprised,0.672,label_emotion_1110995018279436288
1110995018279436288,topic,people,1.0,label_topic_1110995018279436288
1139484244960555008,emotion,anger,0.6687,label_emotion_1139484244960555008
1139484244960555008,topic,text,1.0,label_topic_1139484244960555008
1014455979091656704,emotion,anger,1.0,label_emotion_1014455979091656704
1014455979091656704,topic,person,1.0,label_topic_1014455979091656704
1041575393192218624,emotion,anger,1.0,label_emotion_1041575393192218624
1041575393192218624,topic,people,1.0,label_topic_1041575393192218624
1062857673374101504,emotion,sad,0.6639,label_emotion_1062857673374101504
1062857673374101504,topic,people,1.0,label_topic_1062857673374101504
1106404139707133952,emotion,anger,0.6687,label_emotion_1106404139707133952
1106404139707133952,topic,person,1.0,label_topic_1106404139707133952
982975898804736000,emotion,joy,1.0,label_emotion_982975898804736000
982975898804736000,topic,people,1.0,label_topic_982975898804736000
1037547364719775744,emotion,surprised,0.6611,label_emotion_1037547364719775744
1037547364719775744,topic,person,1.0,label_topic_1037547364719775744
1053874949846663168,emotion,neutral,0.6728,label_emotion_1053874949846663168
1053874949846663168,topic,person,0.6655,label_topic_1053874949846663168
1097680912839221248,emotion,anger,1.0,label_emotion_1097680912839221248
1097680912839221248,topic,person,1.0,label_topic_1097680912839221248
1053509458280050688,emotion,anger,1.0,label_emotion_1053509458280050688
1053509458280050688,topic,person,1.0,label_topic_1053509458280050688
1118654490065932288,emotion,anger,1.0,label_emotion_1118654490065932288
1118654490065932288,topic,person,1.0,label_topic_1118654490065932288
1166131397384433664,emotion,joy,1.0,label_emotion_1166131397384433664
1166131397384433664,topic,person,1.0,label_topic_1166131397384433664
1059574871014674432,emotion,joy,0.3448,label_emotion_1059574871014674432
1059574871014674432,topic,person,1.0,label_topic_1059574871014674432
1170465736184012800,emotion,anger,0.3355,label_emotion_1170465736184012800
1170465736184012800,topic,people,1.0,label_topic_1170465736184012800
1020817084546215936,emotion,anger,1.0,label_emotion_1020817084546215936
1020817084546215936,topic,people,1.0,label_topic_1020817084546215936
1157935387629731840,emotion,neutral,1.0,label_emotion_1157935387629731840
1157935387629731840,topic,other,1.0,label_topic_1157935387629731840
1169427455535419392,emotion,neutral,1.0,label_emotion_1169427455535419392
1169427455535419392,topic,other,1.0,label_topic_1169427455535419392
1106782634031673344,emotion,joy,1.0,label_emotion_1106782634031673344
1106782634031673344,topic,indoor,1.0,label_topic_1106782634031673344
1030470596695359488,emotion,joy,0.6714,label_emotion_1030470596695359488
1030470596695359488,topic,people,1.0,label_topic_1030470596695359488
1054210825700741120,emotion,joy,1.0,label_emotion_1054210825700741120
1054210825700741120,topic,person,1.0,label_topic_1054210825700741120
1156414078580133888,emotion,joy,0.677,label_emotion_1156414078580133888
1156414078580133888,topic,person,1.0,label_topic_1156414078580133888
1056707580472258560,emotion,neutral,0.6692,label_emotion_1056707580472258560
1056707580472258560,topic,person,1.0,label_topic_1056707580472258560
1027003324282654720,emotion,love,0.6617,label_emotion_1027003324282654720
1027003324282654720,topic,text,1.0,label_topic_1027003324282654720
934257439124123648,emotion,joy,0.6696,label_emotion_934257439124123648
934257439124123648,topic,person,0.6696,label_topic_934257439124123648
1178132993827835904,emotion,neutral,0.662,label_emotion_1178132993827835904
1178132993827835904,topic,text,0.6694,label_topic_1178132993827835904
1051123149653118976,emotion,neutral,0.6727,label_emotion_1051123149653118976
1051123149653118976,topic,person,1.0,label_topic_1051123149653118976
1174223732999438336,emotion,joy,0.6663,label_emotion_1174223732999438336
1174223732999438336,topic,people,1.0,label_topic_1174223732999438336
1052149019687985152,emotion,joy,0.338,label_emotion_1052149019687985152
1052149019687985152,topic,person,0.6694,label_topic_1052149019687985152
1054929697353457664,emotion,joy,1.0,label_emotion_1054929697353457664
1054929697353457664,topic,person,1.0,label_topic_1054929697353457664
1045487837144907776,emotion,neutral,0.6591,label_emotion_1045487837144907776
1045487837144907776,topic,text,1.0,label_topic_1045487837144907776
1044413228903788544,emotion,surprised,0.6668,label_emotion_1044413228903788544
1044413228903788544,topic,person,0.3405,label_topic_1044413228903788544
1154395340687204352,emotion,love,0.6696,label_emotion_1154395340687204352
1154395340687204352,topic,person,1.0,label_topic_1154395340687204352
1008397706999549952,emotion,sad,0.6728,label_emotion_1008397706999549952
1008397706999549952,topic,text,1.0,label_topic_1008397706999549952
1057758328068952064,emotion,joy,0.652,label_emotion_1057758328068952064
1057758328068952064,topic,people,1.0,label_topic_1057758328068952064
1021311568061095936,emotion,surprised,0.3367,label_emotion_1021311568061095936
1021311568061095936,topic,person,1.0,label_topic_1021311568061095936
1107179072607424512,emotion,joy,0.6656,label_emotion_1107179072607424512
1107179072607424512,topic,people,1.0,label_topic_1107179072607424512
998151007915950080,emotion,joy,0.6549,label_emotion_998151007915950080
998151007915950080,topic,person,1.0,label_topic_998151007915950080
951264650761265152,emotion,anger,0.6599,label_emotion_951264650761265152
951264650761265152,topic,person,1.0,label_topic_951264650761265152
1124903865352151040,emotion,neutral,0.6727,label_emotion_1124903865352151040
1124903865352151040,topic,people,1.0,label_topic_1124903865352151040
1161834111133155329,emotion,anger,0.6656,label_emotion_1161834111133155329
1161834111133155329,topic,person,1.0,label_topic_1161834111133155329
1107604460659785728,emotion,anger,0.6611,label_emotion_1107604460659785728
1107604460659785728,topic,person,1.0,label_topic_1107604460659785728
1165764066229542912,emotion,neutral,1.0,label_emotion_1165764066229542912
1165764066229542912,topic,person,0.6707,label_topic_1165764066229542912
1088167410106023936,emotion,surprised,0.6636,label_emotion_1088167410106023936
1088167410106023936,topic,outdoor,1.0,label_topic_1088167410106023936
1028080834764255232,emotion,neutral,0.6713,label_emotion_1028080834764255232
1028080834764255232,topic,person,1.0,label_topic_1028080834764255232
1169509008340873216,emotion,fear,0.6669,label_emotion_1169509008340873216
1169509008340873216,topic,people,1.0,label_topic_1169509008340873216
1125144559953797120,emotion,anger,1.0,label_emotion_1125144559953797120
1125144559953797120,topic,people,1.0,label_topic_1125144559953797120
1100966706026872832,emotion,neutral,1.0,label_emotion_1100966706026872832
1100966706026872832,topic,other,1.0,label_topic_1100966706026872832
1111633371961946112,emotion,fear,0.3469,label_emotion_1111633371961946112
1111633371961946112,topic,text,0.672,label_topic_1111633371961946112
1144357237079343104,emotion,anger,0.6645,label_emotion_1144357237079343104
1144357237079343104,topic,people,1.0,label_topic_1144357237079343104
1140939557404024832,emotion,anger,0.6604,label_emotion_1140939557404024832
1140939557404024832,topic,person,1.0,label_topic_1140939557404024832
1065464392118067200,emotion,joy,0.3361,label_emotion_1065464392118067200
1065464392118067200,topic,person,0.6639,label_topic_1065464392118067200
1173117061120327680,emotion,surprised,1.0,label_emotion_1173117061120327680
1173117061120327680,topic,people,1.0,label_topic_1173117061120327680
1117635700914032640,emotion,neutral,0.6735,label_emotion_1117635700914032640
1117635700914032640,topic,person,1.0,label_topic_1117635700914032640
990100922606993408,emotion,neutral,0.6591,label_emotion_990100922606993408
990100922606993408,topic,person,1.0,label_topic_990100922606993408
1056441342043242496,emotion,neutral,0.6655,label_emotion_1056441342043242496
1056441342043242496,topic,other,0.6655,label_topic_1056441342043242496
1131786600502677504,emotion,joy,1.0,label_emotion_1131786600502677504
1131786600502677504,topic,activity,1.0,label_topic_1131786600502677504
1163260773993480192,emotion,neutral,0.6669,label_emotion_1163260773993480192
1163260773993480192,topic,person,1.0,label_topic_1163260773993480192
1169358143893966848,emotion,surprised,0.3469,label_emotion_1169358143893966848
1169358143893966848,topic,people,1.0,label_topic_1169358143893966848
1119062733426712576,emotion,anger,1.0,label_emotion_1119062733426712576
1119062733426712576,topic,person,1.0,label_topic_1119062733426712576
1134750388717752320,emotion,anger,1.0,label_emotion_1134750388717752320
1134750388717752320,topic,people,1.0,label_topic_1134750388717752320
1104586493953241088,emotion,joy,1.0,label_emotion_1104586493953241088
1104586493953241088,topic,person,1.0,label_topic_1104586493953241088
1088397668046319616,emotion,joy,0.6617,label_emotion_1088397668046319616
1088397668046319616,topic,person,1.0,label_topic_1088397668046319616
1178583926424612864,emotion,joy,0.6709,label_emotion_1178583926424612864
1178583926424612864,topic,person,1.0,label_topic_1178583926424612864
1149078962279211008,emotion,fear,0.3372,label_emotion_1149078962279211008
1149078962279211008,topic,people,1.0,label_topic_1149078962279211008
1004191380798881792,emotion,anger,0.6669,label_emotion_1004191380798881792
1004191380798881792,topic,person,1.0,label_topic_1004191380798881792
1055376321662377984,emotion,joy,0.6637,label_emotion_1055376321662377984
1055376321662377984,topic,person,0.6735,label_topic_1055376321662377984
1123525409330565120,emotion,neutral,0.6639,label_emotion_1123525409330565120
1123525409330565120,topic,people,1.0,label_topic_1123525409330565120
1161096355180343296,emotion,anger,0.6669,label_emotion_1161096355180343296
1161096355180343296,topic,people,1.0,label_topic_1161096355180343296
1159559695544299520,emotion,sad,0.3388,label_emotion_1159559695544299520
1159559695544299520,topic,text,1.0,label_topic_1159559695544299520
1149143832555147264,emotion,joy,1.0,label_emotion_1149143832555147264
1149143832555147264,topic,people,1.0,label_topic_1149143832555147264
1097639562659913728,emotion,anger,0.6748,label_emotion_1097639562659913728
1097639562659913728,topic,people,1.0,label_topic_1097639562659913728
1172495009132781568,emotion,neutral,1.0,label_emotion_1172495009132781568
1172495009132781568,topic,other,1.0,label_topic_1172495009132781568
1169494844386037760,emotion,joy,0.6708,label_emotion_1169494844386037760
1169494844386037760,topic,person,1.0,label_topic_1169494844386037760
1164065840933773312,emotion,neutral,1.0,label_emotion_1164065840933773312
1164065840933773312,topic,indoor,1.0,label_topic_1164065840933773312
1137537063202222080,emotion,anger,1.0,label_emotion_1137537063202222080
1137537063202222080,topic,person,1.0,label_topic_1137537063202222080
1109879618258792448,emotion,joy,1.0,label_emotion_1109879618258792448
1109879618258792448,topic,people,1.0,label_topic_1109879618258792448
1105729411736543232,emotion,joy,0.672,label_emotion_1105729411736543232
1105729411736543232,topic,people,1.0,label_topic_1105729411736543232
1173764731941654528,emotion,sad,0.677,label_emotion_1173764731941654528
1173764731941654528,topic,text,0.6552,label_topic_1173764731941654528
1123093323410776064,emotion,neutral,0.34,label_emotion_1123093323410776064
1123093323410776064,topic,outdoor,1.0,label_topic_1123093323410776064
1162580603787464704,emotion,neutral,0.6657,label_emotion_1162580603787464704
1162580603787464704,topic,text,0.664,label_topic_1162580603787464704
1152048842963853312,emotion,anger,0.6639,label_emotion_1152048842963853312
1152048842963853312,topic,person,0.6639,label_topic_1152048842963853312
1027733396387975168,emotion,neutral,1.0,label_emotion_1027733396387975168
1027733396387975168,topic,indoor,1.0,label_topic_1027733396387975168
1050549294417457152,emotion,anger,0.3383,label_emotion_1050549294417457152
1050549294417457152,topic,activity,1.0,label_topic_1050549294417457152
1047231749924728832,emotion,joy,0.6822,label_emotion_1047231749924728832
1047231749924728832,topic,people,1.0,label_topic_1047231749924728832
1017348591884328960,emotion,anger,1.0,label_emotion_1017348591884328960
1017348591884328960,topic,indoor,1.0,label_topic_1017348591884328960
1176409811588722689,emotion,neutral,1.0,label_emotion_1176409811588722689
1176409811588722689,topic,other,0.6639,label_topic_1176409811588722689
1165783210110701568,emotion,neutral,1.0,label_emotion_1165783210110701568
1165783210110701568,topic,people,1.0,label_topic_1165783210110701568
1123816384208752640,emotion,anger,0.6604,label_emotion_1123816384208752640
1123816384208752640,topic,people,1.0,label_topic_1123816384208752640
1168320669927215104,emotion,love,0.6698,label_emotion_1168320669927215104
1168320669927215104,topic,people,1.0,label_topic_1168320669927215104
1173883918076841984,emotion,neutral,0.662,label_emotion_1173883918076841984
1173883918076841984,topic,activity,1.0,label_topic_1173883918076841984
1136438550527709184,emotion,neutral,0.6706,label_emotion_1136438550527709184
1136438550527709184,topic,person,1.0,label_topic_1136438550527709184
1169158296855359488,emotion,anger,1.0,label_emotion_1169158296855359488
1169158296855359488,topic,people,1.0,label_topic_1169158296855359488
1101188683316801536,emotion,surprised,1.0,label_emotion_1101188683316801536
1101188683316801536,topic,people,1.0,label_topic_1101188683316801536
1093012547432751104,emotion,neutral,1.0,label_emotion_1093012547432751104
1093012547432751104,topic,person,1.0,label_topic_1093012547432751104
1147331269718618112,emotion,neutral,0.6649,label_emotion_1147331269718618112
1147331269718618112,topic,outdoor,1.0,label_topic_1147331269718618112
1152805998260617216,emotion,neutral,1.0,label_emotion_1152805998260617216
1152805998260617216,topic,text,1.0,label_topic_1152805998260617216
989014494384701440,emotion,surprised,0.6676,label_emotion_989014494384701440
989014494384701440,topic,people,0.6596,label_topic_989014494384701440
1051368830045483008,emotion,neutral,1.0,label_emotion_1051368830045483008
1051368830045483008,topic,person,0.6617,label_topic_1051368830045483008
1112967397087817728,emotion,fear,0.6723,label_emotion_1112967397087817728
1112967397087817728,topic,people,1.0,label_topic_1112967397087817728
1078300657657741312,emotion,neutral,1.0,label_emotion_1078300657657741312
1078300657657741312,topic,people,1.0,label_topic_1078300657657741312
1098494225022345216,emotion,neutral,1.0,label_emotion_1098494225022345216
1098494225022345216,topic,person,0.3392,label_topic_1098494225022345216
1172059693724884992,emotion,joy,1.0,label_emotion_1172059693724884992
1172059693724884992,topic,outdoor,0.6728,label_topic_1172059693724884992
1107650590911172608,emotion,sad,0.348,label_emotion_1107650590911172608
1107650590911172608,topic,person,1.0,label_topic_1107650590911172608
1155434003936194560,emotion,neutral,1.0,label_emotion_1155434003936194560
1155434003936194560,topic,people,0.6565,label_topic_1155434003936194560
1145994207522361344,emotion,joy,1.0,label_emotion_1145994207522361344
1145994207522361344,topic,activity,1.0,label_topic_1145994207522361344
1058279271862329344,emotion,love,0.3372,label_emotion_1058279271862329344
1058279271862329344,topic,person,1.0,label_topic_1058279271862329344
1110341511658287104,emotion,anger,1.0,label_emotion_1110341511658287104
1110341511658287104,topic,person,1.0,label_topic_1110341511658287104
1096623496114692096,emotion,anger,1.0,label_emotion_1096623496114692096
1096623496114692096,topic,indoor,1.0,label_topic_1096623496114692096
1164288224353816576,emotion,neutral,0.6699,label_emotion_1164288224353816576
1164288224353816576,topic,people,1.0,label_topic_1164288224353816576
1100156714189541376,emotion,joy,1.0,label_emotion_1100156714189541376
1100156714189541376,topic,people,1.0,label_topic_1100156714189541376
1166274181290512384,emotion,joy,0.3373,label_emotion_1166274181290512384
1166274181290512384,topic,person,1.0,label_topic_1166274181290512384
1116746377507311616,emotion,neutral,1.0,label_emotion_1116746377507311616
1116746377507311616,topic,people,1.0,label_topic_1116746377507311616
1146973250014863360,emotion,joy,0.6565,label_emotion_1146973250014863360
1146973250014863360,topic,other,0.6565,label_topic_1146973250014863360
1090702573801021440,emotion,sad,1.0,label_emotion_1090702573801021440
1090702573801021440,topic,text,1.0,label_topic_1090702573801021440
1050956336680345600,emotion,joy,0.6709,label_emotion_1050956336680345600
1050956336680345600,topic,people,1.0,label_topic_1050956336680345600
1126666343656443904,emotion,neutral,1.0,label_emotion_1126666343656443904
1126666343656443904,topic,person,1.0,label_topic_1126666343656443904
1105234550293950464,emotion,anger,0.6669,label_emotion_1105234550293950464
1105234550293950464,topic,people,1.0,label_topic_1105234550293950464
1047214355399462912,emotion,joy,0.3377,label_emotion_1047214355399462912
1047214355399462912,topic,person,1.0,label_topic_1047214355399462912
1157568108295270400,emotion,love,1.0,label_emotion_1157568108295270400
1157568108295270400,topic,people,1.0,label_topic_1157568108295270400
1015742929878622208,emotion,sad,0.6639,label_emotion_1015742929878622208
1015742929878622208,topic,person,1.0,label_topic_1015742929878622208
1089277769843875840,emotion,surprised,0.672,label_emotion_1089277769843875840
1089277769843875840,topic,outdoor,1.0,label_topic_1089277769843875840
1180688980115861504,emotion,neutral,0.3361,label_emotion_1180688980115861504
1180688980115861504,topic,outdoor,0.3361,label_topic_1180688980115861504
1165174042676912128,emotion,joy,0.6687,label_emotion_1165174042676912128
1165174042676912128,topic,person,1.0,label_topic_1165174042676912128
1035095956305125376,emotion,neutral,0.6669,label_emotion_1035095956305125376
1035095956305125376,topic,indoor,0.6669,label_topic_1035095956305125376
1107151450280443904,emotion,neutral,1.0,label_emotion_1107151450280443904
1107151450280443904,topic,person,1.0,label_topic_1107151450280443904
978943102335553536,emotion,anger,0.6617,label_emotion_978943102335553536
978943102335553536,topic,people,1.0,label_topic_978943102335553536
1054888765589991424,emotion,neutral,0.6611,label_emotion_1054888765589991424
1054888765589991424,topic,people,1.0,label_topic_1054888765589991424
1025200529762304000,emotion,joy,1.0,label_emotion_1025200529762304000
1025200529762304000,topic,activity,1.0,label_topic_1025200529762304000
1011871419321417728,emotion,neutral,1.0,label_emotion_1011871419321417728
1011871419321417728,topic,person,1.0,label_topic_1011871419321417728
1162171218322206720,emotion,neutral,0.6655,label_emotion_1162171218322206720
1162171218322206720,topic,person,1.0,label_topic_1162171218322206720
1120196474228412416,emotion,surprised,0.3428,label_emotion_1120196474228412416
1120196474228412416,topic,people,0.6715,label_topic_1120196474228412416
1095091242351857664,emotion,joy,0.6729,label_emotion_1095091242351857664
1095091242351857664,topic,person,0.6729,label_topic_1095091242351857664
1144141477287514112,emotion,neutral,0.3361,label_emotion_1144141477287514112
1144141477287514112,topic,people,1.0,label_topic_1144141477287514112
1016168381583654912,emotion,joy,0.6669,label_emotion_1016168381583654912
1016168381583654912,topic,cartoon,0.665,label_topic_1016168381583654912
1162527278816165888,emotion,neutral,0.6762,label_emotion_1162527278816165888
1162527278816165888,topic,people,1.0,label_topic_1162527278816165888
1026658089262612480,emotion,joy,1.0,label_emotion_1026658089262612480
1026658089262612480,topic,person,1.0,label_topic_1026658089262612480
1107617794134110208,emotion,joy,1.0,label_emotion_1107617794134110208
1107617794134110208,topic,people,1.0,label_topic_1107617794134110208
1108574561156370432,emotion,neutral,0.6728,label_emotion_1108574561156370432
1108574561156370432,topic,person,1.0,label_topic_1108574561156370432
1120230350132772864,emotion,joy,1.0,label_emotion_1120230350132772864
1120230350132772864,topic,people,1.0,label_topic_1120230350132772864
1028570940705239040,emotion,fear,0.3469,label_emotion_1028570940705239040
1028570940705239040,topic,person,1.0,label_topic_1028570940705239040
1066169079599104000,emotion,anger,1.0,label_emotion_1066169079599104000
1066169079599104000,topic,person,1.0,label_topic_1066169079599104000
1006384270601768960,emotion,joy,0.3392,label_emotion_1006384270601768960
1006384270601768960,topic,person,1.0,label_topic_1006384270601768960
1046683080292782080,emotion,joy,0.6603,label_emotion_1046683080292782080
1046683080292782080,topic,person,0.6708,label_topic_1046683080292782080
1088930373125242880,emotion,neutral,0.3361,label_emotion_1088930373125242880
1088930373125242880,topic,text,0.6669,label_topic_1088930373125242880
1162892916084375552,emotion,joy,0.3469,label_emotion_1162892916084375552
1162892916084375552,topic,cartoon,1.0,label_topic_1162892916084375552
1153579232531042304,emotion,neutral,0.6684,label_emotion_1153579232531042304
1153579232531042304,topic,person,1.0,label_topic_1153579232531042304
1146660619244724224,emotion,anger,1.0,label_emotion_1146660619244724224
1146660619244724224,topic,people,1.0,label_topic_1146660619244724224
1170303946817167360,emotion,neutral,1.0,label_emotion_1170303946817167360
1170303946817167360,topic,people,1.0,label_topic_1170303946817167360
1172735260652687360,emotion,fear,0.6624,label_emotion_1172735260652687360
1172735260652687360,topic,person,0.667,label_topic_1172735260652687360
1148914872248410112,emotion,anger,1.0,label_emotion_1148914872248410112
1148914872248410112,topic,person,0.668,label_topic_1148914872248410112
1125371652864389120,emotion,neutral,0.6637,label_emotion_1125371652864389120
1125371652864389120,topic,people,1.0,label_topic_1125371652864389120
1055573849443864576,emotion,surprised,0.661,label_emotion_1055573849443864576
1055573849443864576,topic,people,1.0,label_topic_1055573849443864576
951655802345795584,emotion,neutral,0.6531,label_emotion_951655802345795584
951655802345795584,topic,person,1.0,label_topic_951655802345795584
1150974608728883200,emotion,joy,0.6724,label_emotion_1150974608728883200
1150974608728883200,topic,person,0.6685,label_topic_1150974608728883200
1047662801553936384,emotion,neutral,0.6762,label_emotion_1047662801553936384
1047662801553936384,topic,people,1.0,label_topic_1047662801553936384
1021655017381584896,emotion,neutral,1.0,label_emotion_1021655017381584896
1021655017381584896,topic,people,1.0,label_topic_1021655017381584896
1051013843955957760,emotion,anger,1.0,label_emotion_1051013843955957760
1051013843955957760,topic,person,0.6672,label_topic_1051013843955957760
1149097542819139584,emotion,surprised,0.3351,label_emotion_1149097542819139584
1149097542819139584,topic,person,0.6684,label_topic_1149097542819139584
1165086499860275200,emotion,neutral,1.0,label_emotion_1165086499860275200
1165086499860275200,topic,person,1.0,label_topic_1165086499860275200
1179602719028248576,emotion,surprised,0.3403,label_emotion_1179602719028248576
1179602719028248576,topic,outdoor,1.0,label_topic_1179602719028248576
1094090769612034048,emotion,neutral,0.6728,label_emotion_1094090769612034048
1094090769612034048,topic,person,1.0,label_topic_1094090769612034048
991891149956562944,emotion,anger,1.0,label_emotion_991891149956562944
991891149956562944,topic,person,1.0,label_topic_991891149956562944
1018399483828326400,emotion,anger,1.0,label_emotion_1018399483828326400
1018399483828326400,topic,people,1.0,label_topic_1018399483828326400
958401254873264128,emotion,anger,1.0,label_emotion_958401254873264128
958401254873264128,topic,person,1.0,label_topic_958401254873264128
1053238178943234048,emotion,joy,1.0,label_emotion_1053238178943234048
1053238178943234048,topic,people,1.0,label_topic_1053238178943234048
1133303721170997248,emotion,neutral,0.3383,label_emotion_1133303721170997248
1133303721170997248,topic,person,1.0,label_topic_1133303721170997248
1128137015083618304,emotion,anger,1.0,label_emotion_1128137015083618304
1128137015083618304,topic,outdoor,1.0,label_topic_1128137015083618304
1149815277853339648,emotion,neutral,0.6746,label_emotion_1149815277853339648
1149815277853339648,topic,indoor,0.6746,label_topic_1149815277853339648
1082024475463172096,emotion,joy,1.0,label_emotion_1082024475463172096
1082024475463172096,topic,indoor,0.6708,label_topic_1082024475463172096
1107714967882563584,emotion,love,1.0,label_emotion_1107714967882563584
1107714967882563584,topic,person,1.0,label_topic_1107714967882563584
1127899310961647616,emotion,love,0.6764,label_emotion_1127899310961647616
1127899310961647616,topic,people,1.0,label_topic_1127899310961647616
1096567014052507648,emotion,fear,0.3396,label_emotion_1096567014052507648
1096567014052507648,topic,person,1.0,label_topic_1096567014052507648
988632692038025216,emotion,joy,0.6737,label_emotion_988632692038025216
988632692038025216,topic,person,1.0,label_topic_988632692038025216
1131984583236198400,emotion,neutral,0.6695,label_emotion_1131984583236198400
1131984583236198400,topic,people,1.0,label_topic_1131984583236198400
1102830270438404096,emotion,neutral,0.6728,label_emotion_1102830270438404096
1102830270438404096,topic,person,1.0,label_topic_1102830270438404096
1079941606209196032,emotion,neutral,1.0,label_emotion_1079941606209196032
1079941606209196032,topic,person,1.0,label_topic_1079941606209196032
1090088382400745472,emotion,surprised,0.6676,label_emotion_1090088382400745472
1090088382400745472,topic,person,1.0,label_topic_1090088382400745472
1171707907222761472,emotion,neutral,0.6728,label_emotion_1171707907222761472
1171707907222761472,topic,person,1.0,label_topic_1171707907222761472
1169169185545318400,emotion,neutral,0.6727,label_emotion_1169169185545318400
1169169185545318400,topic,people,1.0,label_topic_1169169185545318400
1079327636633055232,emotion,neutral,0.34,label_emotion_1079327636633055232
1079327636633055232,topic,people,1.0,label_topic_1079327636633055232
1088094632748953600,emotion,fear,1.0,label_emotion_1088094632748953600
1088094632748953600,topic,person,1.0,label_topic_1088094632748953600
1172007640122183680,emotion,surprised,0.6766,label_emotion_1172007640122183680
1172007640122183680,topic,people,1.0,label_topic_1172007640122183680
1102479930484260864,emotion,surprised,1.0,label_emotion_1102479930484260864
1102479930484260864,topic,person,1.0,label_topic_1102479930484260864
981841413136666624,emotion,anger,0.6766,label_emotion_981841413136666624
981841413136666624,topic,person,0.6766,label_topic_981841413136666624
990183429989871616,emotion,anger,1.0,label_emotion_990183429989871616
990183429989871616,topic,people,1.0,label_topic_990183429989871616
948113155073118208,emotion,joy,1.0,label_emotion_948113155073118208
948113155073118208,topic,people,1.0,label_topic_948113155073118208
1038002020772110336,emotion,neutral,0.6762,label_emotion_1038002020772110336
1038002020772110336,topic,person,1.0,label_topic_1038002020772110336
1020901686048665600,emotion,fear,0.3469,label_emotion_1020901686048665600
1020901686048665600,topic,person,0.6531,label_topic_1020901686048665600
1065798031183650816,emotion,neutral,0.6591,label_emotion_1065798031183650816
1065798031183650816,topic,people,1.0,label_topic_1065798031183650816
1095675144338337792,emotion,joy,1.0,label_emotion_1095675144338337792
1095675144338337792,topic,person,1.0,label_topic_1095675144338337792
1077720157402615808,emotion,surprised,0.3405,label_emotion_1077720157402615808
1077720157402615808,topic,person,1.0,label_topic_1077720157402615808
1118658638433644544,emotion,anger,1.0,label_emotion_1118658638433644544
1118658638433644544,topic,people,1.0,label_topic_1118658638433644544
1034325239603015680,emotion,neutral,0.6822,label_emotion_1034325239603015680
1034325239603015680,topic,indoor,0.6822,label_topic_1034325239603015680
1174139920647086080,emotion,sad,1.0,label_emotion_1174139920647086080
1174139920647086080,topic,outdoor,0.6709,label_topic_1174139920647086080
1103172170706006016,emotion,neutral,0.6709,label_emotion_1103172170706006016
1103172170706006016,topic,people,1.0,label_topic_1103172170706006016
1135396246904094720,emotion,joy,0.6669,label_emotion_1135396246904094720
1135396246904094720,topic,person,1.0,label_topic_1135396246904094720
1038952710659035136,emotion,surprised,0.667,label_emotion_1038952710659035136
1038952710659035136,topic,people,1.0,label_topic_1038952710659035136
1105782383447314432,emotion,anger,1.0,label_emotion_1105782383447314432
1105782383447314432,topic,person,1.0,label_topic_1105782383447314432
1121064275889537024,emotion,joy,1.0,label_emotion_1121064275889537024
1121064275889537024,topic,person,1.0,label_topic_1121064275889537024
1163561219811172352,emotion,joy,0.677,label_emotion_1163561219811172352
1163561219811172352,topic,person,0.3448,label_topic_1163561219811172352
1152796309452173312,emotion,neutral,1.0,label_emotion_1152796309452173312
1152796309452173312,topic,person,1.0,label_topic_1152796309452173312
1123670404188282880,emotion,neutral,0.6612,label_emotion_1123670404188282880
1123670404188282880,topic,cartoon,1.0,label_topic_1123670404188282880
1105383009349226496,emotion,love,0.348,label_emotion_1105383009349226496
1105383009349226496,topic,people,1.0,label_topic_1105383009349226496
1037604986386882560,emotion,neutral,0.6671,label_emotion_1037604986386882560
1037604986386882560,topic,person,1.0,label_topic_1037604986386882560
987238296176463872,emotion,joy,0.662,label_emotion_987238296176463872
987238296176463872,topic,people,0.6631,label_topic_987238296176463872
1040715918327648256,emotion,surprised,0.3373,label_emotion_1040715918327648256
1040715918327648256,topic,person,1.0,label_topic_1040715918327648256
1041926984047251456,emotion,joy,0.3343,label_emotion_1041926984047251456
1041926984047251456,topic,person,1.0,label_topic_1041926984047251456
1083599318768062464,emotion,sad,0.339,label_emotion_1083599318768062464
1083599318768062464,topic,person,1.0,label_topic_1083599318768062464
1090914499969650688,emotion,love,0.3405,label_emotion_1090914499969650688
1090914499969650688,topic,animal,1.0,label_topic_1090914499969650688
1001531161459441664,emotion,neutral,0.6766,label_emotion_1001531161459441664
1001531161459441664,topic,person,0.6766,label_topic_1001531161459441664
1117233634110476288,emotion,neutral,1.0,label_emotion_1117233634110476288
1117233634110476288,topic,other,1.0,label_topic_1117233634110476288
1146682191703834624,emotion,surprised,1.0,label_emotion_1146682191703834624
1146682191703834624,topic,people,1.0,label_topic_1146682191703834624
951236509728641024,emotion,joy,0.6617,label_emotion_951236509728641024
951236509728641024,topic,people,1.0,label_topic_951236509728641024
1148870331159699456,emotion,surprised,0.3397,label_emotion_1148870331159699456
1148870331159699456,topic,people,0.3397,label_topic_1148870331159699456
1177505698758692864,emotion,joy,0.6669,label_emotion_1177505698758692864
1177505698758692864,topic,person,0.665,label_topic_1177505698758692864
1073767088117682176,emotion,surprised,0.66,label_emotion_1073767088117682176
1073767088117682176,topic,people,1.0,label_topic_1073767088117682176
1121606367468515328,emotion,anger,0.6572,label_emotion_1121606367468515328
1121606367468515328,topic,people,0.6665,label_topic_1121606367468515328
1157453574419460096,emotion,surprised,0.6657,label_emotion_1157453574419460096
1157453574419460096,topic,people,1.0,label_topic_1157453574419460096
1161367022081286144,emotion,anger,0.3366,label_emotion_1161367022081286144
1161367022081286144,topic,cartoon,1.0,label_topic_1161367022081286144
1148862471034011648,emotion,neutral,0.6689,label_emotion_1148862471034011648
1148862471034011648,topic,indoor,0.6708,label_topic_1148862471034011648
1003490149176602624,emotion,surprised,1.0,label_emotion_1003490149176602624
1003490149176602624,topic,person,1.0,label_topic_1003490149176602624
1012670469843058688,emotion,joy,0.6669,label_emotion_1012670469843058688
1012670469843058688,topic,person,1.0,label_topic_1012670469843058688
1130289000075177984,emotion,neutral,0.3414,label_emotion_1130289000075177984
1130289000075177984,topic,person,1.0,label_topic_1130289000075177984
1121977124702605312,emotion,anger,0.6603,label_emotion_1121977124702605312
1121977124702605312,topic,person,0.6708,label_topic_1121977124702605312
1142252770586521600,emotion,neutral,0.6681,label_emotion_1142252770586521600
1142252770586521600,topic,person,0.6685,label_topic_1142252770586521600
1145093858573631488,emotion,anger,0.3435,label_emotion_1145093858573631488
1145093858573631488,topic,person,1.0,label_topic_1145093858573631488
1150549817399898112,emotion,joy,1.0,label_emotion_1150549817399898112
1150549817399898112,topic,person,1.0,label_topic_1150549817399898112
1168334899766272000,emotion,joy,0.6709,label_emotion_1168334899766272000
1168334899766272000,topic,people,1.0,label_topic_1168334899766272000
1012300587720699904,emotion,neutral,1.0,label_emotion_1012300587720699904
1012300587720699904,topic,person,1.0,label_topic_1012300587720699904
1109647179460808704,emotion,joy,0.668,label_emotion_1109647179460808704
1109647179460808704,topic,person,1.0,label_topic_1109647179460808704
1094470760749301760,emotion,joy,0.6706,label_emotion_1094470760749301760
1094470760749301760,topic,person,1.0,label_topic_1094470760749301760
1176423855544258560,emotion,surprised,0.6698,label_emotion_1176423855544258560
1176423855544258560,topic,people,0.6698,label_topic_1176423855544258560
1058308699795390464,emotion,neutral,1.0,label_emotion_1058308699795390464
1058308699795390464,topic,person,1.0,label_topic_1058308699795390464
1162164653938376704,emotion,sad,0.6584,label_emotion_1162164653938376704
1162164653938376704,topic,text,1.0,label_topic_1162164653938376704
1107799880996368384,emotion,anger,1.0,label_emotion_1107799880996368384
1107799880996368384,topic,people,0.6723,label_topic_1107799880996368384
1014514130801008640,emotion,neutral,0.6689,label_emotion_1014514130801008640
1014514130801008640,topic,other,0.3397,label_topic_1014514130801008640
1076989232968626176,emotion,joy,0.6599,label_emotion_1076989232968626176
1076989232968626176,topic,person,1.0,label_topic_1076989232968626176
1173253347336237056,emotion,anger,0.6698,label_emotion_1173253347336237056
1173253347336237056,topic,text,1.0,label_topic_1173253347336237056
1123308659594723328,emotion,joy,0.6727,label_emotion_1123308659594723328
1123308659594723328,topic,person,1.0,label_topic_1123308659594723328
1171237779695689728,emotion,surprised,0.339,label_emotion_1171237779695689728
1171237779695689728,topic,people,1.0,label_topic_1171237779695689728
1111467239292444672,emotion,anger,0.6639,label_emotion_1111467239292444672
1111467239292444672,topic,cartoon,1.0,label_topic_1111467239292444672
1027519055210438656,emotion,joy,0.6705,label_emotion_1027519055210438656
1027519055210438656,topic,people,0.6624,label_topic_1027519055210438656
1050987543383937024,emotion,neutral,0.6766,label_emotion_1050987543383937024
1050987543383937024,topic,person,1.0,label_topic_1050987543383937024
1149150181552459776,emotion,anger,0.3448,label_emotion_1149150181552459776
1149150181552459776,topic,person,0.6552,label_topic_1149150181552459776
1154245906804473856,emotion,surprised,0.6729,label_emotion_1154245906804473856
1154245906804473856,topic,people,0.6729,label_topic_1154245906804473856
1174521589077852160,emotion,neutral,0.3407,label_emotion_1174521589077852160
1174521589077852160,topic,person,0.6593,label_topic_1174521589077852160
1172089525221363712,emotion,neutral,0.6676,label_emotion_1172089525221363712
1172089525221363712,topic,person,1.0,label_topic_1172089525221363712
1033551391932710912,emotion,surprised,0.3448,label_emotion_1033551391932710912
1033551391932710912,topic,person,1.0,label_topic_1033551391932710912
1130968503164329984,emotion,neutral,0.6586,label_emotion_1130968503164329984
1130968503164329984,topic,people,1.0,label_topic_1130968503164329984
1044184247084498944,emotion,joy,1.0,label_emotion_1044184247084498944
1044184247084498944,topic,people,1.0,label_topic_1044184247084498944
1034009613798187008,emotion,joy,0.6565,label_emotion_1034009613798187008
1034009613798187008,topic,activity,1.0,label_topic_1034009613798187008
1170871500140666880,emotion,sad,0.6735,label_emotion_1170871500140666880
1170871500140666880,topic,person,0.3405,label_topic_1170871500140666880
1142331209431846912,emotion,neutral,0.6591,label_emotion_1142331209431846912
1142331209431846912,topic,person,1.0,label_topic_1142331209431846912
1145644420725678080,emotion,joy,1.0,label_emotion_1145644420725678080
1145644420725678080,topic,activity,0.6695,label_topic_1145644420725678080
1019009049120886784,emotion,neutral,0.6669,label_emotion_1019009049120886784
1019009049120886784,topic,people,1.0,label_topic_1019009049120886784
1161351608429625344,emotion,neutral,1.0,label_emotion_1161351608429625344
1161351608429625344,topic,people,1.0,label_topic_1161351608429625344
1136923911028723712,emotion,surprised,0.6597,label_emotion_1136923911028723712
1136923911028723712,topic,person,1.0,label_topic_1136923911028723712
1140064326645075968,emotion,fear,1.0,label_emotion_1140064326645075968
1140064326645075968,topic,outdoor,1.0,label_topic_1140064326645075968
1025583405355937792,emotion,surprised,0.66,label_emotion_1025583405355937792
1025583405355937792,topic,person,1.0,label_topic_1025583405355937792
1010700490369089536,emotion,joy,1.0,label_emotion_1010700490369089536
1010700490369089536,topic,person,1.0,label_topic_1010700490369089536
1180317338965278720,emotion,neutral,0.6728,label_emotion_1180317338965278720
1180317338965278720,topic,person,0.6728,label_topic_1180317338965278720
1018729501821399040,emotion,joy,1.0,label_emotion_1018729501821399040
1018729501821399040,topic,people,1.0,label_topic_1018729501821399040
1105920604990816256,emotion,neutral,0.6713,label_emotion_1105920604990816256
1105920604990816256,topic,person,1.0,label_topic_1105920604990816256
1036470207365230592,emotion,joy,1.0,label_emotion_1036470207365230592
1036470207365230592,topic,people,1.0,label_topic_1036470207365230592
1170556890108088320,emotion,love,1.0,label_emotion_1170556890108088320
1170556890108088320,topic,indoor,1.0,label_topic_1170556890108088320
1161761878444322816,emotion,anger,0.3404,label_emotion_1161761878444322816
1161761878444322816,topic,cartoon,0.6728,label_topic_1161761878444322816
986467756578951168,emotion,surprised,0.6612,label_emotion_986467756578951168
986467756578951168,topic,food,1.0,label_topic_986467756578951168
1150175436693749760,emotion,neutral,0.6722,label_emotion_1150175436693749760
1150175436693749760,topic,people,1.0,label_topic_1150175436693749760
1005287795113463808,emotion,love,0.6617,label_emotion_1005287795113463808
1005287795113463808,topic,person,1.0,label_topic_1005287795113463808
1060431703267028992,emotion,neutral,1.0,label_emotion_1060431703267028992
1060431703267028992,topic,other,1.0,label_topic_1060431703267028992
1180727889881411584,emotion,joy,0.6753,label_emotion_1180727889881411584
1180727889881411584,topic,people,1.0,label_topic_1180727889881411584
1154295514678829056,emotion,joy,0.652,label_emotion_1154295514678829056
1154295514678829056,topic,people,1.0,label_topic_1154295514678829056
1035709331489832960,emotion,neutral,0.6749,label_emotion_1035709331489832960
1035709331489832960,topic,person,0.6631,label_topic_1035709331489832960
1145975873728655360,emotion,neutral,0.6728,label_emotion_1145975873728655360
1145975873728655360,topic,person,0.3404,label_topic_1145975873728655360
1020930368741761024,emotion,anger,0.6671,label_emotion_1020930368741761024
1020930368741761024,topic,person,1.0,label_topic_1020930368741761024
1160347476902006784,emotion,joy,0.6676,label_emotion_1160347476902006784
1160347476902006784,topic,person,1.0,label_topic_1160347476902006784
973454446254489600,emotion,joy,1.0,label_emotion_973454446254489600
973454446254489600,topic,person,1.0,label_topic_973454446254489600
1156453163369406464,emotion,surprised,0.6698,label_emotion_1156453163369406464
1156453163369406464,topic,person,1.0,label_topic_1156453163369406464
1144089309163761664,emotion,joy,0.6667,label_emotion_1144089309163761664
1144089309163761664,topic,people,0.6667,label_topic_1144089309163761664
1012202601665691648,emotion,neutral,0.6655,label_emotion_1012202601665691648
1012202601665691648,topic,other,0.6655,label_topic_1012202601665691648
1056767045251080192,emotion,neutral,0.6715,label_emotion_1056767045251080192
1056767045251080192,topic,person,1.0,label_topic_1056767045251080192
1004042856425508864,emotion,fear,0.3385,label_emotion_1004042856425508864
1004042856425508864,topic,people,1.0,label_topic_1004042856425508864
1089363733589180416,emotion,joy,0.6627,label_emotion_1089363733589180416
1089363733589180416,topic,person,0.6657,label_topic_1089363733589180416
1131004326379503616,emotion,neutral,0.6705,label_emotion_1131004326379503616
1131004326379503616,topic,person,1.0,label_topic_1131004326379503616
1097701474978656256,emotion,joy,0.6685,label_emotion_1097701474978656256
1097701474978656256,topic,person,1.0,label_topic_1097701474978656256
1019862122563563520,emotion,love,0.66,label_emotion_1019862122563563520
1019862122563563520,topic,person,1.0,label_topic_1019862122563563520
1180058415821746176,emotion,joy,0.3366,label_emotion_1180058415821746176
1180058415821746176,topic,indoor,1.0,label_topic_1180058415821746176
1005624904525201408,emotion,neutral,0.6762,label_emotion_1005624904525201408
1005624904525201408,topic,person,1.0,label_topic_1005624904525201408
1177470110844268544,emotion,joy,1.0,label_emotion_1177470110844268544
1177470110844268544,topic,people,1.0,label_topic_1177470110844268544
1181354572539936768,emotion,joy,0.6608,label_emotion_1181354572539936768
1181354572539936768,topic,animal,1.0,label_topic_1181354572539936768
1145541936233512960,emotion,surprised,0.3441,label_emotion_1145541936233512960
1145541936233512960,topic,people,0.6559,label_topic_1145541936233512960
1160685224867364864,emotion,anger,0.6595,label_emotion_1160685224867364864
1160685224867364864,topic,cartoon,1.0,label_topic_1160685224867364864
1015768740903772160,emotion,joy,0.6634,label_emotion_1015768740903772160
1015768740903772160,topic,person,0.6634,label_topic_1015768740903772160
1132551371829207040,emotion,neutral,0.3381,label_emotion_1132551371829207040
1132551371829207040,topic,person,1.0,label_topic_1132551371829207040
1038279828601765888,emotion,sad,0.6617,label_emotion_1038279828601765888
1038279828601765888,topic,person,1.0,label_topic_1038279828601765888
1064662952684179456,emotion,neutral,0.6766,label_emotion_1064662952684179456
1064662952684179456,topic,person,0.3435,label_topic_1064662952684179456
1104115343439302656,emotion,neutral,0.6714,label_emotion_1104115343439302656
1104115343439302656,topic,other,0.3366,label_topic_1104115343439302656
1123478650373783552,emotion,fear,0.3349,label_emotion_1123478650373783552
1123478650373783552,topic,activity,1.0,label_topic_1123478650373783552
1113181724466429952,emotion,sad,1.0,label_emotion_1113181724466429952
1113181724466429952,topic,people,1.0,label_topic_1113181724466429952
1142441980983689216,emotion,joy,0.6712,label_emotion_1142441980983689216
1142441980983689216,topic,person,1.0,label_topic_1142441980983689216
1133907446788939776,emotion,anger,0.3392,label_emotion_1133907446788939776
1133907446788939776,topic,people,1.0,label_topic_1133907446788939776
1095630491862048768,emotion,neutral,0.6696,label_emotion_1095630491862048768
1095630491862048768,topic,indoor,0.6696,label_topic_1095630491862048768
1145462513799180288,emotion,joy,0.6617,label_emotion_1145462513799180288
1145462513799180288,topic,person,1.0,label_topic_1145462513799180288
1074558864478883840,emotion,joy,1.0,label_emotion_1074558864478883840
1074558864478883840,topic,people,1.0,label_topic_1074558864478883840
1045940810706726912,emotion,joy,0.6596,label_emotion_1045940810706726912
1045940810706726912,topic,person,0.6676,label_topic_1045940810706726912
1017875065444130816,emotion,joy,0.338,label_emotion_1017875065444130816
1017875065444130816,topic,activity,0.338,label_topic_1017875065444130816
1139338109591482368,emotion,joy,1.0,label_emotion_1139338109591482368
1139338109591482368,topic,person,1.0,label_topic_1139338109591482368
1144054832739561472,emotion,joy,1.0,label_emotion_1144054832739561472
1144054832739561472,topic,people,1.0,label_topic_1144054832739561472
1100888664311242752,emotion,joy,1.0,label_emotion_1100888664311242752
1100888664311242752,topic,person,1.0,label_topic_1100888664311242752
1152467943851012096,emotion,neutral,0.6649,label_emotion_1152467943851012096
1152467943851012096,topic,person,1.0,label_topic_1152467943851012096
1139371426856730624,emotion,fear,0.6617,label_emotion_1139371426856730624
1139371426856730624,topic,person,0.6655,label_topic_1139371426856730624
1171065124103041024,emotion,neutral,0.6655,label_emotion_1171065124103041024
1171065124103041024,topic,other,0.6655,label_topic_1171065124103041024
1159325623031095296,emotion,joy,0.6727,label_emotion_1159325623031095296
1159325623031095296,topic,person,1.0,label_topic_1159325623031095296
1163626828175691776,emotion,joy,0.6617,label_emotion_1163626828175691776
1163626828175691776,topic,indoor,1.0,label_topic_1163626828175691776
1101031922005622784,emotion,anger,1.0,label_emotion_1101031922005622784
1101031922005622784,topic,indoor,1.0,label_topic_1101031922005622784
1127158979873607680,emotion,anger,1.0,label_emotion_1127158979873607680
1127158979873607680,topic,indoor,0.6713,label_topic_1127158979873607680
1170095958982549504,emotion,joy,1.0,label_emotion_1170095958982549504
1170095958982549504,topic,people,1.0,label_topic_1170095958982549504
1174245255768346624,emotion,neutral,1.0,label_emotion_1174245255768346624
1174245255768346624,topic,person,1.0,label_topic_1174245255768346624
1168651744683921408,emotion,joy,0.66,label_emotion_1168651744683921408
1168651744683921408,topic,people,1.0,label_topic_1168651744683921408
1093077555252453376,emotion,neutral,0.6766,label_emotion_1093077555252453376
1093077555252453376,topic,person,0.6766,label_topic_1093077555252453376
1159212859239321600,emotion,anger,0.6599,label_emotion_1159212859239321600
1159212859239321600,topic,person,1.0,label_topic_1159212859239321600
1090918845046308865,emotion,joy,0.6603,label_emotion_1090918845046308865
1090918845046308865,topic,person,1.0,label_topic_1090918845046308865
1078788598574231552,emotion,neutral,1.0,label_emotion_1078788598574231552
1078788598574231552,topic,people,1.0,label_topic_1078788598574231552
1113305755882504192,emotion,joy,0.6669,label_emotion_1113305755882504192
1113305755882504192,topic,cartoon,1.0,label_topic_1113305755882504192
1175946850696650752,emotion,joy,1.0,label_emotion_1175946850696650752
1175946850696650752,topic,person,1.0,label_topic_1175946850696650752
1169050854352097280,emotion,neutral,1.0,label_emotion_1169050854352097280
1169050854352097280,topic,person,1.0,label_topic_1169050854352097280
1067325353481154560,emotion,anger,0.3392,label_emotion_1067325353481154560
1067325353481154560,topic,person,1.0,label_topic_1067325353481154560
1153839686054285312,emotion,surprised,0.3448,label_emotion_1153839686054285312
1153839686054285312,topic,car,1.0,label_topic_1153839686054285312
1156289459633999872,emotion,joy,1.0,label_emotion_1156289459633999872
1156289459633999872,topic,people,1.0,label_topic_1156289459633999872
1162257615913467904,emotion,joy,0.338,label_emotion_1162257615913467904
1162257615913467904,topic,person,1.0,label_topic_1162257615913467904
1152816866960560128,emotion,sad,0.3404,label_emotion_1152816866960560128
1152816866960560128,topic,people,0.6596,label_topic_1152816866960560128
1079165184779636736,emotion,fear,0.6715,label_emotion_1079165184779636736
1079165184779636736,topic,animal,1.0,label_topic_1079165184779636736
1169093466169511936,emotion,neutral,1.0,label_emotion_1169093466169511936
1169093466169511936,topic,person,0.3355,label_topic_1169093466169511936
1177065690230943744,emotion,neutral,1.0,label_emotion_1177065690230943744
1177065690230943744,topic,indoor,1.0,label_topic_1177065690230943744
1143289117963067392,emotion,love,0.6634,label_emotion_1143289117963067392
1143289117963067392,topic,people,1.0,label_topic_1143289117963067392
1046367793622441984,emotion,joy,0.6596,label_emotion_1046367793622441984
1046367793622441984,topic,indoor,0.6676,label_topic_1046367793622441984
1126712015210393600,emotion,joy,0.3414,label_emotion_1126712015210393600
1126712015210393600,topic,person,1.0,label_topic_1126712015210393600
1179657072758132736,emotion,neutral,0.6655,label_emotion_1179657072758132736
1179657072758132736,topic,people,0.6655,label_topic_1179657072758132736
1170976393530941440,emotion,surprised,0.6572,label_emotion_1170976393530941440
1170976393530941440,topic,people,1.0,label_topic_1170976393530941440
1173788073822248960,emotion,joy,0.6709,label_emotion_1173788073822248960
1173788073822248960,topic,people,0.6709,label_topic_1173788073822248960
1081770339480018944,emotion,surprised,1.0,label_emotion_1081770339480018944
1081770339480018944,topic,people,1.0,label_topic_1081770339480018944
1107672264998305792,emotion,neutral,0.6531,label_emotion_1107672264998305792
1107672264998305792,topic,person,0.672,label_topic_1107672264998305792
1171260118231326721,emotion,joy,0.6565,label_emotion_1171260118231326721
1171260118231326721,topic,people,1.0,label_topic_1171260118231326721
1118326100557180928,emotion,neutral,0.6649,label_emotion_1118326100557180928
1118326100557180928,topic,people,1.0,label_topic_1118326100557180928
1042152100458799104,emotion,surprised,0.6708,label_emotion_1042152100458799104
1042152100458799104,topic,person,1.0,label_topic_1042152100458799104
1025590120042164224,emotion,joy,0.3435,label_emotion_1025590120042164224
1025590120042164224,topic,person,1.0,label_topic_1025590120042164224
1175799532286894080,emotion,joy,0.665,label_emotion_1175799532286894080
1175799532286894080,topic,people,1.0,label_topic_1175799532286894080
1030291178240856064,emotion,surprised,1.0,label_emotion_1030291178240856064
1030291178240856064,topic,people,1.0,label_topic_1030291178240856064
1131097486707351552,emotion,joy,1.0,label_emotion_1131097486707351552
1131097486707351552,topic,person,1.0,label_topic_1131097486707351552
1178591154238050304,emotion,joy,0.6669,label_emotion_1178591154238050304
1178591154238050304,topic,person,1.0,label_topic_1178591154238050304
1095439996166582272,emotion,anger,1.0,label_emotion_1095439996166582272
1095439996166582272,topic,person,1.0,label_topic_1095439996166582272
1180639864811597824,emotion,love,0.6655,label_emotion_1180639864811597824
1180639864811597824,topic,people,0.6655,label_topic_1180639864811597824
1041223651707719680,emotion,joy,1.0,label_emotion_1041223651707719680
1041223651707719680,topic,people,1.0,label_topic_1041223651707719680
1123778945582555136,emotion,anger,0.335,label_emotion_1123778945582555136
1123778945582555136,topic,people,1.0,label_topic_1123778945582555136
1172805293197914112,emotion,neutral,1.0,label_emotion_1172805293197914112
1172805293197914112,topic,person,1.0,label_topic_1172805293197914112
1162579099936542720,emotion,love,0.3396,label_emotion_1162579099936542720
1162579099936542720,topic,person,1.0,label_topic_1162579099936542720
1118074285567909888,emotion,surprised,0.6658,label_emotion_1118074285567909888
1118074285567909888,topic,person,0.6708,label_topic_1118074285567909888
1151041668502671360,emotion,surprised,0.6698,label_emotion_1151041668502671360
1151041668502671360,topic,activity,1.0,label_topic_1151041668502671360
1053791122083753984,emotion,joy,1.0,label_emotion_1053791122083753984
1053791122083753984,topic,person,1.0,label_topic_1053791122083753984
1003042166966312960,emotion,surprised,0.6657,label_emotion_1003042166966312960
1003042166966312960,topic,people,0.6657,label_topic_1003042166966312960
1140936616479985664,emotion,joy,0.6715,label_emotion_1140936616479985664
1140936616479985664,topic,people,1.0,label_topic_1140936616479985664
1080414388202143744,emotion,sad,0.6749,label_emotion_1080414388202143744
1080414388202143744,topic,person,1.0,label_topic_1080414388202143744
1168252445500276736,emotion,anger,0.6692,label_emotion_1168252445500276736
1168252445500276736,topic,people,1.0,label_topic_1168252445500276736
1075911890053615616,emotion,sad,0.339,label_emotion_1075911890053615616
1075911890053615616,topic,people,1.0,label_topic_1075911890053615616
1154637880610746368,emotion,neutral,0.666,label_emotion_1154637880610746368
1154637880610746368,topic,person,1.0,label_topic_1154637880610746368
1174852090141560832,emotion,joy,0.66,label_emotion_1174852090141560832
1174852090141560832,topic,people,1.0,label_topic_1174852090141560832
1160687030888706048,emotion,joy,0.6687,label_emotion_1160687030888706048
1160687030888706048,topic,people,1.0,label_topic_1160687030888706048
1175237914666627072,emotion,anger,0.6685,label_emotion_1175237914666627072
1175237914666627072,topic,cartoon,1.0,label_topic_1175237914666627072
1062530169086095360,emotion,joy,0.6712,label_emotion_1062530169086095360
1062530169086095360,topic,person,1.0,label_topic_1062530169086095360
1159300006243655680,emotion,joy,1.0,label_emotion_1159300006243655680
1159300006243655680,topic,people,1.0,label_topic_1159300006243655680
1172034196974489600,emotion,joy,0.6617,label_emotion_1172034196974489600
1172034196974489600,topic,people,1.0,label_topic_1172034196974489600
1152774856690098176,emotion,surprised,0.665,label_emotion_1152774856690098176
1152774856690098176,topic,people,1.0,label_topic_1152774856690098176
1161460481937096704,emotion,joy,0.6735,label_emotion_1161460481937096704
1161460481937096704,topic,outdoor,0.6671,label_topic_1161460481937096704
1168674303898976256,emotion,anger,1.0,label_emotion_1168674303898976256
1168674303898976256,topic,people,1.0,label_topic_1168674303898976256
1178927796794634240,emotion,surprised,0.6696,label_emotion_1178927796794634240
1178927796794634240,topic,people,1.0,label_topic_1178927796794634240
1150320501583921152,emotion,joy,0.6695,label_emotion_1150320501583921152
1150320501583921152,topic,people,1.0,label_topic_1150320501583921152
1162654097317531648,emotion,fear,0.339,label_emotion_1162654097317531648
1162654097317531648,topic,people,0.6692,label_topic_1162654097317531648
1139057707211706368,emotion,joy,0.6669,label_emotion_1139057707211706368
1139057707211706368,topic,person,1.0,label_topic_1139057707211706368
1014439802227286016,emotion,joy,0.6715,label_emotion_1014439802227286016
1014439802227286016,topic,people,1.0,label_topic_1014439802227286016
1159585512882143232,emotion,joy,0.6552,label_emotion_1159585512882143232
1159585512882143232,topic,person,1.0,label_topic_1159585512882143232
1110178926883393536,emotion,joy,1.0,label_emotion_1110178926883393536
1110178926883393536,topic,people,1.0,label_topic_1110178926883393536
1038638173796159488,emotion,joy,1.0,label_emotion_1038638173796159488
1038638173796159488,topic,person,1.0,label_topic_1038638173796159488
1003782474029248512,emotion,anger,1.0,label_emotion_1003782474029248512
1003782474029248512,topic,people,1.0,label_topic_1003782474029248512
1026805374071754752,emotion,joy,0.6694,label_emotion_1026805374071754752
1026805374071754752,topic,people,1.0,label_topic_1026805374071754752
1167671471288844288,emotion,anger,0.6584,label_emotion_1167671471288844288
1167671471288844288,topic,people,1.0,label_topic_1167671471288844288
1138169176205225985,emotion,love,0.664,label_emotion_1138169176205225985
1138169176205225985,topic,outdoor,0.6703,label_topic_1138169176205225985
1037513465897598976,emotion,love,1.0,label_emotion_1037513465897598976
1037513465897598976,topic,indoor,1.0,label_topic_1037513465897598976
1157842244938698752,emotion,surprised,0.6705,label_emotion_1157842244938698752
1157842244938698752,topic,person,0.6705,label_topic_1157842244938698752
1147790913473802240,emotion,surprised,0.6618,label_emotion_1147790913473802240
1147790913473802240,topic,activity,1.0,label_topic_1147790913473802240
1134683032226336768,emotion,joy,0.6602,label_emotion_1134683032226336768
1134683032226336768,topic,outdoor,1.0,label_topic_1134683032226336768
1030637312557678592,emotion,neutral,0.668,label_emotion_1030637312557678592
1030637312557678592,topic,text,0.3349,label_topic_1030637312557678592
1066207153549086720,emotion,joy,0.6735,label_emotion_1066207153549086720
1066207153549086720,topic,outdoor,1.0,label_topic_1066207153549086720
1177434684763013120,emotion,joy,1.0,label_emotion_1177434684763013120
1177434684763013120,topic,people,1.0,label_topic_1177434684763013120
1096973775121068032,emotion,neutral,0.6727,label_emotion_1096973775121068032
1096973775121068032,topic,person,1.0,label_topic_1096973775121068032
1153805453625622528,emotion,sad,0.6735,label_emotion_1153805453625622528
1153805453625622528,topic,person,1.0,label_topic_1153805453625622528
1125222179148386304,emotion,joy,0.3448,label_emotion_1125222179148386304
1125222179148386304,topic,activity,1.0,label_topic_1125222179148386304
1101618694213509120,emotion,sad,0.6617,label_emotion_1101618694213509120
1101618694213509120,topic,person,1.0,label_topic_1101618694213509120
1178927326902595584,emotion,joy,0.6713,label_emotion_1178927326902595584
1178927326902595584,topic,activity,1.0,label_topic_1178927326902595584
1085673974135971840,emotion,joy,1.0,label_emotion_1085673974135971840
1085673974135971840,topic,people,1.0,label_topic_1085673974135971840
1120215944149819392,emotion,joy,1.0,label_emotion_1120215944149819392
1120215944149819392,topic,person,1.0,label_topic_1120215944149819392
1145255386925215744,emotion,neutral,0.6709,label_emotion_1145255386925215744
1145255386925215744,topic,person,1.0,label_topic_1145255386925215744
1160414289270632448,emotion,neutral,0.3404,label_emotion_1160414289270632448
1160414289270632448,topic,indoor,1.0,label_topic_1160414289270632448
1168346839330738176,emotion,joy,0.6806,label_emotion_1168346839330738176
1168346839330738176,topic,person,1.0,label_topic_1168346839330738176
1146944515064893440,emotion,neutral,0.6728,label_emotion_1146944515064893440
1146944515064893440,topic,other,0.6728,label_topic_1146944515064893440
1166565010009370624,emotion,neutral,1.0,label_emotion_1166565010009370624
1166565010009370624,topic,people,0.6728,label_topic_1166565010009370624
1131796294386483200,emotion,anger,0.6635,label_emotion_1131796294386483200
1131796294386483200,topic,person,1.0,label_topic_1131796294386483200
1058567897011920896,emotion,neutral,0.6655,label_emotion_1058567897011920896
1058567897011920896,topic,person,1.0,label_topic_1058567897011920896
1096952104704180224,emotion,sad,0.6691,label_emotion_1096952104704180224
1096952104704180224,topic,animal,1.0,label_topic_1096952104704180224
1181490674051522560,emotion,neutral,0.6617,label_emotion_1181490674051522560
1181490674051522560,topic,outdoor,1.0,label_topic_1181490674051522560
1161768321448910848,emotion,love,0.6593,label_emotion_1161768321448910848
1161768321448910848,topic,people,1.0,label_topic_1161768321448910848
1136455692388089856,emotion,fear,0.6603,label_emotion_1136455692388089856
1136455692388089856,topic,people,1.0,label_topic_1136455692388089856
1124193149447798784,emotion,neutral,0.6634,label_emotion_1124193149447798784
1124193149447798784,topic,animal,1.0,label_topic_1124193149447798784
1176468460994273280,emotion,joy,0.6634,label_emotion_1176468460994273280
1176468460994273280,topic,people,1.0,label_topic_1176468460994273280
1166111009145245696,emotion,neutral,1.0,label_emotion_1166111009145245696
1166111009145245696,topic,other,0.6709,label_topic_1166111009145245696
1165506062229676032,emotion,joy,1.0,label_emotion_1165506062229676032
1165506062229676032,topic,person,1.0,label_topic_1165506062229676032
1146660624768872448,emotion,neutral,0.6766,label_emotion_1146660624768872448
1146660624768872448,topic,person,1.0,label_topic_1146660624768872448
1087153434588753920,emotion,neutral,1.0,label_emotion_1087153434588753920
1087153434588753920,topic,person,1.0,label_topic_1087153434588753920
1048908355407675392,emotion,joy,1.0,label_emotion_1048908355407675392
1048908355407675392,topic,people,0.678,label_topic_1048908355407675392
974527514401964032,emotion,joy,0.6631,label_emotion_974527514401964032
974527514401964032,topic,person,1.0,label_topic_974527514401964032
1175909985952190464,emotion,neutral,1.0,label_emotion_1175909985952190464
1175909985952190464,topic,people,1.0,label_topic_1175909985952190464
1121158480284499968,emotion,neutral,0.6822,label_emotion_1121158480284499968
1121158480284499968,topic,people,0.6584,label_topic_1121158480284499968
1166952370773897216,emotion,joy,0.6599,label_emotion_1166952370773897216
1166952370773897216,topic,person,1.0,label_topic_1166952370773897216
1157551263320367104,emotion,joy,0.6549,label_emotion_1157551263320367104
1157551263320367104,topic,person,1.0,label_topic_1157551263320367104
1036918934974406656,emotion,joy,0.6708,label_emotion_1036918934974406656
1036918934974406656,topic,indoor,0.6708,label_topic_1036918934974406656
1132434737164881920,emotion,surprised,0.6701,label_emotion_1132434737164881920
1132434737164881920,topic,people,0.6703,label_topic_1132434737164881920
1139571355960934400,emotion,joy,0.674,label_emotion_1139571355960934400
1139571355960934400,topic,activity,1.0,label_topic_1139571355960934400
1062159878522589184,emotion,love,0.3441,label_emotion_1062159878522589184
1062159878522589184,topic,person,0.6747,label_topic_1062159878522589184
1161576632339873792,emotion,surprised,0.6634,label_emotion_1161576632339873792
1161576632339873792,topic,outdoor,1.0,label_topic_1161576632339873792
1131877970764574720,emotion,neutral,0.6671,label_emotion_1131877970764574720
1131877970764574720,topic,person,1.0,label_topic_1131877970764574720
1178177738159624192,emotion,joy,0.6594,label_emotion_1178177738159624192
1178177738159624192,topic,activity,1.0,label_topic_1178177738159624192
1066477558595461120,emotion,anger,1.0,label_emotion_1066477558595461120
1066477558595461120,topic,people,1.0,label_topic_1066477558595461120
1137818305697390592,emotion,neutral,0.3383,label_emotion_1137818305697390592
1137818305697390592,topic,person,1.0,label_topic_1137818305697390592
1150217176888815616,emotion,neutral,0.6552,label_emotion_1150217176888815616
1150217176888815616,topic,other,0.3448,label_topic_1150217176888815616
1181136411290640384,emotion,neutral,1.0,label_emotion_1181136411290640384
1181136411290640384,topic,person,1.0,label_topic_1181136411290640384
1072272423350611968,emotion,joy,1.0,label_emotion_1072272423350611968
1072272423350611968,topic,person,1.0,label_topic_1072272423350611968
1155900416773836800,emotion,joy,1.0,label_emotion_1155900416773836800
1155900416773836800,topic,people,1.0,label_topic_1155900416773836800
1125967329365577728,emotion,neutral,1.0,label_emotion_1125967329365577728
1125967329365577728,topic,person,1.0,label_topic_1125967329365577728
1156637482440609792,emotion,sad,0.677,label_emotion_1156637482440609792
1156637482440609792,topic,text,0.6552,label_topic_1156637482440609792
1082811330043768832,emotion,neutral,0.6727,label_emotion_1082811330043768832
1082811330043768832,topic,indoor,1.0,label_topic_1082811330043768832
1116277382010339328,emotion,joy,0.6604,label_emotion_1116277382010339328
1116277382010339328,topic,outdoor,0.6713,label_topic_1116277382010339328
1108881566114979840,emotion,joy,0.6649,label_emotion_1108881566114979840
1108881566114979840,topic,activity,1.0,label_topic_1108881566114979840
1018345515672645632,emotion,surprised,0.6646,label_emotion_1018345515672645632
1018345515672645632,topic,outdoor,1.0,label_topic_1018345515672645632
1021214042855018496,emotion,joy,1.0,label_emotion_1021214042855018496
1021214042855018496,topic,people,0.665,label_topic_1021214042855018496
1167724898471256064,emotion,joy,0.6617,label_emotion_1167724898471256064
1167724898471256064,topic,car,0.6728,label_topic_1167724898471256064
1111433093904007168,emotion,neutral,0.6718,label_emotion_1111433093904007168
1111433093904007168,topic,person,1.0,label_topic_1111433093904007168
995662050179371008,emotion,neutral,0.6678,label_emotion_995662050179371008
995662050179371008,topic,people,0.6552,label_topic_995662050179371008
1035704405627965440,emotion,neutral,1.0,label_emotion_1035704405627965440
1035704405627965440,topic,person,1.0,label_topic_1035704405627965440
995815198730706944,emotion,joy,1.0,label_emotion_995815198730706944
995815198730706944,topic,people,1.0,label_topic_995815198730706944
957020593801347072,emotion,joy,0.6703,label_emotion_957020593801347072
957020593801347072,topic,cartoon,1.0,label_topic_957020593801347072
1095990868877398016,emotion,neutral,0.6679,label_emotion_1095990868877398016
1095990868877398016,topic,people,1.0,label_topic_1095990868877398016
1052407693459476480,emotion,anger,1.0,label_emotion_1052407693459476480
1052407693459476480,topic,person,1.0,label_topic_1052407693459476480
1151348347664293888,emotion,love,0.6586,label_emotion_1151348347664293888
1151348347664293888,topic,people,1.0,label_topic_1151348347664293888
1165856327927750656,emotion,neutral,0.6689,label_emotion_1165856327927750656
1165856327927750656,topic,people,1.0,label_topic_1165856327927750656
1108179423997366272,emotion,joy,0.6714,label_emotion_1108179423997366272
1108179423997366272,topic,people,1.0,label_topic_1108179423997366272
1151751082146471936,emotion,surprised,0.6655,label_emotion_1151751082146471936
1151751082146471936,topic,person,1.0,label_topic_1151751082146471936
1144331807962107904,emotion,neutral,0.666,label_emotion_1144331807962107904
1144331807962107904,topic,people,1.0,label_topic_1144331807962107904
931024405042184192,emotion,surprised,0.6696,label_emotion_931024405042184192
931024405042184192,topic,people,0.6696,label_topic_931024405042184192
1001681548694978560,emotion,joy,0.6681,label_emotion_1001681548694978560
1001681548694978560,topic,indoor,1.0,label_topic_1001681548694978560
1152013993666629632,emotion,surprised,1.0,label_emotion_1152013993666629632
1152013993666629632,topic,person,1.0,label_topic_1152013993666629632
997366810225803264,emotion,neutral,0.6762,label_emotion_997366810225803264
997366810225803264,topic,people,1.0,label_topic_997366810225803264
1136542961623310336,emotion,neutral,0.6727,label_emotion_1136542961623310336
1136542961623310336,topic,people,1.0,label_topic_1136542961623310336
1075288563576344576,emotion,surprised,0.6669,label_emotion_1075288563576344576
1075288563576344576,topic,people,0.668,label_topic_1075288563576344576
1171278643926863872,emotion,anger,0.6766,label_emotion_1171278643926863872
1171278643926863872,topic,person,0.6766,label_topic_1171278643926863872
1037584295784497152,emotion,surprised,0.335,label_emotion_1037584295784497152
1037584295784497152,topic,person,1.0,label_topic_1037584295784497152
1170173033755934720,emotion,joy,1.0,label_emotion_1170173033755934720
1170173033755934720,topic,person,1.0,label_topic_1170173033755934720
1161504489703194624,emotion,neutral,0.6696,label_emotion_1161504489703194624
1161504489703194624,topic,people,1.0,label_topic_1161504489703194624
999405517518561280,emotion,neutral,0.6669,label_emotion_999405517518561280
999405517518561280,topic,person,1.0,label_topic_999405517518561280
1120980150667079680,emotion,surprised,1.0,label_emotion_1120980150667079680
1120980150667079680,topic,people,1.0,label_topic_1120980150667079680
1087535147143827456,emotion,neutral,0.6766,label_emotion_1087535147143827456
1087535147143827456,topic,person,0.6766,label_topic_1087535147143827456
1072641231181459456,emotion,joy,1.0,label_emotion_1072641231181459456
1072641231181459456,topic,person,1.0,label_topic_1072641231181459456
1068931474784436224,emotion,joy,1.0,label_emotion_1068931474784436224
1068931474784436224,topic,people,1.0,label_topic_1068931474784436224
1161394357018984448,emotion,anger,0.6655,label_emotion_1161394357018984448
1161394357018984448,topic,person,1.0,label_topic_1161394357018984448
1065408203174641664,emotion,surprised,0.6552,label_emotion_1065408203174641664
1065408203174641664,topic,outdoor,0.6678,label_topic_1065408203174641664
1152109702961065984,emotion,neutral,0.6745,label_emotion_1152109702961065984
1152109702961065984,topic,person,1.0,label_topic_1152109702961065984
1104288379144994816,emotion,surprised,1.0,label_emotion_1104288379144994816
1104288379144994816,topic,people,1.0,label_topic_1104288379144994816
1018667358321250304,emotion,joy,0.6708,label_emotion_1018667358321250304
1018667358321250304,topic,people,1.0,label_topic_1018667358321250304
990362753342521344,emotion,joy,0.6595,label_emotion_990362753342521344
990362753342521344,topic,people,1.0,label_topic_990362753342521344
1161979387932291072,emotion,joy,0.3448,label_emotion_1161979387932291072
1161979387932291072,topic,people,1.0,label_topic_1161979387932291072
1164828038630879232,emotion,neutral,0.6766,label_emotion_1164828038630879232
1164828038630879232,topic,people,0.6669,label_topic_1164828038630879232
1163980691873357824,emotion,sad,0.3441,label_emotion_1163980691873357824
1163980691873357824,topic,other,0.6747,label_topic_1163980691873357824
1115144120886087680,emotion,neutral,0.6655,label_emotion_1115144120886087680
1115144120886087680,topic,cartoon,1.0,label_topic_1115144120886087680
1132907236507746304,emotion,joy,0.6679,label_emotion_1132907236507746304
1132907236507746304,topic,people,1.0,label_topic_1132907236507746304
1176398683009388544,emotion,joy,1.0,label_emotion_1176398683009388544
1176398683009388544,topic,person,1.0,label_topic_1176398683009388544
1173331691574583296,emotion,surprised,0.6707,label_emotion_1173331691574583296
1173331691574583296,topic,outdoor,1.0,label_topic_1173331691574583296
1104203476390772736,emotion,joy,0.6594,label_emotion_1104203476390772736
1104203476390772736,topic,indoor,0.667,label_topic_1104203476390772736
1121577975859580928,emotion,neutral,1.0,label_emotion_1121577975859580928
1121577975859580928,topic,outdoor,1.0,label_topic_1121577975859580928
1165738614752411648,emotion,joy,0.6634,label_emotion_1165738614752411648
1165738614752411648,topic,person,1.0,label_topic_1165738614752411648
1037557671953342464,emotion,neutral,0.6595,label_emotion_1037557671953342464
1037557671953342464,topic,person,0.6735,label_topic_1037557671953342464
1157810188783390720,emotion,joy,1.0,label_emotion_1157810188783390720
1157810188783390720,topic,people,1.0,label_topic_1157810188783390720
1167285168810471424,emotion,joy,0.6685,label_emotion_1167285168810471424
1167285168810471424,topic,text,1.0,label_topic_1167285168810471424
1153087665659604992,emotion,joy,0.335,label_emotion_1153087665659604992
1153087665659604992,topic,people,0.6669,label_topic_1153087665659604992
1174867646131699712,emotion,neutral,0.6727,label_emotion_1174867646131699712
1174867646131699712,topic,people,1.0,label_topic_1174867646131699712
1127822026334154752,emotion,joy,0.6645,label_emotion_1127822026334154752
1127822026334154752,topic,person,1.0,label_topic_1127822026334154752
1055729335686066176,emotion,fear,0.3406,label_emotion_1055729335686066176
1055729335686066176,topic,person,0.6736,label_topic_1055729335686066176
1137168303912091648,emotion,joy,1.0,label_emotion_1137168303912091648
1137168303912091648,topic,person,1.0,label_topic_1137168303912091648
1049866734833991680,emotion,neutral,0.6749,label_emotion_1049866734833991680
1049866734833991680,topic,person,0.672,label_topic_1049866734833991680
1074178615274520576,emotion,sad,0.6596,label_emotion_1074178615274520576
1074178615274520576,topic,indoor,1.0,label_topic_1074178615274520576
1092214858084454400,emotion,surprised,0.6572,label_emotion_1092214858084454400
1092214858084454400,topic,indoor,1.0,label_topic_1092214858084454400
1100181285881724928,emotion,surprised,0.6522,label_emotion_1100181285881724928
1100181285881724928,topic,activity,0.6618,label_topic_1100181285881724928
1104240194565337088,emotion,joy,0.6707,label_emotion_1104240194565337088
1104240194565337088,topic,people,1.0,label_topic_1104240194565337088
1156758594600284160,emotion,love,1.0,label_emotion_1156758594600284160
1156758594600284160,topic,person,1.0,label_topic_1156758594600284160
994799845514846208,emotion,joy,1.0,label_emotion_994799845514846208
994799845514846208,topic,person,1.0,label_topic_994799845514846208
1164855192760602624,emotion,neutral,0.6591,label_emotion_1164855192760602624
1164855192760602624,topic,people,1.0,label_topic_1164855192760602624
1096618808267177984,emotion,neutral,0.6669,label_emotion_1096618808267177984
1096618808267177984,topic,text,0.6639,label_topic_1096618808267177984
1052335428860043264,emotion,joy,1.0,label_emotion_1052335428860043264
1052335428860043264,topic,person,1.0,label_topic_1052335428860043264
1111193671526916096,emotion,joy,1.0,label_emotion_1111193671526916096
1111193671526916096,topic,people,1.0,label_topic_1111193671526916096
1091205374369021952,emotion,anger,0.6659,label_emotion_1091205374369021952
1091205374369021952,topic,people,1.0,label_topic_1091205374369021952
1125213533622435840,emotion,joy,0.6615,label_emotion_1125213533622435840
1125213533622435840,topic,indoor,0.6746,label_topic_1125213533622435840
1119743265634504704,emotion,neutral,0.6627,label_emotion_1119743265634504704
1119743265634504704,topic,person,1.0,label_topic_1119743265634504704
1177102953841311744,emotion,joy,1.0,label_emotion_1177102953841311744
1177102953841311744,topic,person,1.0,label_topic_1177102953841311744
1040547079480930304,emotion,neutral,0.6667,label_emotion_1040547079480930304
1040547079480930304,topic,other,0.6667,label_topic_1040547079480930304
991018949669957632,emotion,surprised,0.3469,label_emotion_991018949669957632
991018949669957632,topic,activity,0.6749,label_topic_991018949669957632
1180641213356085248,emotion,neutral,0.6685,label_emotion_1180641213356085248
1180641213356085248,topic,cartoon,1.0,label_topic_1180641213356085248
1085415668834508800,emotion,joy,0.6638,label_emotion_1085415668834508800
1085415668834508800,topic,cartoon,1.0,label_topic_1085415668834508800
1006719408925827072,emotion,anger,1.0,label_emotion_1006719408925827072
1006719408925827072,topic,person,1.0,label_topic_1006719408925827072
1137629756226174976,emotion,anger,0.6637,label_emotion_1137629756226174976
1137629756226174976,topic,person,1.0,label_topic_1137629756226174976
1001397703332573184,emotion,neutral,1.0,label_emotion_1001397703332573184
1001397703332573184,topic,activity,0.6696,label_topic_1001397703332573184
1035362829223784448,emotion,anger,1.0,label_emotion_1035362829223784448
1035362829223784448,topic,person,1.0,label_topic_1035362829223784448
1169048030134378496,emotion,joy,0.6718,label_emotion_1169048030134378496
1169048030134378496,topic,people,1.0,label_topic_1169048030134378496
1110813546008489984,emotion,joy,0.6633,label_emotion_1110813546008489984
1110813546008489984,topic,people,0.6633,label_topic_1110813546008489984
1143223431605952512,emotion,joy,1.0,label_emotion_1143223431605952512
1143223431605952512,topic,animal,1.0,label_topic_1143223431605952512
1167324347300724736,emotion,joy,0.3355,label_emotion_1167324347300724736
1167324347300724736,topic,person,1.0,label_topic_1167324347300724736
1080206571692503040,emotion,joy,0.6595,label_emotion_1080206571692503040
1080206571692503040,topic,person,1.0,label_topic_1080206571692503040
1140092730949672960,emotion,neutral,1.0,label_emotion_1140092730949672960
1140092730949672960,topic,person,1.0,label_topic_1140092730949672960
1068331658626875392,emotion,neutral,0.6655,label_emotion_1068331658626875392
1068331658626875392,topic,outdoor,1.0,label_topic_1068331658626875392
1143287259584675840,emotion,neutral,0.6635,label_emotion_1143287259584675840
1143287259584675840,topic,outdoor,1.0,label_topic_1143287259584675840
1178391541912653824,emotion,joy,0.6676,label_emotion_1178391541912653824
1178391541912653824,topic,person,1.0,label_topic_1178391541912653824
993316994789093376,emotion,surprised,1.0,label_emotion_993316994789093376
993316994789093376,topic,person,0.677,label_topic_993316994789093376
1180985670383128576,emotion,neutral,0.6713,label_emotion_1180985670383128576
1180985670383128576,topic,person,1.0,label_topic_1180985670383128576
958643388486467584,emotion,neutral,0.6762,label_emotion_958643388486467584
958643388486467584,topic,person,1.0,label_topic_958643388486467584
1162626868445327360,emotion,fear,0.6692,label_emotion_1162626868445327360
1162626868445327360,topic,people,0.6692,label_topic_1162626868445327360
1173345217597095936,emotion,joy,0.6727,label_emotion_1173345217597095936
1173345217597095936,topic,people,1.0,label_topic_1173345217597095936
945803943852818432,emotion,surprised,0.3349,label_emotion_945803943852818432
945803943852818432,topic,people,1.0,label_topic_945803943852818432
1052156302291767296,emotion,sad,0.6656,label_emotion_1052156302291767296
1052156302291767296,topic,text,1.0,label_topic_1052156302291767296
1107535888336232448,emotion,joy,1.0,label_emotion_1107535888336232448
1107535888336232448,topic,person,0.6684,label_topic_1107535888336232448
1096628029943341056,emotion,love,0.3388,label_emotion_1096628029943341056
1096628029943341056,topic,person,0.6751,label_topic_1096628029943341056
1129971720628121600,emotion,surprised,0.6714,label_emotion_1129971720628121600
1129971720628121600,topic,person,1.0,label_topic_1129971720628121600
1141606450175594496,emotion,joy,0.6753,label_emotion_1141606450175594496
1141606450175594496,topic,person,0.6753,label_topic_1141606450175594496
1095898870002941952,emotion,joy,1.0,label_emotion_1095898870002941952
1095898870002941952,topic,people,1.0,label_topic_1095898870002941952
1045523258935754752,emotion,joy,1.0,label_emotion_1045523258935754752
1045523258935754752,topic,person,1.0,label_topic_1045523258935754752
1141891042325520384,emotion,joy,0.6715,label_emotion_1141891042325520384
1141891042325520384,topic,person,1.0,label_topic_1141891042325520384
1130132083722067968,emotion,neutral,1.0,label_emotion_1130132083722067968
1130132083722067968,topic,person,1.0,label_topic_1130132083722067968
1063362568720117760,emotion,joy,1.0,label_emotion_1063362568720117760
1063362568720117760,topic,people,0.6699,label_topic_1063362568720117760
1131394594089680896,emotion,joy,0.6669,label_emotion_1131394594089680896
1131394594089680896,topic,person,1.0,label_topic_1131394594089680896
1117252674820435968,emotion,joy,0.66,label_emotion_1117252674820435968
1117252674820435968,topic,indoor,1.0,label_topic_1117252674820435968
1164091195023306752,emotion,surprised,0.3441,label_emotion_1164091195023306752
1164091195023306752,topic,person,0.6747,label_topic_1164091195023306752
1074565114495225856,emotion,joy,1.0,label_emotion_1074565114495225856
1074565114495225856,topic,person,1.0,label_topic_1074565114495225856
1161274434586574848,emotion,joy,0.335,label_emotion_1161274434586574848
1161274434586574848,topic,people,0.668,label_topic_1161274434586574848
1087883417049358336,emotion,surprised,1.0,label_emotion_1087883417049358336
1087883417049358336,topic,person,1.0,label_topic_1087883417049358336
1065395268834463744,emotion,neutral,0.6531,label_emotion_1065395268834463744
1065395268834463744,topic,person,1.0,label_topic_1065395268834463744
981968717728935936,emotion,joy,1.0,label_emotion_981968717728935936
981968717728935936,topic,people,1.0,label_topic_981968717728935936
1145901976232550400,emotion,neutral,0.3397,label_emotion_1145901976232550400
1145901976232550400,topic,people,0.6708,label_topic_1145901976232550400
1098427247180034048,emotion,joy,1.0,label_emotion_1098427247180034048
1098427247180034048,topic,people,1.0,label_topic_1098427247180034048
1075323229281083392,emotion,fear,0.6639,label_emotion_1075323229281083392
1075323229281083392,topic,people,1.0,label_topic_1075323229281083392
1154563101698543616,emotion,joy,0.6698,label_emotion_1154563101698543616
1154563101698543616,topic,person,0.6709,label_topic_1154563101698543616
1128105482884636672,emotion,joy,1.0,label_emotion_1128105482884636672
1128105482884636672,topic,people,1.0,label_topic_1128105482884636672
1150153898221604864,emotion,neutral,0.674,label_emotion_1150153898221604864
1150153898221604864,topic,person,1.0,label_topic_1150153898221604864
1125123219658354688,emotion,neutral,1.0,label_emotion_1125123219658354688
1125123219658354688,topic,person,1.0,label_topic_1125123219658354688
1033993129051017216,emotion,neutral,0.6687,label_emotion_1033993129051017216
1033993129051017216,topic,other,1.0,label_topic_1033993129051017216
1121250455540867072,emotion,sad,0.6698,label_emotion_1121250455540867072
1121250455540867072,topic,people,1.0,label_topic_1121250455540867072
1169489874899066880,emotion,fear,0.6806,label_emotion_1169489874899066880
1169489874899066880,topic,person,1.0,label_topic_1169489874899066880
1155021840100564992,emotion,joy,1.0,label_emotion_1155021840100564992
1155021840100564992,topic,people,1.0,label_topic_1155021840100564992
1160855446715092992,emotion,surprised,0.3469,label_emotion_1160855446715092992
1160855446715092992,topic,people,1.0,label_topic_1160855446715092992
1139998679755812864,emotion,joy,1.0,label_emotion_1139998679755812864
1139998679755812864,topic,person,1.0,label_topic_1139998679755812864
1178861486844547072,emotion,love,0.6742,label_emotion_1178861486844547072
1178861486844547072,topic,people,1.0,label_topic_1178861486844547072
1113277185982144512,emotion,joy,0.6703,label_emotion_1113277185982144512
1113277185982144512,topic,person,1.0,label_topic_1113277185982144512
1148886527963955200,emotion,neutral,0.661,label_emotion_1148886527963955200
1148886527963955200,topic,person,1.0,label_topic_1148886527963955200
1181756604215922688,emotion,anger,1.0,label_emotion_1181756604215922688
1181756604215922688,topic,text,1.0,label_topic_1181756604215922688
