id,url,description,likes_count,timestamp,comment_count
video_1001397703332573184,,I Will Follow You Into The Dark - Death Cab For Cutie |New Perspective| #dcfc #NoseGuitar #loop,28681,2013-10-14T04:47:11.000000,766
video_1001531161459441664,,my #mcm #mancrushmonday #absolutely  Nick Santonastasso ♡♥,1838,2013-10-14T13:37:30.000000,68
video_1001681548694978560,,Omfg like no mom,6111,2013-10-14T23:35:05.000000,418
video_1003042166966312960,,This how u wake a nigga up part2,7025,2013-10-18T17:41:42.000000,168
video_1003490149176602624,,OHHHHHHMMMMMMGGGGGGGGGG! The Official Honey Boo Boo Vine is following me! Is this real life?! Ahhhh! #mademyday #loveyou,592,2013-10-19T23:21:49.000000,106
video_1003782474029248512,,What the Fuck?? #KevinHart is not ok with this..... #Ufc #andersonsilva #StopThatsGay,11008,2013-10-20T18:43:25.000000,612
video_1003884378750849024,,When rappers voice suddenly change during a song #SmackCam #comedy1 #boybandparty #entertainment #RonnieBanks #SingForCSM,2072,2013-10-21T01:28:21.000000,110
video_1004042856425508864,,deRay in Nigeria wit my homies,835,2013-10-21T11:58:05.000000,72
video_1004191380798881792,,The reason I delete those who add me on Facebook,468,2013-10-21T21:48:16.000000,120
video_1005287795113463808,,"LMAO my best FRIEND... WE CALL HER ""white GAL"" Pretty Red 👏💃💃🙌👊💢🔥🔥💃💃💃👏👏💁👌",1835,2013-10-24T22:25:01.000000,98
video_1005624904525201408,,There is always that one guy... #TEAMSOUR,1331,2013-10-25T20:44:34.000000,254
video_1006189706306084864,,Tur kültürlenmesi :),1953,2013-10-27T10:08:54.000000,84
video_1006225114423021568,,"Iron Chest Charlie, Redeyebrows, CrazyAhh Steve #TEAMSOUR #wildnights #collegelife",118,2013-10-27T12:29:36.000000,76
video_1006384270601768960,,💻👊💢😩😭😳 #Cyberbullying???... #LogTheFuckOff!!! 😒💁,3742,2013-10-27T23:02:01.000000,226
video_1006719408925827072,,DORA THE EXPLORER A RUDE ASS LIL GIRL!!! 😡😡😡😡😡😡😡😡 bitch ain't give a nigga a chance to talk!,13075,2013-10-28T21:13:45.000000,712
video_1007133962444914688,,Can someone please explain to me what's wrong here. #GTA #gta5 #trevor #Franklin #stripclub #funny #LOL #dying #comedy #wtf,413,2013-10-30T00:41:02.000000,132
video_1008090316898803712,,,315,2013-11-01T16:01:14.000000,226
video_1008196651174727680,,Trying to make predictions with Cameron..... #Remake Princess Lauren,614,2013-11-01T23:03:47.000000,304
video_1008397706999549952,,I've fallen and can't get Up :) Hope you like it,56,2013-11-02T12:22:42.000000,46
video_1008804987607896064,,Revine or ignore,1591,2013-11-03T15:21:05.000000,932
video_1009254563917803520,,😩 I tried to scare my brother but #Failure #Smh 😩😫 (w/ Dunn1 ) #LxrdJaay #Deleting,1316,2013-11-04T21:07:33.000000,134
video_1009707103394627584,,Niggaz be like #oops #sorry #mybad #myfault #didntmeanto 🚽💦🙈,72,2013-11-06T03:05:46.000000,458
video_1010700490369089536,,My First Time Singing On Vine 🎤😩 #singing #beautifulvoice #fyv #NickScales #MoreComingLater,731,2013-11-08T20:53:08.000000,244
video_1010794773910863872,,"#Downwithyaboy Jen Dent, Crunk Panda",5,2013-11-09T03:07:47.000000,58
video_1010803384435216384,,I love ice cream,556,2013-11-09T03:42:00.000000,38
video_1011871419321417728,,Sick like the common cold / People hate it's comical / Then they hear my flow disappear no tide to go 6 Second Bars,717,2013-11-12T02:26:00.000000,90
video_1012202601665691648,,Done fucking blew me!!! #NOLATakeOver,1835,2013-11-13T00:22:00.000000,120
video_1012300587720699904,,#davidbanner #play #remix #music #comedy #drunk #yup yup wtf lmao #teampabstblueribbon,141,2013-11-13T06:51:21.000000,52
video_1012520751829598208,,"OMG, he's right behind me!! KSIOlajideBT, Ksiolajidebt, #blackman #scared #OMG #wtf #funny",95,2013-11-13T21:26:12.000000,32
video_1012670469843058688,,Hella fucked up lol but #remake of Phoenix Banuelos crazy fingers lol #stayflyjboy #vapeteam #tut #teamcoolsmoketricks,626,2013-11-14T07:21:08.000000,42
video_1013942839530467328,,"""Wake up lil nigga"" haha #funny #cats #comedy #like #revine",115,2013-11-17T19:37:05.000000,92
video_1013994610969788416,,Best buds,0,2013-11-17T23:02:48.000000,136
video_1014047599634104320,,#ElkeTheStallion bts at da #WSHH shoot,2186,2013-11-18T02:33:21.000000,252
video_1014296143544356864,,On Oct. 28 Police Officers open fire on a mini van full of kids. Revine this to fight against #PoliceBrutality,155,2013-11-18T19:00:59.000000,236
video_1014439802227286016,,Patrick Roy gets around Wayne Gretzky and finishes with a spin o rama.  #nhl #colorado #Rangers #hockey #loop #beaut,1907,2013-11-19T04:31:50.000000,168
video_1014455979091656704,,Had to put then paws👊 on that DUDE PEGGY BRUH! 😂😂 Talkin shit bout #NOLATakeOver .      #PeggyBeLike,308,2013-11-19T05:36:07.000000,32
video_1014514130801008640,,iCelebPretty I'm 😴 #TEAMSOUR,516,2013-11-19T09:27:11.000000,38
video_1015742929878622208,,I no longer want kids,393,2013-11-22T18:50:00.000000,46
video_1015768740903772160,,Shaq Slips And Falls On Air In Slow Motion - VoiceOver #ShaquilleONeal #slipsandfalls #TNT #ChrisWebber #funny,2121,2013-11-22T20:32:33.000000,62
video_1016168381583654912,,Where was he really taking her fine ahh!!!,138,2013-11-23T23:00:35.000000,40
video_1016596288051306496,,Zayn- SOML for the AMA's #onedirection #zaynmalik #AMAs2013,657,2013-11-25T03:20:56.000000,36
video_1017316387020218368,,"S-U-C-C-E-S-S spelled out for the #successflow TheYng, Yung Dreebo, Charlie_Ferrari, Prince_Julius",338,2013-11-27T03:02:21.000000,88
video_1017348591884328960,,Bad Ass White Kids Be Like #SmackCam,2859,2013-11-27T05:10:19.000000,218
video_1017875065444130816,,Alvaro & Mercer feat. Lil Jon - Welcome To The Jungle,12653,2013-11-28T16:02:20.000000,558
video_1017970044258377728,,BEAR HUGS,157,2013-11-28T22:19:45.000000,36
video_1018345515672645632,,Kyries Hebert lays a MASSIVE BLOCK on Onrea Jones!! (@HitStickVine) #hitstick #football #footballhits,15623,2013-11-29T23:11:44.000000,604
video_1018399483828326400,,Damn 😱💪 #Fights #OFWGKTA #SuperSlam,3820,2013-11-30T02:46:11.000000,362
video_1018667358321250304,,Moms in Black Friday be like #funny #comedy #blackfriday #loop #iamlegend,6362,2013-11-30T20:30:38.000000,268
video_1018729501821399040,,The craziest thing I have ever seen! Auburn beats Alabama on last second field goal return! Wow... #football #sports #amazing,4319,2013-12-01T00:37:34.000000,362
video_1019009049120886784,,R.I.P Paul Walker. Love this scene. #fastandfurious #movie #love #actor,289,2013-12-01T19:08:23.000000,38
video_1019862122563563520,,"#RatchetChristmasCarol Vine Stars, Santa Claus ™ 🙈 lmao oh lawd 🎅🎄",1130,2013-12-04T03:38:12.000000,364
video_1020511330580787200,,"#Obama on the death of South African anti-apartheid hero #NelsonMandela ""He no longer belongs to us, he belongs to the ages.""",1946,2013-12-05T22:37:55.000000,192
video_1020541928640507905,,BLT && Friess,561,2013-12-06T00:39:30.000000,98
video_1020817084546215936,,#annoying child Ellie Steele,272,2013-12-06T18:52:52.000000,58
video_1020901686048665600,,How ratchet hoes flat iorn they hair ... #comdey #HoesBeLike #SpaceBaby #LOL  #SheRatcheeeeet 😂 👉Share on twitter /Facebook👈,995,2013-12-07T00:29:03.000000,48
video_1020912874765619200,,Josh Peck drawing like and revine so he can see it! #drawing #art #joshpeckdrawing,1100,2013-12-07T01:13:30.000000,164
video_1020930368741761024,,A veces las madres no saben.,1552,2013-12-07T02:23:01.000000,120
video_1021214042855018496,,#comidy,1965,2013-12-07T21:10:15.000000,88
video_1021311568061095936,,Lol ion care 💁,1342,2013-12-08T03:37:46.000000,206
video_1021335174224465920,,before the party #niggasbelike but shit get canceled they be like,401,2013-12-08T05:11:35.000000,42
video_1021655017381584896,,Mamba takes the court.,2343,2013-12-09T02:22:31.000000,82
video_1023091917250023424,,"Picking out the perfect outfit...AlliCattt, Scotty Sire, Lele Pons #JustGirlyContest",110,2013-12-13T01:32:15.000000,54
video_1025200529762304000,,Consistency and Repetition: the key to Ray Allen's pregame workout. Pacers/Heat on ESPN,1342,2013-12-18T21:11:07.000000,90
video_1025231522179231744,,To my last vine #TMLV,3196,2013-12-18T23:14:16.000000,370
video_1025563073714483200,,#6secondcover #acapella #music #jingle #beyonce #howto #loop #singing #vinesinger #voice #sing #cover,13,2013-12-19T21:11:44.000000,44
video_1025583405355937792,,Heather with the weather (part 1) #heatherashley #heatherwiththeweather,543,2013-12-19T22:32:32.000000,36
video_1025590120042164224,,Big Pimpin' 💸Canadian Edition #LetItRaaain #MackDaddyEh,265,2013-12-19T22:59:13.000000,56
video_1025609192838443008,,#kidsaredumb,16,2013-12-20T00:15:00.000000,36
video_1026296025050148864,,Like lawdddd HOP THE FUCK OFF smh I don't even have females hating on me like the niggas do 💯,1189,2013-12-21T21:44:14.000000,80
video_1026658089262612480,,#howtolookhotinyourvines #photoshoot #santababy #christmas,14,2013-12-22T21:42:56.000000,56
video_1026805374071754752,,"#NolaSleepDoe #NOLATakeOver TOKYOxVANITY, STARFLOW, Wuzzam Supa, Charleszyy, Nick Nack Pattiwhack",5384,2013-12-23T07:28:12.000000,488
video_1026948475654725632,,Diamonds Aren't Forever #Bringmethehorizon #bmth #diamondsarentforever #suicideseason,319,2013-12-23T16:56:50.000000,32
video_1027003324282654720,,#calumhood,214,2013-12-23T20:34:47.000000,32
video_1027371347221045248,,So DaRealNette talks about my father who passed (Allah yer7amo) but EVERYONE on HUSH bc it's her who said it or what? Smh YA'LL FAKE AF✌️👸💯,39,2013-12-24T20:57:10.000000,82
video_1027437650183081984,,She takes after me,244,2013-12-25T01:20:38.000000,72
video_1027479240444452864,,In school I be like... #AndyBiersack #bvb #atemyhomework #school #teachers #hatehomework #homework,7,2013-12-25T04:05:54.000000,66
video_1027519055210438656,,My Nephew In Here Joaning On My Aunt!  😩😩😩😩😩😩😩😂😂😂😂😂😂😂😂😂😂😂😂😂😂😂,551,2013-12-25T06:44:07.000000,42
video_1027733396387975168,,I got some new clothes......😒😒😒,814,2013-12-25T20:55:50.000000,86
video_1028080834764255232,,and in that moment i swear we were infinite !!!!!,1167,2013-12-26T19:56:25.000000,78
video_1028570940705239040,,Lock Up Raw pt 3 .....naaa not rape but murder #convictcam #TeamIgnant #hoodcomedy #comedy #Pshyco #follow Dirtymoney24,3734,2013-12-28T04:23:56.000000,96
video_1030291178240856064,,"Paid In Full ""what's poppin Kurmy"" w/Shay Buttaa Babyy  #LOL #funny #comedy",965,2014-01-01T22:19:32.000000,190
video_1030470596695359488,,Aaron Rodgers stuns the Bears with a Game Winning Touchdown pass on 4th down! #music [Dimitri Vegas - Mammoth (original mix)] #epic #nfl,1927,2014-01-02T10:12:29.000000,172
video_1030637312557678592,,My 2014 Secret Is Out 😂😂😂😂 #TeamIgnant #TeamTopNotch #SwaveShow,1130,2014-01-02T21:14:57.000000,210
video_1031714823689437184,,#Rstyle #success #vineamateurhour Diff between a lite n dark skinned nigga gettin hurt by a chick😆 #TEAMSOUR,592,2014-01-05T20:36:36.000000,54
video_1032610021605056512,,ToddyWop_ lmfaoooooooo breh,893,2014-01-08T07:53:48.000000,64
video_1033243846865473536,,Sus dude trying to talk to me wtf,310,2014-01-10T01:52:23.000000,50
video_1033551391932710912,,#scarecam #funny #dog #cat #savannah #love,788,2014-01-10T22:14:28.000000,114
video_1033993129051017216,,This is not a #LNV,5017,2014-01-12T03:29:46.000000,436
video_1034009613798187008,,Huge karate kick to the head! {Song: Hate Being Sober - Chief Keef (Remix)} #teamgametime,2183,2014-01-12T04:35:16.000000,86
video_1034325239603015680,,"Y'all wanted another GrindOnMeVines!, GrindOnMeDaily, GrindOneMeRevines, GrindOnMeVines!!",406,2014-01-13T01:29:27.000000,90
video_1035095956305125376,,Christiano Covino back at ya pal. Shouts to #CypherNation too. #KiLSociety ALL DAY! Chiefwakil.com,2411,2014-01-15T04:32:01.000000,288
video_1035362829223784448,,Scared Straight Be Like ... Uggcooliess #Remake,1590,2014-01-15T22:12:28.000000,188
video_1035704405627965440,,Great song!😍 #ride #somo #grindonme #vape #vapetricks #hookah,373,2014-01-16T20:49:46.000000,40
video_1035709331489832960,,DJs in the club be like... #djsbelike #clubshit #TeamCSO #ATLTakeOver,4900,2014-01-16T21:09:21.000000,420
video_1035989830989217792,,Got into a fight last night. Hating Ass Niggas Man .. #NaeNae Still Taking Over 😜 . Show Tonight. Follow IG For Info : CaLLamar #TeamLamvr,216,2014-01-17T15:43:57.000000,34
video_1036391385047134208,,1 Like = Respect!! Just saw this fabulous girl dance on India's Got Talent and she only has 1 leg...just AMAZING. What a spirit!,2650,2014-01-18T18:19:35.000000,178
video_1036470207365230592,,My Baby Brother Trying To Make New Friends (Fail) #Followme#Boy#House#Sad#Twoyearsold#Babys#Smiles#Hug#2014,2237,2014-01-18T23:32:48.000000,316
video_1036776803483684864,,Teenager gets blind sided twice by two different teens and gets robbed for his IPhone 5C! #FightVines,1629,2014-01-19T19:51:06.000000,466
video_1036918934974406656,,Blind man #NaeNae 😂,4289,2014-01-20T05:15:53.000000,732
video_1037513465897598976,,the real justin ☺️ #justinbieber,3219,2014-01-21T20:38:20.000000,264
video_1037547364719775744,,Bout to rob this motha fucka #remake,642,2014-01-21T22:53:02.000000,80
video_1037557671953342464,,"For the few of you guys who enjoyed my juggle syncs lol (song: ""They Just Don't Know"" - Gyft) #JuggleSync #bored #dariusbenson #Rising",10191,2014-01-21T23:33:59.000000,552
video_1037584295784497152,,"""I'm not like them other guys"" (But this be the case though!😴"" 😩",17150,2014-01-22T01:19:47.000000,300
video_1037604986386882560,,Pablo misses you . #JalenDotson,2149,2014-01-22T02:42:00.000000,130
video_1038002020772110336,,"Here come the Feds ""officer do to much",1800,2014-01-23T04:59:40.000000,66
video_1038279828601765888,,#DumbDonald #FatAlbert #throwback Alphonso McAuley,3198,2014-01-23T23:23:35.000000,190
video_1038638173796159488,,Miami Metro released Justin Bieber today... 💉🔪😈 #dexter #justinbieber,5981,2014-01-24T23:07:31.000000,346
video_1038952710659035136,,Racism (Also Starring Craig Trevett ) #benadamsisinnocent #comedy #BumcheeksInternational,617,2014-01-25T19:57:23.000000,50
video_1040017863920017408,,#samesexmarriage #SamSexMarriageSupporter #equal #equality #equality2014,82,2014-01-28T18:29:55.000000,92
video_1040475260585484288,,"Scene 7: TOKYOxVANITY, Wuzzam Supa, DaRealNette #SetItOff2014 #nolatakeover",908,2014-01-30T00:47:27.000000,36
video_1040480063214456832,,I Hate Greedy Ass Dogs 😡,207,2014-01-30T01:06:32.000000,80
video_1040547079480930304,,Helga,1856,2014-01-30T05:32:50.000000,212
video_1040715918327648256,,butt monkey #thechantgame #zombie #yeah #no,21,2014-01-30T16:43:44.000000,40
video_1041223651707719680,,get dunked on SLAMBALL style! #SLAMBALL,4399,2014-02-01T02:21:17.000000,138
video_1041575393192218624,,Two robbers mess with the wrong clerk. #RobberyFails #comedy #funny #lol #haha,2483,2014-02-02T01:38:59.000000,90
video_1041926984047251456,,"#EliManningBeLike ""u messin up da legacy lmao""  #DatVoiceDoe #DatFACEDoe",19,2014-02-03T00:56:05.000000,34
video_1042152100458799104,,With that combo shot.. #skills #golf #poolandgolf,7205,2014-02-03T15:50:36.000000,460
video_1044184247084498944,,Singers room. Haha,1590,2014-02-09T06:25:38.000000,62
video_1044413228903788544,,I have done this plenty of times 😭😂 this is my facial expression right before I karate kick my ass outta bed 😭😂#thecollection #lolatl,503,2014-02-09T21:35:32.000000,46
video_1044444091183788032,,Marcus Smart shoves a chubby Texas Tech fan in rage! #marcussmart #oklahomast #texastech #sports #vine #21CS,1534,2014-02-09T23:38:10.000000,230
video_1045487837144907776,,Justin Bieber and I should quit rapping...,505,2014-02-12T20:45:38.000000,94
video_1045523258935754752,,That one friend who always tries to compete with you... Jessica Lesaca,12292,2014-02-12T23:06:23.000000,550
video_1045940810706726912,,There's always that 1 dumb ass out the group u don't wanna take NO WHERE! 😩😩😭 YUNG POPPY #TEAMSOUR,2656,2014-02-14T02:45:35.000000,252
video_1046262244998258688,,My man and I! Happy VDay everyone! (Shoutout to all the single ladies ~~ Beyonce still loves you),55,2014-02-15T00:02:51.000000,44
video_1046367793622441984,,Gosh dang you autofocus! #Attila,1721,2014-02-15T07:02:16.000000,86
video_1046683080292782080,,"Sound check at #WhiskeyRepublic with DUDEnGUY. Ready to rock Providence, RI tonight!",4529,2014-02-16T03:55:06.000000,188
video_1046969682382794752,,For the record.... #thewalkingdead #sunday #dead #bamfwalker,246,2014-02-16T22:53:58.000000,44
video_1047214355399462912,,Early Morning Bars 😂 Rappin Like Ross #HUMPH #GetLosTo20K #imfoolish,646,2014-02-17T15:06:12.000000,40
video_1047231749924728832,,Kevin durant with the huge alley oop off the inbounds pass from stephan curry #alleyoop #lob #dunk #kevindurant  #allstargame #neworleans,1142,2014-02-17T16:15:19.000000,70
video_1047619465950736384,,Gottem 😏,4836,2014-02-18T17:55:58.000000,652
video_1047662801553936384,,Didn't see that one coming 😣 w/Elise Odoardi #ouch,3489,2014-02-18T20:48:10.000000,298
video_1048237592963330048,,Little people probzz 👎,35,2014-02-20T10:52:11.000000,44
video_1048311727059861504,,liam interviewing the boys is the best,3097,2014-02-20T15:46:46.000000,114
video_1048815494985551872,,"Comedian Marvin Howard reppin Minnesota. ""The Warm Up""",46,2014-02-22T01:08:34.000000,62
video_1048908355407675392,,2009 – 2014,8769,2014-02-22T07:17:33.000000,598
video_1049049912895234048,,,1040,2014-02-22T16:40:03.000000,178
video_1049829133251125248,,ForeverFreshFERLAN 🙌🙌🙌 #TeamNoChill #FloridaGang #TeamNevaChill,217,2014-02-24T20:16:24.000000,112
video_1049866734833991680,,The shit you do when you bored in the car,287,2014-02-24T22:45:49.000000,38
video_1050549294417457152,,Nani cancels Ronaldo's AMAZING goal because he was offsides... #soccer #football #futbol #footvines (twitter: @theFootyViners),5998,2014-02-26T19:58:04.000000,560
video_1050956336680345600,,Lepore's lawyer won't be pleased when he sees his client's latest vine at such a delicate time...,1251,2014-02-27T22:55:30.000000,532
video_1050979346070077440,,SHOWING YOU MY DANCE MOVES OHH,613,2014-02-28T00:26:56.000000,78
video_1050987543383937024,,😒 got 3 days for releasing my breath 😒,2409,2014-02-28T00:59:30.000000,120
video_1051013843955957760,,I totally don't think it's ok for a man to hit a woman but if you hit me you're getting hit back lmao and that's REAL YALL KNEW !,4459,2014-02-28T02:44:01.000000,374
video_1051123149653118976,,I just got home & all I see on my TL is boy young 😩😒 #TeamSnapCam,8,2014-02-28T09:58:21.000000,32
video_1051235021203316736,,Knock Knock Zoom Zoom 😂😭 #Gone lol,2251,2014-02-28T17:22:54.000000,130
video_1051368830045483008,,I do support everyone ❤️ #gayrights,195,2014-03-01T02:14:36.000000,40
video_1052149019687985152,,Another #repost from my Xmas shoot #realsexibarbie,389,2014-03-03T05:54:48.000000,352
video_1052156302291767296,,Matt is the sweetest // #depressed #matthew #espinosa #matt #magcon #magconedits #edit #camerondallas #matthewespinosa ☁️🙇,3857,2014-03-03T06:23:44.000000,354
video_1052335428860043264,,100K🎉🎉🎉🎉🙌😩 Thank you so much!! I LOVE EACH AND EVERY ONE OF YOU❤️❤️#Yass,7522,2014-03-03T18:15:31.000000,460
video_1052400209289940992,,Sweet moves by Rick Nash #hockey #vine,350,2014-03-03T22:32:56.000000,36
video_1052407693459476480,,When People Say You First #comedy #evanblaked,14463,2014-03-03T23:02:40.000000,730
video_1052863263529963520,,NEW VINE GLITCH TRY IT! IT TOTALLY WORKS! #funny #SincereVine #vine #TEAMUNDERDOGS #fattuesday #comedy,240,2014-03-05T05:12:57.000000,174
video_1053133798101442560,,"10,000 #revines I will slap my grandmama 😁😳👋👋👋👋👵👵👵👵👋👋  she going kill me 10,000 #revines",583,2014-03-05T23:07:57.000000,180
video_1053238178943234048,,20 bocks!!,1339,2014-03-06T06:02:44.000000,34
video_1053441156740681728,,Why there's no gospel according to Jesus (part 3),507,2014-03-06T19:29:17.000000,44
video_1053509458280050688,,"Not so much a ""rage"" but I'm done with this #FloppyWings",461,2014-03-07T00:00:42.000000,82
video_1053567200277450752,,#FloppyWings,891,2014-03-07T03:50:08.000000,86
video_1053791122083753984,,Imma fool ya have a blessed day 😂😂😂😂😂 #TEAMSOUR,398,2014-03-07T18:39:55.000000,94
video_1053817084393508864,,New York is dangerous w/ Renee Lyon and Anna Clendening,7801,2014-03-07T20:23:05.000000,202
video_1053834433943183360,,"TONIGHT - Friday, March 7th - Don’t miss Mighty Mo vs Peter Graham, at 9/8c LIVE on Spike TV! #BellatorMMA",1654,2014-03-07T21:32:02.000000,62
video_1053851785821384704,,Trying to get Jabbar Hakeem to do a vine 😒,1673,2014-03-07T22:40:59.000000,72
video_1053867748171595776,,This in my lovely mother,1508,2014-03-07T23:44:25.000000,72
video_1053874949846663168,,"Follow for more videos, thanks you guys are awesome! 💜",665,2014-03-08T00:13:02.000000,42
video_1054174904356311040,,"SamTakesOff, Jabbar Hakeem 😂😂😂 Brianne",1943,2014-03-08T20:04:56.000000,52
video_1054210825700741120,,Write this on 8 vines or you'll die in 8 hours. ✋✋ #bitchplease 😂,931,2014-03-08T22:27:41.000000,128
video_1054254121538498560,,CALM DOWN! It's not a real penis.,1,2014-03-09T01:19:43.000000,68
video_1054332992950054912,,Group of talented dancers. Song: Caleb Mak- the joker #truetalent,2211,2014-03-09T06:33:08.000000,34
video_1054888765589991424,,"What ever your fight, what ever your battle, Jessi Smiles and myself want to see you be brave. || Sara Bareilles - Brave ❤️❤️",9952,2014-03-10T19:21:34.000000,694
video_1054929697353457664,,Dat face tho 😂😭😂😭😂 #lipgloss,285,2014-03-10T22:04:13.000000,114
video_1055241182718332928,,Fuck cancer,155,2014-03-11T18:41:57.000000,36
video_1055302920520220672,,"#BlackRanked BdotAdot5, YUNG POPPY, Nick Nack Pattiwhack, TOKYOxVANITY, Anaya, 4everkelz",1536,2014-03-11T22:47:16.000000,40
video_1055376321662377984,,Singing for US! #nomatterwhereyouare @Taylor Phillips @Corbin Phillips @Hunter Phillips #6secondcover,1043,2014-03-12T03:38:57.000000,132
video_1055573849443864576,,RUSSELL WESTBROOK ON LOOP!.. #TeamOT,2567,2014-03-12T16:43:51.000000,210
video_1055729335686066176,,Lock and Load!!! #InnapropriateTimeForChapstick omar gHonim Ginger Wesson Darius Benson ScottySire AlliCattt,4698,2014-03-13T03:01:42.000000,358
video_1056068458850689024,,😒😒 cuz I dnt feel like doing that frfr,755,2014-03-14T01:29:15.000000,66
video_1056396634285637632,,Just a thot of mine 😎,3886,2014-03-14T23:13:18.000000,564
video_1056441342043242496,,Lebron with two full court shots #NBA #King James,1542,2014-03-15T02:10:57.000000,170
video_1056707580472258560,,megan nahhhman when i found out megan was single.... Bish whet,5030,2014-03-15T19:48:53.000000,148
video_1056767045251080192,,Hows My Balitmore Accent ? #TEAMSOUR,2422,2014-03-15T23:45:11.000000,522
video_1056991806686478336,,Help me with a reference sheet?,1,2014-03-16T14:38:18.000000,50
video_1057501435811500032,,Why Females Always Think This Way? #dreamteam #CarolinaCrew,89,2014-03-18T00:23:23.000000,32
video_1057758328068952064,,#donaldducking 🐤😂 #teamsupra,3013,2014-03-18T17:24:11.000000,80
video_1057901075220598784,,SHARKEISHAAA NOOOOOOO,714,2014-03-19T02:51:25.000000,90
video_1058237395197440000,,Kobe Bryant JUMPS OVER A CAR #nba #lakers #KB24 #ashtonmartin #stayhigh,5445,2014-03-20T01:07:50.000000,738
video_1058275301689892864,,Lycia including all of the Glamss girls they are all here for you they love you ❤️ @lyciafaith,2216,2014-03-20T03:38:27.000000,418
video_1058279271862329344,,Lycia faith is the strongest person I know ♡ and btw go watch her new video http://youtu.be/mTWxsveDHJA !,3189,2014-03-20T03:54:14.000000,216
video_1058308699795390464,,#RealTalk 😂😂😂 Had to throw that out there. . .,93,2014-03-20T05:51:10.000000,42
video_1058495731721728000,,DEEP range on the way out of practice,224,2014-03-20T18:14:22.000000,158
video_1058567897011920896,,Things that gross out Peyton Manning. #NFL #Football,1872,2014-03-20T23:01:07.000000,140
video_1058889058803146752,,Thanks Ma. #comedy #nofood #nofood4me #bullshit #WeNeedFood #follow,405,2014-03-21T20:17:18.000000,78
video_1058940543196979200,,#warready #facts minda ya godddamm motherfuckin business bitch😂😂😂😂😂😂#streetstv,182,2014-03-21T23:41:53.000000,42
video_1058975819718160384,,#youcantjudgeher #BlackRanked,1105,2014-03-22T02:02:04.000000,32
video_1059310997544079360,,AlliCattt and Collins Key,1718,2014-03-23T00:13:56.000000,76
video_1059574871014674432,,"READING VINE COMMENTS PT. 6
I really didn't know what to say to this one....
#thecommentseries",2616,2014-03-23T17:42:29.000000,466
video_1059992032464228352,,Amazing ping-pong shots.,5688,2014-03-24T21:20:08.000000,452
video_1060350847097221120,,#eye #sotrue #messingwithpeople #LOL J-Dot TeeAyeOh  its not safe when I get bored. childish things are likely to happen,15,2014-03-25T21:05:56.000000,34
video_1060431703267028992,,Back in the day track been stuck in my head since yesterday because Kendall T. On Da MIC #teamHAWAII #Hawaiivines #mario #justafriend,483,2014-03-26T02:27:13.000000,38
video_1061048387769679872,,"KiKi Rackz - Round She Go FULL VIDEO in an hour on YouTube SUBSCRIBE DerajGlobal, TwerkNation, TwerkingVines, Twerking 2014",908,2014-03-27T19:17:42.000000,70
video_1061579724511498240,,"Aye dis da most gangsta whiteboy i have ever seen!!!! He told the police ""shut up bitch""😂😂😂😂😂😂😂😂😂😂😂😂 Run man run!!! #hoodcomedy #TeamIgnant",1798,2014-03-29T06:29:03.000000,50
video_1061582683249012736,,"#savekessab #yesitsgenocide #genocide #armenian #spreadtheword #stoptheviolence Chef Boyar G, Arman, Ant!c",177,2014-03-29T06:40:48.000000,54
video_1061793757764231168,,Jesus is mad!!!! Jesus,463,2014-03-29T20:39:33.000000,32
video_1062159878522589184,,"When you find your #1 ""fan"" 🔪😳",5272,2014-03-30T20:54:23.000000,442
video_1062530169086095360,,Its all about the no edit smokesyncs💯 too much fun haha Throw it in the bag💰 #SmokeSync @rammalichy,4790,2014-03-31T21:25:47.000000,216
video_1062535235822292992,,I got the wrong impression maybe idk #TEAMSOUR Cory Cash,77,2014-03-31T21:45:55.000000,36
video_1062542981300740096,,Jack Hoffman 7-Year-Old Cancer Patient Runs for TD at Nebraska Spring Game,1702,2014-03-31T22:16:41.000000,526
video_1062801916175974400,,Like and revine if you support this flag yeeyee.  Then yall give me a follow,603,2014-04-01T15:25:36.000000,282
video_1062857673374101504,,sick of the hate on here😓 #selfharm #suicide #cutting,243,2014-04-01T19:07:10.000000,230
video_1063362568720117760,,When somebody farts in class.,1818,2014-04-03T04:33:26.000000,138
video_1063569089739534336,,I've reach the #devils #number #666. Hope god  is watching over me!#PhilipinoVinerRock #Rwilks:)      #crazy #new #world I'm living in,136,2014-04-03T18:14:05.000000,48
video_1064015840896225280,,my mom seriously just said this,1583,2014-04-04T23:49:18.000000,298
video_1064321446668607489,,My parody The Black Simba,5,2014-04-05T20:03:41.000000,48
video_1064324203748175872,,JESUS 🙏 OR SATAN 🔥 #Jesus #satan #devil #god #holy #religion #pray #help #spring #church #gooddeed #nice #like #share #follow #godbless,4313,2014-04-05T20:14:38.000000,800
video_1064662952684179456,,Since we only live once why don't we live for our Lord and Savior? #TeamJesusFreaks,591,2014-04-06T18:40:42.000000,66
video_1064754213302792192,,check out sunshinevape.com for all your vaping needs ☀️💨#freshvape #vape #vgod #dope #sunshinevape #sunshinevapers #vapecommunity #ahood,128,2014-04-07T00:43:20.000000,34
video_1065026019561533440,,#Exclusive773 #LincolnBeLike take care of your business,1187,2014-04-07T18:43:24.000000,90
video_1065395268834463744,,My ice cream truck vs. yours 😂😂😭 🍨🍧🍰🍦 #Lmaoo #NateFields #RemixGang,1511,2014-04-08T19:10:40.000000,70
video_1065408203174641664,,My artistic inspiration came from the bold & intense flavors of Gatorade Fierce. Explore the art of flavor at Gatorade.com/Fierce-Collective,11046,2014-04-08T20:02:03.000000,562
video_1065464392118067200,,Keep it classy. A look back at my favorite moments through my first 99 vines. #post100 #loop  #vinyet,420,2014-04-08T23:45:20.000000,66
video_1065798031183650816,,#ButNakedNastyOrNah  😂👐 wolftyla,2924,2014-04-09T21:51:06.000000,82
video_1066169079599104000,,😂Pastor Rounds🙌,1171,2014-04-10T22:25:31.000000,274
video_1066207153549086720,,What is stoping you from being amazing #beamazing #peopleareamazing #amazingpeople,2741,2014-04-11T00:56:48.000000,66
video_1066222158239453184,,"It's funny how all you haters hate on an eight year old when he has 30,000+ followers!😂Caleb Coffee",125,2014-04-11T01:56:25.000000,80
video_1066305683928035328,,God Loves The Gays Cuz Who Picks Out His Clothes 💯🙌💯👌🙏💒 #RatedZionMiguel God Has A Sense Of Humor Cuz He Created Me 😘,464,2014-04-11T07:28:20.000000,80
video_1066477558595461120,,My last phone call before going to prison for the rest of my life. (w/Wahlid Mohammad and Brandon Calvillo),35423,2014-04-11T18:51:18.000000,402
video_1066980163927085056,,BACH STAY DIPPED IN BUTTER CUZ!! #KingBach KingBach,1540,2014-04-13T04:08:28.000000,116
video_1067325353481154560,,To whoever made that vine and called Nash Grier a faggot...,2128,2014-04-14T03:00:08.000000,286
video_1067712613082931200,,What is our nationalities . Q&A .,1259,2014-04-15T04:38:58.000000,128
video_1068090269611814912,,"If Bryan Silva ran into a real ""Nigga"" 💀#VineLikeBryanSilva #april",1596,2014-04-16T05:39:38.000000,96
video_1068331658626875392,,Julio Jones with Hops! Remember to use the hashtag #sportsnstuff to enter to win a revine! (This weeks winner announced at 7:00pm Est Time!),6105,2014-04-16T21:38:50.000000,258
video_1068931474784436224,,What happened to forever?,977,2014-04-18T13:22:17.000000,200
video_1069119845687328768,,T Rex hit you with tha tec🔫🔫🔫 I'm the devil 😈,61,2014-04-19T01:50:48.000000,150
video_1069402134493184000,,#badbarney explains #easter #zombiejesus #voiceover,182,2014-04-19T20:32:31.000000,70
video_1069505734389223424,,,536,2014-04-20T03:24:11.000000,40
video_1069797641048776704,,In action,831,2014-04-20T22:44:07.000000,40
video_1070034127660666880,,I need to sleep! #Sleep #insomnia #animation #vinimation #australia #AustralianViners #5amstart #fml,22,2014-04-21T14:23:50.000000,34
video_1070449102225096704,,10mm,22,2014-04-22T17:52:47.000000,44
video_1071192384462815232,,IN MEMPHIS SHE WON THE FIGHT BUT 5 DAYS LATER THEY CAME BACK AND TOOK HER AND HER HUSBAND LIFE 😔😔😔THIS THAT BULLSHIT NO ONE TAKING AN L,486,2014-04-24T19:06:20.000000,154
video_1071559888842489856,,Bad bitch contest you in first place. what what what what?,4560,2014-04-25T19:26:40.000000,604
video_1071569348935725056,,Good day for some basketball practice (inspired by 2003 POWERADE ad with Lebron James) #vinemagic #basketball,2129,2014-04-25T20:04:15.000000,108
video_1071611451216748544,,He is gorgeous and amazing😍 Officially Donnie #officialdonnie,2524,2014-04-25T22:51:33.000000,338
video_1072272423350611968,,,905,2014-04-27T18:38:01.000000,74
video_1072641231181459456,,WHEN ASHTON REALIZES HE BROKE HIS DRUMS OMFGF #ashtonirwin #calumhood #michaelclifford #lukehemmings #5sos #5secondsofsummer,3757,2014-04-28T19:03:32.000000,302
video_1073365057221664768,,😩😩😩😩,2595,2014-04-30T18:59:45.000000,152
video_1073397272806817792,,😭 Im Ugly As Shit But #Vinelikedeebreezy Dee Breezy!,244,2014-04-30T21:07:46.000000,244
video_1073767088117682176,,Dang #OohKillemSports,2327,2014-05-01T21:37:17.000000,86
video_1074093091838996480,,Who Can Guess This Song ? 😈 #chiefkeef #300 #GBe #glogang #713 #chiraq #chicago,1040,2014-05-02T19:12:42.000000,90
video_1074178615274520576,,THIS IS THE WORST DAY OF MY LIFE 😓😓😓😓#ontheruntour #imsorrybeyonce #WhhhhhyyyyyLoooooorrrrrd,2007,2014-05-03T00:52:33.000000,334
video_1074558864478883840,,Mike Scott posterizing Mahinmi!! #nbaslams,3320,2014-05-04T02:03:31.000000,154
video_1074565114495225856,,How I feel every time I eat #McDonalds fries.,1595,2014-05-04T02:28:21.000000,304
video_1074582050805350400,,WHEN SOMEONE SCARES TOU. #ammonflores #amazing #cool #falconpunch #VincentMarcus #PicPlayPost,8,2014-05-04T03:35:39.000000,36
video_1075209954887151616,,Happy Birthday to the hardest working man in Showbiz @KCarmouche #BlockRanked 🚫🚫🚫🚫🚫🚫🚫🚫🚫🚫🚫🚫🚫🚫🚫🚫🚫🚫🚫🚫🚫🚫🚫🚫🚫🚫🚫🚫,109,2014-05-05T21:10:43.000000,168
video_1075288563576344576,,When you hit the 6th star in grand theft auto... 😂😂😂,8949,2014-05-06T02:23:05.000000,522
video_1075323229281083392,,#savedvine for some of the thirsties out there.,347,2014-05-06T04:40:50.000000,68
video_1075400357594677248,,What an amazing goal ! #goal #soccer #football #bestsoccervines #like #revine #follow #tagsforlikes #bestgoalsweek #BestGoal,1214,2014-05-06T09:47:19.000000,192
video_1075911890053615616,,Trying it out before you buy it... #fail 😂 /w Mickey Lacoste,17283,2014-05-07T19:39:58.000000,336
video_1076155793067458560,,She don't know what the nae nae is #naenae fail,4,2014-05-08T11:49:09.000000,176
video_1076449821596205056,,💯 aint no shame in the head game 👅💦 NewOrleansTevin,83,2014-05-09T07:17:30.000000,32
video_1076989232968626176,,Officially Donnie 😻😻,1031,2014-05-10T19:00:56.000000,138
video_1077720157402615808,,Been awhile!,2847,2014-05-12T19:25:22.000000,206
video_1078300657657741312,,¥,1126,2014-05-14T09:52:04.000000,144
video_1078788598574231552,,"If you're struggling with life,I cant fix it for you.I can only offer my experience & tell you that someday it will all make sense. ❤️ #tbt",5913,2014-05-15T18:10:58.000000,322
video_1079165184779636736,,Car Saves Child After Dog Tries To Attack Him yesterday! Revine For Respect 🙏 #catsavesboy #wow #imacatperson #save #SavePretty #follow,1216,2014-05-16T19:07:23.000000,286
video_1079327636633055232,,Do it for the vine😍,1111,2014-05-17T05:52:55.000000,60
video_1079563325219762176,,#illiterateass,59,2014-05-17T21:29:28.000000,32
video_1079941606209196032,,#TheStrugglesofAHighNigga part 28.... Only real smoker know this struggle.... #TGIFO #TEAMSOUR #TeamDreadHead,1792,2014-05-18T22:32:37.000000,288
video_1079979879103168512,,Like and Revine if you are a fan of #BlackButler/#Kuoshitsuji #AttackOnTitan/#ShingekiNoKyojin/#AOT #SailorMoon #Naruto #Clannad #SoulEater,153,2014-05-19T01:04:42.000000,36
video_1080206571692503040,,Crossfit saca el hombre que llevas dentro Parte 3.,1722,2014-05-19T16:05:29.000000,106
video_1080414388202143744,,You'll and these remakes 😑😑 #remake YUNG POPPY,779,2014-05-20T05:51:17.000000,76
video_1080644237860691968,,"mcashhole, Nick Nack Pattiwhack, David Banna, 2realmacdatfee, Wuzzam Supa, Anaya #BlackRanked",173,2014-05-20T21:04:37.000000,170
video_1080677149976965120,,#SideNiggaProtocol Khleo_T,1848,2014-05-20T23:15:24.000000,424
video_1080713892960825344,,So guys be posting more in the summer so that will be Friday this Friday so see ya soon!!!!! 😄,2,2014-05-21T01:41:24.000000,46
video_1081347031362084864,,#Vidlab,805,2014-05-22T19:37:16.000000,54
video_1081664980782374912,,My mod>> yours. #Ecig #teamcoolsmoketricks #vapetricks #smoke #clouds #vape #vapeon #VGOD #ecigmod #teamvapetricks,12,2014-05-23T16:40:41.000000,36
video_1081770339480018944,,#bruh #bruhmovement 😂😂😂 follow Bruh !!,2560,2014-05-23T23:39:21.000000,432
video_1082024475463172096,,First time Introducing  WeeklyChris music to his family #SoDoubleTheSwagYo video by irham,752,2014-05-24T16:29:11.000000,286
video_1082666054314094592,,Louis squirting water at the security guard hahaha,2761,2014-05-26T10:58:36.000000,222
video_1082811330043768832,,These kittens were dumped on the side of my road in a closed caged left to die spread awareness animal cruelty is NOT OKAY revine if agreed,1720,2014-05-26T20:35:52.000000,338
video_1083200941169266688,,"DashTrillz, Kane416, CantStopWont, Official Twerk Vines, TwerkKing, Best Twerk Vines, GanjaFreaks #Oreo #whitegirltwerk #twerk #NVOtwerk ❤️",637,2014-05-27T22:24:03.000000,86
video_1083226258218885120,,"#ISeeYou, #Creepy #Scarecam
Tag your friends below if you think they'll get creeped out by this. :) Have fun 
#Cyborg #Eye",6,2014-05-28T00:04:39.000000,50
video_1083599318768062464,,"My art of #2pac ""i ain't happy here"" ~2pac",2566,2014-05-29T00:47:03.000000,52
video_1083946694279860224,,no profanity in this household,458,2014-05-29T23:47:24.000000,36
video_1084002306900779008,,when your crush text you first!  #Vidlab,150,2014-05-30T03:28:23.000000,80
video_1084204805423034368,,😌 in my own world,61,2014-05-30T16:53:03.000000,46
video_1084987505293619200,,😍 | #chrisbrown #acapella #cb #teambreezy #freebreezy #freechrisbrown #singing,738,2014-06-01T20:43:13.000000,40
video_1085363521883193344,,,175,2014-06-02T21:37:22.000000,54
video_1085415668834508800,,Yeh!! That Shit Good!,574,2014-06-03T01:04:35.000000,32
video_1085445634200375296,,"""Get out of my face"" 😂 #ttcrew",265,2014-06-03T03:03:39.000000,48
video_1085673974135971840,,Teach Me How To Thirst Trap w  Splack_19 Wuz Good #ThirstTrap #Thirsty #Girls #HowToGetMoreFollowersTheseDays,2301,2014-06-03T18:11:00.000000,76
video_1086500958768443392,,Do what works for you.,9805,2014-06-06T00:57:08.000000,144
video_1086543779877523456,,Ugly bitch 💅 #teamwildside,857,2014-06-06T03:47:18.000000,188
video_1086708000095629312,,Ds_Just_Saying,144,2014-06-06T14:39:51.000000,44
video_1087153434588753920,,Bae. #Deleting #bored,330,2014-06-07T20:09:51.000000,40
video_1087535147143827456,,Asking Strangers Random Questions 😂 Love this guy's response 😂 #FigsInPublic,23169,2014-06-08T21:26:38.000000,758
video_1087618613571219456,,When your teacher say shes not going to pass u #LOL,178,2014-06-09T02:58:18.000000,56
video_1087666570542600192,,NUN OF MY FOLLOWES SAFE😭😂💀😩 (ON YALL ASS) By VonMar #Thotboyz Fse #FrySession #chicago 😂😭👊👊,1188,2014-06-09T06:08:52.000000,224
video_1087883417049358336,,Woke my lil sister up to tell her she have school in the morning! Lol! #WINNING! Emmanuel Hudson REMAKE!,4585,2014-06-09T20:30:32.000000,132
video_1088094632748953600,,Watch the World Premiere Cinematic Trailer for #ACUnity from #E32014. www.youtube.com/AssassinsCreedUK,871,2014-06-10T10:29:50.000000,124
video_1088167410106023936,,Damn raccoon gone die today!!! It Keeps knocking over my trash can 😡😡😂,2273,2014-06-10T15:19:01.000000,108
video_1088174709562314752,,FFF The Rapper,296,2014-06-10T15:48:02.000000,72
video_1088244090421846016,,Officially Donnie u are so amazing ever one go and follow him 😘❤️,521,2014-06-10T20:23:43.000000,78
video_1088397668046319616,,When someone calls me ugly..,6346,2014-06-11T06:33:59.000000,266
video_1088606388550275072,,Lucas Retarp go back to were u came from u dam nigger,41,2014-06-11T20:23:22.000000,416
video_1088930373125242880,,Rick Ross is now a Billionaire after KFC buys lemon pepper recipe for $10 Billion. Full on story on ODGossip.com,319,2014-06-12T17:50:46.000000,86
video_1089277769843875840,,Pt 2 😂😂😂,254,2014-06-13T16:51:12.000000,42
video_1089363733589180416,,I LOVE HOW THIS TURNED OUT...but happy Friday the 13th 💀 ((if you repost give me credits)),1133,2014-06-13T22:32:47.000000,210
video_1089386242933927936,,He ain't want to look at me 😂😭😂. || More on my Instagram: JosiahJenkins,8529,2014-06-14T00:02:14.000000,470
video_1089592394258735104,,Officially Donnie grinding 😘❤️ u are so perfect!!  dont let anyone get in your way,849,2014-06-14T13:41:24.000000,112
video_1089999176642740224,,Excuse my ugliness for a second I just woke up but yea #FreeProudMuslim FRESH,195,2014-06-15T16:37:48.000000,42
video_1090088382400745472,,Arron Crascall,8555,2014-06-15T22:32:17.000000,438
video_1090203245110247424,,this evil man must be stopped this dog dnt deserve this #Vidlab,208,2014-06-16T06:08:42.000000,154
video_1090353709025779712,,When i go outside and and a mosquito is trying to land on me 😂😂 #VollaSign,479,2014-06-16T16:06:36.000000,40
video_1090702573801021440,,#Depresses #sad #secrets #scar #cut #notenough.,314,2014-06-17T15:12:51.000000,36
video_1090914499969650688,,Dog wants to be vine famous. #Revine or you hate animals 🎉🎉🎉,1065,2014-06-18T05:14:59.000000,104
video_1090918845046308865,,i may or may not have stared at this for quite a while before posting - Shay (06/17 #Copenhagen; IG josefinenoel),1095,2014-06-18T05:32:14.000000,108
video_1091205374369021952,,Tyler Ennis Buzzer Beater to Stay undefeated against Pitt.,1231,2014-06-19T00:30:48.000000,72
video_1091781715627802624,,#firstpost if only this was a real dick,539,2014-06-20T14:40:59.000000,68
video_1092198309856202752,,Haa the whole game that ref was a shame to football. Given sanctions prevented any preparations & lowest budget..made it a game. Damn proud.,78,2014-06-21T18:16:23.000000,136
video_1092214858084454400,,Woke up and found some random girl in my bed😳😂 wolftyla #wtf #whoareyou #thisbitchcrazy #getoutmybed #LOL,1016,2014-06-21T19:22:08.000000,90
video_1092907872842665984,,🍁🍃 #TeamPeaceWTF #peaceWTF $alute 🔥✌👽💨☁☁,71,2014-06-23T17:15:56.000000,30
video_1092969087300173824,,Low to high rocket! (credit to Lax Bro Vines ) Like and revine if your an active follower! (song-spaceman(carnage festival trap remix) #lax,786,2014-06-23T21:19:10.000000,122
video_1093012547432751104,,Abdiel Garcia,3018,2014-06-24T00:11:52.000000,128
video_1093077555252453376,,Quick question!,395,2014-06-24T04:30:11.000000,50
video_1093363423410003968,,bang inspired by @VNGEL #teamcoolsmoketricks #V58 #VGOD #videoshop,936,2014-06-24T23:26:07.000000,112
video_1093418607750586368,,Inspired by Jade Belauste 🎶💕 she's an amazing singer!,413,2014-06-25T03:05:24.000000,42
video_1093485395146063872,,,13,2014-06-25T07:30:48.000000,126
video_1094090769612034048,,Thugs trynna get their G.E.D | #TeamSuave,1302,2014-06-26T23:36:20.000000,62
video_1094413297685540864,,Love you guys! Never say never!💕 and don't forget to follow and revine!,541,2014-06-27T20:57:57.000000,152
video_1094470760749301760,,,51,2014-06-28T00:46:17.000000,56
video_1095091242351857664,,#HitThatHitThatElbow KingTrivv® original vine by DJ._mcdaniels,523,2014-06-29T17:51:51.000000,34
video_1095439996166582272,,Don't fucking act like you finna breeze thru that bitch and then just STOP.,6420,2014-06-30T16:57:41.000000,230
video_1095446517768163328,,😁 JayCole,1231,2014-06-30T17:23:36.000000,802
video_1095630491862048768,,I recorded my last cover at 151bpm let's see if it loooooops YouTube.com/jaaaaaaa (7a's),151,2014-07-01T05:34:39.000000,54
video_1095675144338337792,,"#amiwrong Late night driving, no one on the road. This came on Spotify!",1622,2014-07-01T08:32:05.000000,116
video_1095736849378570240,,"IG jamestheillest & twitter james_theillest. so yea , go follow that lol 😏",310,2014-07-01T12:37:16.000000,38
video_1095896759818952704,,FOLLOW FOR MORE! STUPID BROTHER,2714,2014-07-01T23:12:42.000000,314
video_1095898870002941952,,LarryMiles keeps running into supermom friend Harmony Smith in the darnedest places! #doppelganger,579,2014-07-01T23:21:05.000000,62
video_1095990868877398016,,Follow for more GirlsDance! | Follow us on IG: @VineGirlsDance | Follow GuysDance!,7982,2014-07-02T05:26:39.000000,152
video_1096319947627520000,,"""Am I talented?""",5938,2014-07-03T03:14:18.000000,282
video_1096567014052507648,,"Cast Away: Badoo Edition.  Don't make the same mistake Rocky did, spread the word and download Badoo today!",8445,2014-07-03T19:36:03.000000,212
video_1096618808267177984,,im a nobody  #Vidlab,2,2014-07-03T23:01:52.000000,62
video_1096623496114692096,,What I'd like to do to them,405,2014-07-03T23:20:29.000000,102
video_1096628029943341056,,Simple & Untitled (Simple showcase for my first attempt at skeleton makeup),1489,2014-07-03T23:38:30.000000,172
video_1096952104704180224,,when you have a bad day 😂😭 follow for more top fails posted every day!!,7180,2014-07-04T21:06:16.000000,564
video_1096973775121068032,,❂,4430,2014-07-04T22:32:22.000000,310
video_1097110443434311680,,Ariana grande- almost is never enough #6secondcover #sing #singer #4thOfJuly #usa #independenceday #america  #Flipagram #4th #4thOfJuly,4254,2014-07-05T07:35:27.000000,106
video_1097549752872361984,,please why is racism even a thing spread the word about #notoracism please you would make my day to speard the word   #Vidlab,122,2014-07-06T12:41:06.000000,112
video_1097639562659913728,,Parker from The Story So Far sticking up for his fans at Warped Tour 2014 ( Taken From YouTube ),784,2014-07-06T18:37:58.000000,144
video_1097680912839221248,,I hate when your friends try to make your insults to complements... 😖 Tag someone who does this to you (BTW being weird is not a bad thing),1285,2014-07-06T21:22:17.000000,148
video_1097701474978656256,,😂😂😂 I been doing shit for everything I do,632,2014-07-06T22:43:59.000000,94
video_1098157924557172736,,"""Bitch"" comment below so I can have it all.",5282,2014-07-08T04:57:46.000000,440
video_1098427247180034048,,Brasil 1 - 7 Alemania,847,2014-07-08T22:47:57.000000,44
video_1098494225022345216,,,657,2014-07-09T03:14:06.000000,48
video_1099520439597858816,,Brittney Honey,37,2014-07-11T23:11:54.000000,44
video_1099890043511795712,,Shots fired 🔫🔫💂😂😂 4everkelz #BrotherlyLove #AssWhoopingComingSoon lol,110,2014-07-12T23:40:35.000000,32
video_1100096249568595968,,"i really love lycia,like a lot  and my goal is to get her follow so can u please tag her as much as u can below i will love u forever🌸",128,2014-07-13T13:19:58.000000,40
video_1100156714189541376,,Instagram: @iggyazaleavines 💋 Follow me I will be posting daily!,8443,2014-07-13T17:20:14.000000,300
video_1100181285881724928,,"How I would mug Josh Clark and Brooke Gunn (🎥: Blaize Rouyea, Greg Cleveland) #parkourmugger #flipthatkoolaidpack",20357,2014-07-13T18:57:52.000000,372
video_1100569866882150400,,idk abt this idek (tag her below) AUDIO CREDS BELOW,477,2014-07-14T20:41:57.000000,94
video_1100586565102940160,,For the beautiful lycia 👑🔥 Lycia Faith  #lyciafaith ( tag her? ),143,2014-07-14T21:48:19.000000,164
video_1100888664311242752,,#crackkid #remix #tag3friendsbelow #comedy 😂👌 ( also follow me on instagram/twitter: MadapakaZubin ),859,2014-07-15T17:48:45.000000,134
video_1100966706026872832,,Brens been getting alot of hate and i just wanted to say itll be okay. If you get hate for doing what you love keep going ❤️Bren Lunn,1295,2014-07-15T22:58:51.000000,250
video_1101031922005622784,,#VineFamousPeopleInPerson ScottySire 😜,16825,2014-07-16T03:18:00.000000,262
video_1101188683316801536,,Knife Trick Goes Wrong😨😱! #knifetrick #knife #tricks #goeswrong #viral #shedead #dead #headshot #shewasntready #unprofessional #bruh #loop,1723,2014-07-16T13:40:55.000000,664
video_1101279017832968192,,Who Can Guess What Video This Clip Is From? (Hint: Its The Next #OFThrowback !),2144,2014-07-16T19:39:52.000000,330
video_1101618694213509120,,"""Par cette chaleur, pensez à vous hydrater"" #sport #sun #sunchine #summer #wine #vine #water #run #epic #frenchvine #FrenchVine2014",920,2014-07-17T18:09:37.000000,44
video_1101791523529703424,,The creator of SCV purge be like,287,2014-07-18T05:36:23.000000,32
video_1101859498160779264,,#Gazze #PrayForGaza #GazzedeKatliamVar,1974,2014-07-18T10:06:29.000000,126
video_1102479930484260864,,😂😂😂😂😂 I'm deadass 😑,1582,2014-07-20T03:11:52.000000,70
video_1102830270438404096,,Taking a crack at #LessThanFamousFreestyle (Christian Davies),1676,2014-07-21T02:24:00.000000,58
video_1102862880988413952,,Oooo Nicki Minaj was right! Groupies make up anything lol.. Idk that boy. I like Poppy he is funny and I respect him,258,2014-07-21T04:33:35.000000,246
video_1103020491301625856,,my fat ass is heading to the gym before lunch! 😔 too many bad foods and drinks during vacation 🍺🍹🍔🍟,1090,2014-07-21T14:59:52.000000,126
video_1103172170706006016,,#APMAs Breakthrough Band Of The Year: Crown The Empire,1987,2014-07-22T01:02:35.000000,230
video_1103553631904591872,,"i wanna try edits like this, so if you know any cool desi songs, which i could use for edits like this, comment below please thanks  #Vidlab",95,2014-07-23T02:18:22.000000,72
video_1104115343439302656,,Okay I'm gonna vine way more now 😌 hello vine you got me for now on 😈,1666,2014-07-24T15:30:25.000000,126
video_1104202583716896768,,One time for the one time 🙀😼 #Cheeks #WhiteGirlTwerk #SlimThick #Jiggly #ThatThangMovin #WerkTwerk,2046,2014-07-24T21:17:05.000000,154
video_1104203476390772736,,this is for 5sos clips ♡ bc GET HER TO 50K! and SEXY 5SOS OMF,1382,2014-07-24T21:20:37.000000,114
video_1104240194565337088,,me and the bro DontéMacc  wildin 😂😂,2095,2014-07-24T23:46:32.000000,86
video_1104288379144994816,,INSANE Football Slam! #College #Football,3788,2014-07-25T02:58:00.000000,160
video_1104496862079217664,,Shortbread.,1735,2014-07-25T16:46:26.000000,282
video_1104586493953241088,,#ItzGOLObitxh Join Tha Wave!,451,2014-07-25T22:42:36.000000,38
video_1104632605485494272,,This is the most racist shit I seen on here #Racist #VinesGotTalent #VineOutLaws #News,224,2014-07-26T01:45:50.000000,78
video_1105231090496466944,,Vine is motherfuvker boy smfh#facts,250,2014-07-27T17:24:00.000000,110
video_1105234550293950464,,How detroit niggas rap  #Vidlab,348,2014-07-27T17:37:45.000000,36
video_1105272517608042496,,305 to my city #toronto twerk #TwerkTeamDailyTwerk twerkteambooking@gmail.com,5607,2014-07-27T20:08:37.000000,568
video_1105383009349226496,,Rebecca Black,536,2014-07-28T03:27:40.000000,36
video_1105583807069085696,,Honestly i live for this moment. i hope this jump and rverything happens at my concert,474,2014-07-28T16:45:34.000000,64
video_1105729114431725568,,Tyler Waseleski #whatjusthappened #shareacoke #lickit #thatseriousnesstho #KingBach #CantBelieveHeDiedAtTheEnd #HandsOffTheGooseBoy,127,2014-07-29T02:22:58.000000,66
video_1105729411736543232,,#shmoneydance 😂😂😂 w/ the bro Nileseyy Niles  #leansquadmovement #leansquad #youfunnyb,979,2014-07-29T02:24:09.000000,56
video_1105744359686639616,,it actually makes me sad how some people only know justin because of his mistakes #justinbieber,117,2014-07-29T03:23:33.000000,62
video_1105782383447314432,,#TAORapStory Pt 22,2332,2014-07-29T05:54:38.000000,46
video_1105920604990816256,,He canceled all record of debt. He has taken it away & nailed it to the cross!! Colossians 2:13-15 walk in #freedom while living for #Jesus!,745,2014-07-29T15:03:53.000000,52
video_1106382301555765248,,Sorry vine but I refuse to change up until y'all get rid of these ragged ass offensive viners,107,2014-07-30T21:38:30.000000,38
video_1106404139707133952,,,844,2014-07-30T23:05:16.000000,36
video_1106472773192384512,,@Lyciafaith please tag her 💕,20,2014-07-31T03:38:00.000000,32
video_1106623252002156544,,#Saints RBs,543,2014-07-31T13:35:57.000000,66
video_1106737307656036352,,with you 💕 Lycia Faith,289,2014-07-31T21:09:10.000000,34
video_1106772584131141632,,#givememyfuckingphonebitch,18,2014-07-31T23:29:20.000000,116
video_1106782634031673344,,She makes me happy!😊 Lycia Faith (tag her plz),614,2014-08-01T00:09:16.000000,128
video_1107151450280443904,,"Rap version of wolftyla's famous vine skit ""Jenny Patel"" #rapvine #loop",1715,2014-08-02T00:34:49.000000,94
video_1107167421770379264,,Jajaja malditos raros.,2099,2014-08-02T01:38:17.000000,56
video_1107179072607424512,,Michael describing the fans outside waiting😂😂,938,2014-08-02T02:24:35.000000,38
video_1107535888336232448,,"This isn't magcon related, but last week I devoted my life to God. I decided to make this. You can unfollow, but I wanted to spread his word",2625,2014-08-03T02:02:26.000000,648
video_1107604460659785728,,,568,2014-08-03T06:34:55.000000,116
video_1107617794134110208,,"They in here turnt like hell !!! 😩😂😍 SheLovesMeechie, lunchtrae 🙌",2636,2014-08-03T07:27:54.000000,32
video_1107650590911172608,,There ain't no I in team. You make me complete. #JustinBieber #AllThatMatters #6SecondCover #Singing #videoshop,1000,2014-08-03T09:38:14.000000,90
video_1107672264998305792,,the only way i go to bed.,1606,2014-08-03T11:04:21.000000,96
video_1107714967882563584,,We love you Matt and you never fail to make your fans smile😊 Matthew Espinosa,2896,2014-08-03T13:54:02.000000,304
video_1107799880996368384,,#Broombroom SHUTUP,2113,2014-08-03T19:31:27.000000,302
video_1108179423997366272,,Got Tyasia Mella's ass! LOL😂 [ #SheStealing #hestealingprank #hestealing #MightyDuck #MotherandDaughter Mightyduck #remake ],1164,2014-08-04T20:39:37.000000,72
video_1108234260353077248,,What do yal think,8,2014-08-05T00:17:31.000000,140
video_1108466788171476992,,#fightclub,690,2014-08-05T15:41:30.000000,78
video_1108531547583512576,,Message to my haters,1753,2014-08-05T19:58:50.000000,584
video_1108563930927824896,,#FightClub,7933,2014-08-05T22:07:31.000000,600
video_1108574561156370432,,Snapchat: KennyKirigaVine,1422,2014-08-05T22:49:45.000000,92
video_1108881566114979840,,Crazy punt return #MonsterHits,10285,2014-08-06T19:09:41.000000,452
video_1108883196646739968,,Quick ball sesh #VoiceOver,3019,2014-08-06T19:16:10.000000,186
video_1109239642722844672,,TRYING TO COVER A SONG IS SO HARD FOR ME,4,2014-08-07T18:52:33.000000,34
video_1109647179460808704,,#Stonethecrackhead PULL OUT GAME STRONG #remake of : DEE BREEZY‼️ #PullOutGame #butthatsnoneofmybusiness #comedy #Getoutmecar #broombroom 😳😂,706,2014-08-08T21:51:57.000000,40
video_1109879618258792448,,Niall getting hit with something 8/8/14 #niallhoran #onedirection,4621,2014-08-09T13:15:35.000000,270
video_1109985167533064192,,WHEN U GOT THE PERFECT OUTFIT AND THE STUPID ASS ARRON MESS YO SHIT UP!,977,2014-08-09T20:15:00.000000,36
video_1110178926883393536,,"turn up, turn up🔮 I love these boys so much💕 tag 5sos fans",1030,2014-08-10T09:04:56.000000,36
video_1110277591434170368,,I'm #generous even to my #haters,6,2014-08-10T15:36:59.000000,80
video_1110341511658287104,,"Senseless violence has gone on for too long, the cops are out of control#RIPMIKE #JusticeforMikeBrown #hotep #Vidlab",907,2014-08-10T19:50:59.000000,86
video_1110456407771295744,,Police are moving in.,295,2014-08-11T03:27:32.000000,40
video_1110813546008489984,,me when i play basketball 😂 sorry for not posting in a while.,735,2014-08-12T03:06:41.000000,104
video_1110995018279436288,,thanks for 400 followers,237,2014-08-12T15:07:47.000000,68
video_1111084851513430016,,i make too much lycia edits oml { tag her pls },225,2014-08-12T21:04:45.000000,48
video_1111193671526916096,,me listening to paramore,1113,2014-08-13T04:17:10.000000,152
video_1111433093904007168,,"2850 LAKESHORE BLVD W / PO BOX 80011 / ETOBICOKE, ON, CANADA / M8V 4A1",2867,2014-08-13T20:08:33.000000,272
video_1111467239292444672,,Glamms for lyfe am i rite ladies? Lycia Faith SelfieC Gabby Berry Cancerous Vine,632,2014-08-13T22:24:13.000000,200
video_1111633371961946112,,➡️➡️➡️@WhoIsSizzle ⬅️⬅️⬅️,346,2014-08-14T09:24:23.000000,52
video_1111638345144008704,,"""Cop give a damn about a negro , pull a trigga kill a nigga he's a hero"" Tupac did say it best tho #BlockRanked",106,2014-08-14T09:44:08.000000,46
video_1111742426588270592,,😔,741,2014-08-14T16:37:43.000000,48
video_1111796155240882176,,"What I don't understand is how we can ignore the fact that 90% of black people murdered, are murdered by OTHER black people. #wakeup",355,2014-08-14T20:11:13.000000,142
video_1112117669618155520,,Boredom,1607,2014-08-15T17:28:48.000000,106
video_1112180626523672576,,"SHARK SURFING!! #SharkSurfingWeek #spon
Full Video: http://youtu.be/cf4zu_08jiw",2621,2014-08-15T21:38:58.000000,236
video_1112967397087817728,,was this nigga shooting at the end?! #fights #fight #shots,987,2014-08-18T01:45:19.000000,74
video_1113181724466429952,,the day this happens is the day I die 😭,265,2014-08-18T15:56:59.000000,40
video_1113277185982144512,,ashton irwin makes me want to punch myself in the face,2368,2014-08-18T22:16:18.000000,236
video_1113305755882504192,,TAG woah take it easy randy please!! 😜 suck my ass,231,2014-08-19T00:09:50.000000,126
video_1113385871555686400,,Lmfao Yas - #NickiMinaj,519,2014-08-19T05:28:11.000000,32
video_1113743456934793216,,im okay,100,2014-08-20T05:09:06.000000,32
video_1113931305856520192,,I be cheffin,80,2014-08-20T17:35:33.000000,98
video_1115144120886087680,,look i thought it was a spanish thing alright #hetaliathebeautifulworld #INEEDTOSTOPIMCRYING,752,2014-08-24T01:54:50.000000,206
video_1115833711724789760,,Follow Bandit23 !!! HE IS HILARIOUS !!! Get him to 25k!!!!,407,2014-08-25T23:35:02.000000,38
video_1115991006584987648,,"Armed white man shot, injured by police. Unarmed black men killed by police. #NeverLovedUs #blackpeopleproblems #ferguson #police #racism",103,2014-08-26T10:00:04.000000,50
video_1116277382010339328,,DID I MENTION THIS HAPPENED??😂😂,18744,2014-08-27T04:58:01.000000,462
video_1116566662003810304,,some people are just dumb as hell 😒,918,2014-08-28T00:07:31.000000,84
video_1116746377507311616,,This guy is looking to get beat up😂. Follow for more Hilarious Pranks😂👌✨,1250,2014-08-28T12:01:38.000000,80
video_1116860854491869184,,Alison DiLaurentis // comment suggestions,194,2014-08-28T19:36:31.000000,54
video_1116987080183062528,,Reason why to smile.. Lycia Faith 😊💜 (please tag Lycia below so she could see this☺️),295,2014-08-29T03:58:06.000000,110
video_1117113774453805056,,bam bam bam😋 ( tag Lycia Faith please? I really want her to see this😫) #lyciafaith,197,2014-08-29T12:21:32.000000,102
video_1117233634110476288,,Its true bitch😌,1654,2014-08-29T20:17:49.000000,198
video_1117252674820435968,,"Hello!! Just so ya know a little bout me, these are my fave accounts!! Calum Hood, literally calum, $tella's edits, Video editss, manips ok",327,2014-08-29T21:33:29.000000,52
video_1117352411007246336,,#wwe #shawnmichaels #HBK #lol #funny #instagram #vine #follow,135,2014-08-30T04:09:48.000000,72
video_1117609109555183616,,I know I've done these #selfharm #ptv #suicide,131,2014-08-30T21:09:49.000000,74
video_1117635700914032640,,My favorite vines,73,2014-08-30T22:55:29.000000,62
video_1117944738956627968,,(this applies to other female cleberities who get slut shammed & other male celebrities who do stuff like this but get praised) um??????,1778,2014-08-31T19:23:30.000000,724
video_1118074285567909888,,Lauren sneezing is literally the cutest thing ever💕☺️ haha aw #laurenjauregui #fifthharmony,1904,2014-09-01T03:58:16.000000,112
video_1118326100557180928,,ariana casually trying to avoid the question,578,2014-09-01T20:38:53.000000,48
video_1118342327396659200,,This Is For 300 Years Of Oppression,1349,2014-09-01T21:43:22.000000,482
video_1118654490065932288,,nothing was the same 😩😂😂 KEVS FACE AHHHA.,9829,2014-09-02T18:23:48.000000,224
video_1118658638433644544,,YEET!!!😂😂😂😂😂😂Tag the creator #FunnyFails #YEET,3156,2014-09-02T18:40:17.000000,650
video_1118818378325385216,,Officially Donnie yass follow him,649,2014-09-03T05:15:02.000000,122
video_1119062733426712576,,#haters #suckmydick #dissing #fat #ugly,35,2014-09-03T21:26:00.000000,76
video_1119743265634504704,,Molped Reklamları falan hikaye.,5147,2014-09-05T18:30:12.000000,194
video_1119903629130801152,,VER$ACE #GriindTime 🔥,844,2014-09-06T05:07:25.000000,78
video_1119946419399172096,,#Werk #werk #werk #practice #neverperfect BKAB #grind #topless #whitegirl #allnatural #anaconda,543,2014-09-06T07:57:27.000000,38
video_1120192382017613824,,#TeamIgnant #haiti DCYOUNGFLY bring that ass here boy get it copyrighted idc if u didn't start it you got it poppin worldwide,4367,2014-09-07T00:14:50.000000,346
video_1120196474228412416,,NO FLEX ZONE🚫💪 Officially Donnie #donnielook #OfficiallyDonnie,4054,2014-09-07T00:31:05.000000,544
video_1120215944149819392,,When you get your own mail w/ immaberyley,822,2014-09-07T01:48:27.000000,72
video_1120230350132772864,,Lmao #SouthernVineMeetUp,494,2014-09-07T02:45:42.000000,36
video_1120955068431372288,,#FallBackGameStrong,160,2014-09-09T02:45:28.000000,62
video_1120980150667079680,,HELP Funniest Ever GET 200K FOLLOW NOW #FSE,620,2014-09-09T04:25:08.000000,70
video_1121064275889537024,,,1330,2014-09-09T09:59:25.000000,106
video_1121066447423053824,,Lycia Faith 💖(tag her),148,2014-09-09T10:08:03.000000,32
video_1121158480284499968,,"Erkekler ekmek almaya gider gelirken yarısını kemirir,kadınlar ekmek almaya gider ekmek haricinde herşeyi alıp ekmeği unutur w/ Emrah ŞAHAN",4629,2014-09-09T16:13:45.000000,140
video_1121212235147096064,,I KNOW IM NOT THE ONLY ONE WHO HAS DONE THIS LMFAO #ISpilledTheBeans #LOL #VelvetTv #facts #SomebodyIsGonnaGetMad 💀💀💀💀,448,2014-09-09T19:47:21.000000,74
video_1121226538868731904,,☺,439,2014-09-09T20:44:12.000000,122
video_1121250455540867072,,"Friends that support the token black guy through his toughest times w/ Chauncey Stubbs, joejoe teddybear morin #outofchicken #stereotype",7376,2014-09-09T22:19:14.000000,462
video_1121577975859580928,,\\ L W W Y //,398,2014-09-10T20:00:41.000000,38
video_1121606367468515328,,【アリアナ4度目の来日✨】きたーーーー(((o(*ﾟ▽ﾟ*)o))) #アリアナ来日 #アリ友,1198,2014-09-10T21:53:30.000000,92
video_1121977124702605312,,White ppl be saying dumb stuff when they by themselves,500,2014-09-11T22:26:45.000000,44
video_1122388125185138688,,Round 4: BrandonReez Sept 28  vs TeeAyeOh  #fryyoass #poppinmedia,1105,2014-09-13T01:39:56.000000,160
video_1122565290144968704,,Young thug just gayyyy lmfao #dannyglover #YoungThugBeLike,86,2014-09-13T13:23:55.000000,34
video_1122798217923645440,,He could fucking care less tbh he's in LA living life and y'all hating lol have fun >>>>> #NASHDEACTIVATE,5,2014-09-14T04:49:29.000000,48
video_1122916449963679744,,#DünyaDanVineLar,3809,2014-09-14T12:39:18.000000,234
video_1123037967817043968,,"Hmmm I think not Tobi Chip, Rebel Scum #GoTexans #texasnation",26,2014-09-14T20:42:10.000000,36
video_1123093323410776064,,#BVERANDOM WOULD YOU GET ON THIS ONE? #ReggieOhHellNawVoice,351,2014-09-15T00:22:08.000000,162
video_1123119034326523904,,They call him #TheTruth! TOUCHDOWN Frank Gore.,429,2014-09-15T02:04:18.000000,40
video_1123308659594723328,,Black Widow 😤💨 (Vine By Tim Miranda ) Like Revine And Follow For More 😈💯,3967,2014-09-15T14:37:48.000000,120
video_1123478650373783552,,To all the people who say you can't get hurt in baseball. #Baseball #prayforStanton,266,2014-09-16T01:53:17.000000,68
video_1123525409330565120,,like you seen em twirl then he dropped nigga 😂😩 made by me. 👌 #AugustAlsina #bobbyshmurda #shmurda #HotNigga,93,2014-09-16T04:59:05.000000,48
video_1123670404188282880,,still v relatable,379,2014-09-16T14:35:15.000000,40
video_1123778945582555136,,😩😩😩💦💦💦💦❤️❤️ #revine #prettygirlsthatmakestupidfaces #dwaynemckell #thatfacetho #thethirstisreal #whenisourdinnerdatebaby#icant Dwayne mckell,819,2014-09-16T21:46:33.000000,38
video_1123816384208752640,,"""Hey hey! Ho ho! These killer cops have got to go:""",474,2014-09-17T00:15:19.000000,52
video_1123819302441644032,,Don't Talk To Me x 👑Lycia Faith 💞,367,2014-09-17T00:26:55.000000,34
video_1124059566955757568,,,636,2014-09-17T16:21:38.000000,34
video_1124193149447798784,,When you aggravated but yu tryna be a good sport😩😂,5020,2014-09-18T01:12:27.000000,298
video_1124478819911585792,,Lycia Faith my bae💞 everyone tag her please🙅,90,2014-09-18T20:07:36.000000,102
video_1124903865352151040,,I SEE YOU I SEEEEE YOUUUUU,553,2014-09-20T00:16:35.000000,32
video_1125123219658354688,,Güneş gözlüğünü hiç çıkarmıyosun diyen arkadaşlar için 😎☺️ İnstagram: Alp sarışen,3750,2014-09-20T14:48:13.000000,156
video_1125144559953797120,,White people ruin everything😂,1310,2014-09-20T16:13:01.000000,248
video_1125213533622435840,,Counting stars🙌,2943,2014-09-20T20:47:05.000000,212
video_1125222179148386304,,INSANE! Revine if you agree,2347,2014-09-20T21:21:27.000000,194
video_1125371652864389120,,"""imma fuck yo bitch"" ""well imma tell on you"" 😭😭😭",2481,2014-09-21T07:15:24.000000,48
video_1125967329365577728,,Follow my Instagram @lala_marley317 comment done and I'll follow back😻💋,1812,2014-09-22T22:42:24.000000,174
video_1126434493599809536,,BIG SNuk,462,2014-09-24T05:38:45.000000,48
video_1126666343656443904,,A message for those who think they shit gold. Leggo your Ego. Take a lesson from people like Esther G Queen of Likes & get out there & like!,163,2014-09-24T21:00:02.000000,72
video_1126668932112158720,,BigHeadDarryl™ #BringVineBack,168,2014-09-24T21:10:19.000000,54
video_1126712015210393600,,,854,2014-09-25T00:01:31.000000,90
video_1127053283874267136,,😭😭😭😭😭😭😭😭😭😭😭😭😭😭😭😭😭😭 SMACKED LIFE OUT THAT NIGGA,187,2014-09-25T22:37:36.000000,32
video_1127158979873607680,,When the Sub takes your phone & says he not giving it back then trys to leave 👊,1880,2014-09-26T05:37:36.000000,394
video_1127822026334154752,,💤🌃💭,1525,2014-09-28T01:32:18.000000,244
video_1127876297960669184,,#Flipagram just hit 12 let's celebrate jk fml I want to die,20,2014-09-28T05:07:58.000000,104
video_1127899310961647616,,The Weeknd joined Ariana Grande on SNL to perform #LoveMeHarder,436,2014-09-28T06:39:25.000000,32
video_1128105482884636672,,How to survive in the wild,3669,2014-09-28T20:18:40.000000,140
video_1128137015083618304,,"GUY THROWS ROCK AT $400,000 Lamborghini Aventador!",618,2014-09-28T22:23:58.000000,124
video_1128501265627025408,,"This Vine is dedicated to Soccer Addicts, even i got hacked at 10K he help me with my sec acc witouth knowing it was me please tag him!",290,2014-09-29T22:31:22.000000,36
video_1128846724262416384,,5SOS fans...you're welcome. I'm posting these for y'all bc I don't even consider myself a fan. I was a little bit swayed at my concert tho.😳,1908,2014-09-30T21:24:06.000000,246
video_1129971720628121600,,How i be in school. 😂 #wtf,3449,2014-10-03T23:54:26.000000,164
video_1130132083722067968,,Cascading beats #dharni #beatbox #realest #loop,1125,2014-10-04T10:31:39.000000,96
video_1130232332545142784,,#childplease pt. 38 #hmmMovement #BitchYouChildish #YouChildishMovement #YouChildish #2LiveDigital #TeamDSGB #menace2society,219,2014-10-04T17:10:00.000000,62
video_1130289000075177984,,#bored #homealone #entertainme #wheresmypizza 😤,888,2014-10-04T20:55:11.000000,98
video_1130614482700529664,,#fatranked,17,2014-10-05T18:28:32.000000,48
video_1130968503164329984,,😂😂😂 #snapchat billybob313 I know the username is mad weird 😂,1425,2014-10-06T17:55:17.000000,74
video_1130982740506849280,,🍑👀👀👏 #twerkingvine #twerkforlife #twerk #twerkteam #DAAAAMMMNNN #goodnight,750,2014-10-06T18:51:51.000000,32
video_1131004326379503616,,Check out this #ccfreestyle beatbox remix featuring Vincent Marcus and his favorite drink!,19501,2014-10-06T20:17:38.000000,284
video_1131097486707351552,,I'm so weird lol but every time I hear this 😂😂😂,2879,2014-10-07T02:27:49.000000,174
video_1131106768244871168,,Like and Revine if u HATE Cancer!!! Show your support!!!💞,1314,2014-10-07T03:04:42.000000,134
video_1131394594089680896,,Nap?,8827,2014-10-07T22:08:25.000000,480
video_1131434704818540544,,For all the people out there that's having trouble.,3,2014-10-08T00:47:48.000000,32
video_1131786600502677504,,5 year old Leukemia patient JP Gibson got to live out his dream and was signed by the Jazz. He threw down this suck dunk in a scrimmage!,2963,2014-10-09T00:06:07.000000,206
video_1131796294386483200,,"myles, where are you from? 😂😂😂 Myles Parrish, KALIN AND MYLES",460,2014-10-09T00:44:38.000000,56
video_1131802386772721664,,None of you even know the story so chill,337,2014-10-09T01:08:50.000000,92
video_1131877970764574720,,"Evan Peters, fuck. 😍 -Briana",1060,2014-10-09T06:09:11.000000,184
video_1131984583236198400,,#RavenSimone vs #Martin #lmao || I am American!,683,2014-10-09T13:12:49.000000,68
video_1132085719264010240,,Boom Clap Cup Song kyle davis,464,2014-10-09T19:54:42.000000,34
video_1132177012702806016,,Follow Blake Bell ! Snapchat - Blakeyb,703,2014-10-10T01:57:28.000000,70
video_1132434737164881920,,Return to Sender,6909,2014-10-10T19:01:34.000000,186
video_1132551371829207040,,Standing full😋 snapchat/Twitter: @thatvinerchunk,1520,2014-10-11T02:45:02.000000,98
video_1132791665380470784,,WHY DOES IT LOOK LIKE THEY'RE GETTING THEIR DICKS SUCKED AT THE END YO CHILL,1163,2014-10-11T18:39:53.000000,96
video_1132907236507746304,,He's perfect,6373,2014-10-12T02:19:07.000000,722
video_1133303721170997248,,Ain't done turning up 😋😏👅,5452,2014-10-13T04:34:36.000000,302
video_1133597792259268608,,Someone help me understand this shit,423,2014-10-14T00:03:08.000000,60
video_1133675111459774464,,"pooping on table, fuck ps4",256,2014-10-14T05:10:23.000000,424
video_1133907446788939776,,Get Back Here 😂,19250,2014-10-14T20:33:36.000000,820
video_1134017703750103040,,,179,2014-10-15T03:51:43.000000,36
video_1134574208522035200,,Lol u wot corbin #scrub #swag #funny #lol #VineMeetupNYC Nash Grier #Drawing #swagtastic #hilarious #comedy #yolo #bathroom,6,2014-10-16T16:43:04.000000,40
video_1134683032226336768,,At the fair!🎡🎠 Rickey Thompson,11843,2014-10-16T23:55:30.000000,320
video_1134692072150949888,,Old magcon over anything 😭😅💗,150,2014-10-17T00:31:25.000000,52
video_1134750388717752320,,Now the baby ain't have nothing to do with yall beef 😩🙈,593,2014-10-17T04:23:09.000000,74
video_1134908868867313664,,Fake or real? #AmericanFootbal #epic,690,2014-10-17T14:52:53.000000,464
video_1135396246904094720,,she is so attractive,337,2014-10-18T23:09:33.000000,34
video_1135661876378783744,,FOLLOW SECRETFACTS RIGHT NOW TO READ THE FULL STORY THIS IS CRAZY .. FULL STORY ON SECRETFACTS SECRETFACTS SECRETFACTS,283,2014-10-19T16:45:04.000000,144
video_1136091225905082368,,When you make a sick trashcan shot in class!!! #Vam #videoshop,1116,2014-10-20T21:11:09.000000,110
video_1136438550527709184,,Ooh I like 😍,2171,2014-10-21T20:11:18.000000,190
video_1136455692388089856,,Dismembered,12245,2014-10-21T21:19:25.000000,352
video_1136542961623310336,,As promised! Keep up the support guys it means a lot! Next post at 6k! Get me there!,701,2014-10-22T03:06:11.000000,66
video_1136923911028723712,,That face you make when you hear something fall but you don't see it and you think you it's going to hit you,2194,2014-10-23T04:19:57.000000,146
video_1137168303912091648,,Scream until you loose your voice 😩😩😩😍😍😘😘💕,163,2014-10-23T20:31:05.000000,36
video_1137491857195315200,,comment real or fake! 500 followers = free iPhone giveaway!,412,2014-10-24T17:56:46.000000,142
video_1137537063202222080,,#Getyamindright #Aleagueofmyown #GrownFolksStatus,976,2014-10-24T20:56:24.000000,590
video_1137584551972270080,,// 1D 👽 \\ {dedicated to dope styles follow her she's sooo close to 23k!} {i'm really proud of this edit} ☺💖,529,2014-10-25T00:05:06.000000,280
video_1137629756226174976,,😂Stubbing your toe😂 Landon Moss  #he #funny #af,6909,2014-10-25T03:04:44.000000,294
video_1137818305697390592,,people who make the dumbest excuses to not go out (follow me and I'll follow back so comment when done),672,2014-10-25T15:33:57.000000,80
video_1137818665115414528,,Trick shot by Mike Massey🎱💥,1371,2014-10-25T15:35:23.000000,36
video_1138169176205225985,,"Our greatest effectiveness ain't found in bein like the world, but from bein different than the world, in being like Jesus. Ephesians 5:1 🙌",3397,2014-10-26T14:48:11.000000,254
video_1138227974857265152,,White ppl who  feel comfortable saying the N word are ignorant idc where you were raised or how many black ppl you know KILL YOURSELF,404,2014-10-26T18:41:50.000000,114
video_1139049958595825664,,"✌️👽🔫💋 
#lyciafaith
Don't worry more Matt edits are coming!
TAG HER💕",433,2014-10-29T01:08:06.000000,114
video_1139057707211706368,,What am I doing #EXO #kpop #Sehun #kpop2 #exok #exom,297,2014-10-29T01:38:54.000000,36
video_1139231068516737024,,Milk Marie...,605,2014-10-29T13:07:46.000000,40
video_1139338109591482368,,#Teambeefjerky,89,2014-10-29T20:13:07.000000,84
video_1139371426856730624,,😮😮😮 #americanhorrorstory,4980,2014-10-29T22:25:30.000000,346
video_1139484244960555008,,follow @realuntoldstories  on instagram for the rest of the story its crazy,2702,2014-10-30T05:53:48.000000,432
video_1139571355960934400,,RVP's amazing diving header vs Spain #worldcup2014 #soccerdoe,244,2014-10-30T11:39:57.000000,34
video_1139998679755812864,,Happy Halloween || If you haven't yet go watch Lycias new youtube video !! 😘,114,2014-10-31T15:57:59.000000,34
video_1140064326645075968,,Happy Halloween.,1787,2014-10-31T20:18:50.000000,78
video_1140092730949672960,,Snapchat: Megadarkhorse,1531,2014-10-31T22:11:42.000000,64
video_1140761601281069056,,FEELINGS!? _Summerella_ 😴😂 vader don't got feelings bruh😁,218,2014-11-02T18:29:34.000000,78
video_1140906491818233856,,BdotAdot5 I fuck with you Bruh!,125,2014-11-03T04:05:18.000000,220
video_1140936616479985664,,😬💥🔫 Rap Died with Tupac & Biggie,442,2014-11-03T06:05:00.000000,98
video_1140939557404024832,,Fuck haters #Wevape #smoke420 #21 #suckit #nomore #VHunter #VBrady,310,2014-11-03T06:16:42.000000,264
video_1141143060303282176,,thick,630,2014-11-03T19:45:20.000000,30
video_1141578684688445440,,comment below you're  favorite ahs season. mine was asylum! 🙊,489,2014-11-05T00:36:21.000000,414
video_1141606450175594496,,oOOOKAY THEN,644,2014-11-05T02:26:41.000000,82
video_1141891042325520384,,"When somebody try to get you to buy they CD! 😂😂😂 #revineThis BdotAdot5, GotDamnZo",402,2014-11-05T21:17:33.000000,36
video_1142134642015895552,,Thank you so much for 2.5k 💖 || tag her?,251,2014-11-06T13:25:32.000000,102
video_1142252770586521600,,|Liz,576,2014-11-06T21:14:56.000000,114
video_1142295750332801024,,"I challenge you to the ""what the hell did he say?"" challenge.... Comment it below if you understood *EVERYONE KNOWS SOMEONE WHO TALKS LIKE*",640,2014-11-07T00:05:43.000000,206
video_1142331209431846912,,This is why always get caught talking in class cause my loud voice #Bigbopack #loudvoice,924,2014-11-07T02:26:37.000000,122
video_1142441980983689216,,"Whatsapp'ta sevgilisinin last seen'ini kapali olan kizin yeni update ile beraber gelen mavi tikleri gorunceki ruh hali, heyecani..",5287,2014-11-07T09:46:47.000000,248
video_1143223431605952512,,Cute Marnie :d,1538,2014-11-09T13:32:00.000000,108
video_1143287259584675840,,These two look like idiots😂😂 #throwback,2280,2014-11-09T17:45:37.000000,68
video_1143289117963067392,,I CSNDNUSNE FHELYEBS,3646,2014-11-09T17:53:01.000000,186
video_1143343164300689408,,Aidan Meechan: what's the deal with you and Mary? #AskGod  -  It's kinda complicated.,580,2014-11-09T21:27:46.000000,62
video_1144054832739561472,,Cancer patient Xander Bailey had a dying wish of playing professional soccer. Seattle signed him & let him start against Tottenham. Amazing.,15345,2014-11-11T20:35:41.000000,798
video_1144089309163761664,,he's so sweet 😢💘,846,2014-11-11T22:52:41.000000,80
video_1144094099423514624,,Go cop MRose new song #wifebeater on #itunes & #googleplay #mRose #remake #revineThis #DVH #DiVINEHarmonizers #singing #support #amazing,106,2014-11-11T23:11:43.000000,44
video_1144141477287514112,,Pooping on Lamborghini prank 😂😂😂😂,11095,2014-11-12T02:19:59.000000,690
video_1144331807962107904,,Seklin kime,3008,2014-11-12T14:56:17.000000,54
video_1144357237079343104,,Follow Zach Galifianakis  For More Hilarious Vines!! You Won't Regret It!!,646,2014-11-12T16:37:20.000000,38
video_1144852046810681344,,Taking a pic for #instagram #belike #RealOrNah what do you think?,482,2014-11-14T01:23:32.000000,206
video_1145093858573631488,,Young Thug be like! 👓👗👖👟😎😂😂😂😭😭😭😭💯 RICH⛽️🅰🆖 #YoungThuggaButta #ThuggaDannyGlover #YoungThugNotGAY #YSLoaded #YoungThugBeLike,945,2014-11-14T17:24:24.000000,50
video_1145133476874444800,,HAPPY 18TH BIRTHDAY LYCIA 🎉 // Queenlena♕ {please tag her},1075,2014-11-14T20:01:50.000000,130
video_1145255386925215744,,When a hot girl walks into the gym,1781,2014-11-15T04:06:16.000000,168
video_1145462513799180288,,Follow Jenna Marbles 😂😂😂 help get to 890k,1724,2014-11-15T17:49:18.000000,88
video_1145541936233512960,,You had one job 😂😂😂,3640,2014-11-15T23:04:54.000000,114
video_1145644420725678080,,,446,2014-11-16T05:52:08.000000,48
video_1145850829799116800,,"Song By: Slim DeLeon | search: ""SLIM DELEON"" on iTunes & Google Play | www.soundcloud.com/iamslimdeleon | ❤I may follow people back❤️",373,2014-11-16T19:32:20.000000,144
video_1145901976232550400,,\\ Speechless // #johanaispoop,257,2014-11-16T22:55:34.000000,34
video_1145975873728655360,,Who tf made this burger? 💀😭,6602,2014-11-17T03:49:13.000000,642
video_1145994207522361344,,,2089,2014-11-17T05:02:04.000000,176
video_1146249209444712448,,Black people be doing the most weird shit before they fight someone #itsajoke #worldstar,786,2014-11-17T21:55:21.000000,128
video_1146255566205804544,,Always clear your history 😬,116,2014-11-17T22:20:37.000000,78
video_1146305661932544000,,Jimmy D edit,480,2014-11-18T01:39:41.000000,72
video_1146660619244724224,,Lets go in the hallway right now bitch😂😂,1289,2014-11-19T01:10:09.000000,128
video_1146660624768872448,,🎀✨ Following back my next 100 followers ! ✨🎀,725,2014-11-19T01:10:10.000000,92
video_1146682191703834624,,What a hit 😟 #sportsuniverse,1087,2014-11-19T02:35:52.000000,138
video_1146773813787328512,,"ZEDD at Hard Day Of The Dead 2014! 🔊😜 #ilovesickdrops #EDM #EastCoastRavers #harddayofthedead2014 ILoveSickDrops™, Zedd",274,2014-11-19T08:39:57.000000,46
video_1146944515064893440,,FOOL'S GOLD - 1D // 4⃣ // #harmonizingwith1d,1857,2014-11-19T19:58:15.000000,68
video_1146973250014863360,,Shit Mountain #HikingAdventures Voice: EnJoeyment,412,2014-11-19T21:52:26.000000,218
video_1147038872589438976,,NOOO! #BeatItBitch,836,2014-11-20T02:13:12.000000,38
video_1147079459804004352,,,307,2014-11-20T04:54:28.000000,38
video_1147087383884611584,,Oh Shits It's Raining🙆☔️,1046,2014-11-20T05:25:58.000000,222
video_1147214053744226304,,Legendary Jack Ryan Spinning 4 Basketballs,4501,2014-11-20T13:49:18.000000,266
video_1147331269718618112,,Local rapper and known gang member with no criminal background faces life in prison for profiting off of violent lyrics and gang violence,784,2014-11-20T21:35:05.000000,202
video_1147338356309544960,,Follow Your Sports for the best collection of sports and parkour 😏 #snow #cold #followhim,665,2014-11-20T22:03:14.000000,94
video_1147397945940172800,,This is why Messi is the BEST. #LioMessiVines,424,2014-11-21T02:00:01.000000,74
video_1147707543662247936,,👾Trippy Bend into a Long Shot Snipe from FØSU💨 #TEAMHPC #CLDLYF #Vape #SmokeTricks,79,2014-11-21T22:30:15.000000,68
video_1147790913473802240,,Sit down😱😱,4451,2014-11-22T04:01:32.000000,246
video_1148850447302692864,,"""Without that badge you a bitch and a half"" #Ferguson",327,2014-11-25T02:11:45.000000,102
video_1148862471034011648,,Tish wil be in the film clit for my brand new signle #thewingsofaangle xxxx,526,2014-11-25T02:59:31.000000,654
video_1148864800336834560,,I'm so hurt!!! This world will never change! Rest in peace Mike brown!!! #mikebrown  #restinpeace  #justiceForMikebrown,12,2014-11-25T03:08:47.000000,36
video_1148870331159699456,,How do you guys like these black borders? Should I keep using them for some edits? 😊,261,2014-11-25T03:30:45.000000,34
video_1148886527963955200,,Answer this for me: Are you upset that a young black male is dead... Or are you upset that a white man did it? 💬,61,2014-11-25T04:35:07.000000,32
video_1148898679500255232,,This Saturday for ppl who was born and raised in Bama this like the super bowl 😂😂,99,2014-11-25T05:23:24.000000,56
video_1148914872248410112,,#imdonewiththis #ijsdoe,677,2014-11-25T06:27:45.000000,70
video_1149037756371320832,,"""Die In"" in front of Clayton's justice center. #Ferguson",200,2014-11-25T14:36:03.000000,96
video_1149040324006629376,,Dedicated to the amazing Lycia Faith Hope u like it! Tag her Below! Follow me!,597,2014-11-25T14:46:15.000000,82
video_1149078962279211008,,Checkin out hot babes on Instagram be like..#JesusChristKid #bulldogpussyswag #LoveMachine #bringingsexyback,188,2014-11-25T17:19:47.000000,94
video_1149097542819139584,,#NP: Londrelle Hall - #Equality. #SpokenWord #Poetry #Righteousness #NotKendrick #LondrelleHall #Truth ◾️◽️..,2496,2014-11-25T18:33:37.000000,96
video_1149108835580022784,,Follow JoeySalads now,556,2014-11-25T19:18:29.000000,94
video_1149113030794485760,,This Guy #ferguson,58,2014-11-25T19:35:10.000000,168
video_1149143832555147264,,🎉🎊,3291,2014-11-25T21:37:33.000000,534
video_1149150181552459776,,#revine if you like yellabone booty🍑💁,1248,2014-11-25T22:02:47.000000,112
video_1149178946789986304,,Jesus died just to give us new life! Theirs so much love in His heart for us. 😭❤️ #Hisloveneverfails,2317,2014-11-25T23:57:05.000000,588
video_1149189214303641600,,FUCK FERGUSON POLICE  #handsupdontshoot #NoJusticeNoPeace  #RIPMikeBrown  #ferguson  #Missouri,14,2014-11-26T00:37:53.000000,62
video_1149544187516035072,,Fuck #funnyvine #ALSIceBucketChallenge #apotatoflewaroundmyroombeforeyoucame #SoTrueDoe #Im11soshutthefuckup #shutyobitchassup,28,2014-11-27T00:08:25.000000,72
video_1149761218580512768,,😍😍 follow Vanessa Hudgens then comment damn!,1715,2014-11-27T14:30:50.000000,426
video_1149815277853339648,,sHit,542,2014-11-27T18:05:38.000000,64
video_1150153898221604864,,One of my favorite #supernatural quotes.,2002,2014-11-28T16:31:12.000000,122
video_1150175436693749760,,wow I cried making this... {audio: dope dania},1033,2014-11-28T17:56:47.000000,192
video_1150217176888815616,,Major Lazer ft. Sean Paul - Come On To Me (Tomsize Remix),10790,2014-11-28T20:42:38.000000,308
video_1150286134589440000,,Saturn jelly fish 🌗🌘🌑#teamcoolsmoketricks #freshvape #Trippyhippeclan #ahood #vapelyfe #wshh #vapefam #vape #vapelyfe #av #zamplebox,348,2014-11-29T01:16:39.000000,48
video_1150320501583921152,,why doesn't anyone ever talk about this cover muke did omg // sarah 🇺🇸,3766,2014-11-29T03:33:13.000000,504
video_1150544685866143744,,fuck the police #Oakland #sanfrancisco #bayarea #justice4MikeBrown #ferguson 😂😂😂😂 protect & serve who,1314,2014-11-29T18:24:03.000000,106
video_1150549817399898112,,Bowling Ball is ready to go.,4628,2014-11-29T18:44:26.000000,246
video_1150571393902436352,,😳 Like if you think this is insane! #BasketballLegends,9137,2014-11-29T20:10:10.000000,330
video_1150732310153666560,,I laughed at this ine,29,2014-11-30T06:49:36.000000,58
video_1150974608728883200,,"nice to know, frank",858,2014-11-30T22:52:24.000000,54
video_1151041668502671360,,Leave a like if you liked that dunk my Lebron James,505,2014-12-01T03:18:53.000000,40
video_1151131828892114944,,Its funny how if a white kid is shot no one would riot. #ferguson #growthefuckup,92,2014-12-01T09:17:09.000000,152
video_1151348347664293888,,remake of my old ugly one 😺 I make too many edits for 5sos clips ♡ bc ily #5sosclipsto100k 😽,1461,2014-12-01T23:37:31.000000,70
video_1151375296252272640,,Favorite Season? #ahsMurderHouse #ahsedit #Ahs #americanhororstory #evanpeters #ahscoven #AHSAsylum #ahsfreakshow #evanpetersedit #tateedit,326,2014-12-02T01:24:36.000000,98
video_1151417953988849664,,We're eating #lemon on this #foodreviews. Yummmmmmm!!!!!,2028,2014-12-02T04:14:06.000000,826
video_1151438803857186816,,following me on my instagram @ moryfofana,1378,2014-12-02T05:36:57.000000,64
video_1151751082146471936,,TV Shows Be Like... 😂😂😭😭 #theyScanlous #YouBeHavinToWaitAWeek,5440,2014-12-03T02:17:50.000000,304
video_1152013993666629632,,awkward. 😅 // ashley,1394,2014-12-03T19:42:33.000000,144
video_1152035731439788032,,"""I can't breathe."" #EricGarner #LastWords Source: ForeverStars on YouTube #BlackLivesMatter 3/3",1581,2014-12-03T21:08:56.000000,522
video_1152048842963853312,,Am i right? #relatable #mikebrown #ferguson #protest,76,2014-12-03T22:01:02.000000,88
video_1152109702961065984,,Only thing I'm offering #TeamPlaza,1540,2014-12-04T02:02:52.000000,66
video_1152325866454708224,,man look.... iMarkkeyz (BVC NYC) stay up fam 💯 i apologize for the situation.,288,2014-12-04T16:21:49.000000,32
video_1152375978807496704,,Everyday Mi Pray For Peace Love & Unity With One Anther #1Love👊#JahBless.. Mr. Most Hated (BVCM) #handsupdontshoot ✊❤️💛💚,214,2014-12-04T19:40:57.000000,96
video_1152440031538262016,,#Theyrejustkids #thisiswhywecanthavenicethings #imright #ferguson #getoverferguson,46,2014-12-04T23:55:28.000000,58
video_1152467943851012096,,Guess who's on vine now? I may follow back everyone who follows and revines this.,864,2014-12-05T01:46:23.000000,98
video_1152774856690098176,,This kid got knocked the fuc out!😂👊,4501,2014-12-05T22:05:57.000000,358
video_1152796309452173312,,Before I make a vine I be messing around like ... | 😅 #teamtailz,1161,2014-12-05T23:31:12.000000,112
video_1152805998260617216,,why would anyone love a girl with scars?😞 #depressionhurts #depressed #anxiety #scars #suicidaledit #suicide #suicidal #anorexic #sad,113,2014-12-06T00:09:42.000000,232
video_1152816866960560128,,I miss him 😢 | Spencer edit requested.,611,2014-12-06T00:52:53.000000,90
video_1153087665659604992,,Had to repost it was messed up😂 #twd #thewalkingdead #carlgrimes #chandlerriggs #imagine,319,2014-12-06T18:48:56.000000,32
video_1153121937149644800,,babe,567,2014-12-06T21:05:07.000000,46
video_1153579232531042304,,I'm dead 😂😂😂😂 the end was accident,4432,2014-12-08T03:22:15.000000,212
video_1153805453625622528,,Follow us for more mean tweets 😂😂😂,21821,2014-12-08T18:21:10.000000,808
video_1153839686054285312,,,1064,2014-12-08T20:37:12.000000,76
video_1153877774747004928,,#makepeoplehateyou 😂😂😂😂😂 The Pagemaster,64,2014-12-08T23:08:33.000000,214
video_1153964867745886208,,In the memories of all those killed by police brutality #handsupdontshoot #icantbreathe #ripericgarner #RIPMikeBrown #RIPTamirRice #nyc #art,24,2014-12-09T04:54:38.000000,40
video_1154187672588529664,,Follow👉Alex163👈 he just followd me back oh my god 😍 FOLLOW&FAVORITE👉Alex163 FOLLOW&FAVORITE👉Alex163 FOLLOW&FAVORITE👉Alex163,353,2014-12-09T19:39:58.000000,52
video_1154245906804473856,,following everyone till I reach 150k💯,1362,2014-12-09T23:31:23.000000,134
video_1154295514678829056,,AU: After you and harry break up he can't even enjoy a night out with his friends,2667,2014-12-10T02:48:30.000000,364
video_1154395340687204352,,Watch it jump tho 😚😂,251,2014-12-10T09:25:10.000000,34
video_1154563101698543616,,New YouTube video is now up!!!!,11128,2014-12-10T20:31:48.000000,448
video_1154631183800373248,,Aye PEACHbone niggas a hit I just wouldn't no beef !,44,2014-12-11T01:02:20.000000,34
video_1154637880610746368,,OK HE TURNED 1D BACK ON,2976,2014-12-11T01:28:56.000000,68
video_1154691382318178304,,phi- NO NO NO NO,621,2014-12-11T05:01:32.000000,48
video_1155021840100564992,,1 Like = 😂,1505,2014-12-12T02:54:39.000000,90
video_1155088061789569024,,Growing up won't bring us down⚡️{Nash Grier #nashgrier #nashgrieredit},912,2014-12-12T07:17:48.000000,124
video_1155434003936194560,,when The dude next to me gets the last slice of pizza,564,2014-12-13T06:12:27.000000,32
video_1155900416773836800,,here's a quick edit ! :D,797,2014-12-14T13:05:48.000000,44
video_1155963415588950016,,bored lol,205,2014-12-14T17:16:09.000000,28
video_1155999615620157440,,Things I do for mohamad but get in trouble for @mohamadzoror,1986,2014-12-14T19:39:59.000000,134
video_1156289459633999872,,Ariana Grande,10259,2014-12-15T14:51:43.000000,208
video_1156414078580133888,,U hate me but know my moves,4035,2014-12-15T23:06:55.000000,430
video_1156453163369406464,,No caption needed. Lol                            Follow me on Instagram @5star_20,948,2014-12-16T01:42:14.000000,128
video_1156459766562889728,,Follow 👉 igbeautiesdaily 👈 For the best vines every day igbeautiesdaily 👈👈👈,99,2014-12-16T02:08:28.000000,36
video_1156467652974342144,,This ones for Josh Peck !! Just a little throwback 😜 (Tag him please!),2501,2014-12-16T02:39:48.000000,404
video_1156637482440609792,,😄😃😀😊☺️😉😌😒😣😳😱😱😱😱😱,1268,2014-12-16T13:54:39.000000,46
video_1156758594600284160,,Felix and Marzia breaking up...😢💔 ~all we had is gone now~,83,2014-12-16T21:55:54.000000,100
video_1157172778362175488,,"Real or Fake? Like = Real, Revine = Fake (200 likes in 1hour?) #firstpost #hockey",678,2014-12-18T01:21:43.000000,194
video_1157191751178588160,,Fan Doesn't Give Kid The Ball 😂😭 New Account Revine & Like,580,2014-12-18T02:37:07.000000,64
video_1157453574419460096,,"If you enjoy people losing their hard earned rings, then follow my other account: Losing Rings™!  #rayrod #LosingRings",1166,2014-12-18T19:57:30.000000,102
video_1157541403673403392,,,58,2014-12-19T01:46:30.000000,40
video_1157551263320367104,,Shoutout to the fans👌,683,2014-12-19T02:25:41.000000,34
video_1157568108295270400,,🙈 #leabihonest #LGBT #lesbigaymovment,404,2014-12-19T03:32:37.000000,36
video_1157785148612382720,,,255,2014-12-19T17:55:04.000000,32
video_1157810188783390720,,"Hapşırdıktan sonra tribüne dönmek w / Bulentmert, Güralp Dizdarer, Berat Toksoz",12041,2014-12-19T19:34:34.000000,194
video_1157842244938698752,,how stupid..... LOOK AT HIS REACTION LMAO,805,2014-12-19T21:41:56.000000,298
video_1157935387629731840,,#ferguson,50,2014-12-20T03:52:03.000000,42
video_1158208932159123456,,McDonald's 😂 Officially Donnie,120,2014-12-20T21:59:01.000000,38
video_1158950726895394816,,What do you guys wanna see next?,1141,2014-12-22T23:06:39.000000,50
video_1158959873166389248,,😔 two wrongs don't make a right #inature #ABCNews #ripericgarner #RIPMikeBrown #blacklivesmatter #NoJusticeNoPeace,59,2014-12-22T23:43:00.000000,112
video_1158987090408112128,,"Can i ""KIK"" you? ❋ FOLLOW US for the best pranks! ❋",1817,2014-12-23T01:31:09.000000,102
video_1159001002570125312,,When you pour a bowl of cereal but there's no milk left #crucial #beethoven,1128,2014-12-23T02:26:26.000000,36
video_1159212859239321600,,"""You're obsessed with a lot of people""",342,2014-12-23T16:28:16.000000,36
video_1159223757680914432,,Thank You squadd for supporting my ugly ass 😂👏👏💯 #souljaboy #15k #DxpeDynvsty,309,2014-12-23T17:11:35.000000,46
video_1159300006243655680,,Stunning first-touch and volley!👇Tag 3 Arsenal Fans below!👇 Can we get 300 likes? #BestOfArsenal #COYG #ArsenalFC,894,2014-12-23T22:14:34.000000,150
video_1159325623031095296,,im just bored.,1390,2014-12-23T23:56:21.000000,176
video_1159386710598402048,,ATL all day errday #falcons #riseup #wutwasit GotDamnZo 🔴⚫️,440,2014-12-24T03:59:06.000000,54
video_1159462478544101376,,Previous officer was removed off the line #Berkeley 63134,138,2014-12-24T09:00:10.000000,32
video_1159515118229397504,,Video of Police carrying #AntonioMartin 's body into a MINI VAN. This is not right..,205,2014-12-24T12:29:20.000000,66
video_1159559695544299520,,,588,2014-12-24T15:26:28.000000,242
video_1159585512882143232,,Tis' the season,1707,2014-12-24T17:09:04.000000,374
video_1160347476902006784,,FOR Trippy Edits BECAUSE THEYRE CLOSE TO 120K 😅💗 p.s zAYN IS FREAKIN HOT 😍💦👅,356,2014-12-26T19:36:50.000000,60
video_1160414289270632448,,❝ i love you so much❞ ❝ i love you too❞ ❝ i love you more❞ ❝ but i love you more❞,2593,2014-12-27T00:02:20.000000,402
video_1160685224867364864,,"A #tokyoghoul #amv for today, don't forget to join my contest #Animau5contest the theme is Deadmau5 music. Song: Bad Selection- by deadmau5",124,2014-12-27T17:58:56.000000,34
video_1160687030888706048,,😂Gotcha Bitch😂 🔥Insane Trick Play For TD🔥 💎Choosing Winners Later #XMasElite💎 💥#PeopleareAwesome #TrickPlay #beelite💥,8103,2014-12-27T18:06:06.000000,268
video_1160855446715092992,,"ME TURNT WAY UP WIT MY WIGGERS #JordanFoxe edited by Twinnetwork, KCamp427",5122,2014-12-28T05:15:20.000000,372
video_1160900609034358784,,#RoastLilEbola its annoying as fuck,66,2014-12-28T08:14:47.000000,68
video_1161011745188642816,,"Song by : Quel (Kel)  🔊 Search ""Quel Lil Mama"" on iTunes and Google Play | Soundcloud.com/OfficialQuel ❤️Revine for a private video❤️",592,2014-12-28T15:36:24.000000,52
video_1161096355180343296,,R.I.P .. All he wanted that night was a mcchicken,151,2014-12-28T21:12:37.000000,40
video_1161153849332068352,,"Use ZEME to search & add ANY song to your Vines, Snapchat & Instagram videos! Add text too. Get Zeme- FREE DOWNLOAD on the App Store!",859,2014-12-29T01:01:04.000000,284
video_1161274434586574848,,Woah...We're all pokemon trainers! Fritz Smith JeremryFitzgerald Phone Guy (N0R5K1) Purple Guy,141,2014-12-29T09:00:14.000000,74
video_1161351608429625344,,Choosing the phone name 👔📱 w/ Ray Cook #Blackberry #Black #Barry,1653,2014-12-29T14:06:54.000000,38
video_1161367022081286144,,Purple guy just staph,54,2014-12-29T15:08:09.000000,64
video_1161394357018984448,,😂😂😂 Keshia don't like when the Falcons lose... Full video on Instagram follow for more videos @ambitionbanks_5,4416,2014-12-29T16:56:46.000000,292
video_1161460481937096704,,Ed Reed lays out Julian Edelman 🔺Do you guys like the music?🔺 🏈Who do you think will win the Super Bowl now that the playoffs are set?🏈,2490,2014-12-29T21:19:31.000000,674
video_1161504489703194624,,i love simple calum edits 😌,3898,2014-12-30T00:14:24.000000,364
video_1161576632339873792,,Beautiful save... I love skateboarding. #traprock #WhatTheyWant,14000,2014-12-30T05:01:04.000000,508
video_1161738248465584128,,# Got my shorts on though. 😜💋💕👍👍 shortshorts #wiggle #twerkforlife  Official Twerk Team Vine Twerk Best Twerk Vines,66,2014-12-30T15:43:16.000000,42
video_1161761878444322816,,fuck off mike im thinking about booty,73,2014-12-30T17:17:10.000000,46
video_1161768321448910848,,Amnesia✖️Half a Heart guys at 30k we are gonna have a contest!!🎉😁💚 ~6 Seconds of Selena,6304,2014-12-30T17:42:46.000000,806
video_1161834111133155329,,#YOUREAPUSSY,962,2014-12-30T22:04:11.000000,138
video_1161854419499900928,,🎉🎊🎊🎉Happy New year🎉🎊🎊🎉,220,2014-12-30T23:24:53.000000,32
video_1161944831988289536,,Comment what team you got.      😃😃,32,2014-12-31T05:24:09.000000,36
video_1161979387932291072,,#remake,2273,2014-12-31T07:41:28.000000,222
video_1162164653938376704,,"We have gained so Many people , but we have also lost so many . R.I.P Thomas . I miss you so much bæ. Hopefully your not in pain anymore.",383,2014-12-31T19:57:39.000000,74
video_1162171218322206720,,damn im ugly,1092,2014-12-31T20:23:44.000000,118
video_1162188993182695424,,#mybae #bae #baeritto #nyedate,260,2014-12-31T21:34:22.000000,46
video_1162257615913467904,,My 2015 New Years Resolution Full Video Is On Youtube Now Go To My IG@Swervo_TheBlackCowBoy and Click The Link,1006,2015-01-01T02:07:03.000000,100
video_1162527278816165888,,Bad intentions 😏,731,2015-01-01T19:58:35.000000,46
video_1162579099936542720,,When you upgraded but your ex downgraded. #WhyYouMad,995,2015-01-01T23:24:31.000000,50
video_1162580603787464704,,NO CAPTION NEEDED😂😂😂😂😂😂,176,2015-01-01T23:30:29.000000,40
video_1162626868445327360,,Ripper Stefan was probably 1 of my favourite things ever,1021,2015-01-02T02:34:19.000000,126
video_1162654097317531648,,Idk why he is so hot 😍😍🔥💧,488,2015-01-02T04:22:31.000000,36
video_1162671506677997568,,#twerkforthas #asswhoopin #TWERKRIGHTNOWITSOKAY #bikinithug #twerk,382,2015-01-02T05:31:42.000000,30
video_1162892916084375552,,Hot Jesus Nigga #funny #familyguyvines #vinehumor #popular #hotnigga #swag #rap #BobbyShmurdaDance,271,2015-01-02T20:11:30.000000,54
video_1162968975672778752,,I just really wanted to use the audio😂😻but tag her?,351,2015-01-03T01:13:44.000000,48
video_1162995993596370944,,,2939,2015-01-03T03:01:06.000000,116
video_1163154798393061376,,#blacklivesmatter only when they are killed by #policemen but not when killed by other #blacks👌 only in #America 🇺🇸 #criminals #ferguson 😂🔫👮,63,2015-01-03T13:32:08.000000,40
video_1163260773993480192,,Sorry Im so nasally unfortunately Im not actually super woman and my nose is still fractured/: new soul suggested by Taijah Leigh Underwood,1449,2015-01-03T20:33:14.000000,290
video_1163434661226446848,,ohh shiiiit,11,2015-01-04T08:04:12.000000,48
video_1163561219811172352,,Masika isn't the only one not feeling Ms Hazelebaby's looks 👀 #instanews #balleralert ShodSantiago #youknew,423,2015-01-04T16:27:06.000000,40
video_1163579451632771072,,Go Follow on #instagram #PlaneTwerQ Go #follow ✨ slimthugga ✨ #PGG,367,2015-01-04T17:39:33.000000,40
video_1163626828175691776,,Liam Payne could punch me in the face and I would be honored. #DaddyDay,800,2015-01-04T20:47:48.000000,92
video_1163980691873357824,,Real friends Stick together no matter what! FOLLOW FOR MORE!,3120,2015-01-05T20:13:56.000000,132
video_1164065840933773312,,👌💨,196,2015-01-06T01:52:17.000000,38
video_1164091195023306752,,#HITITFLOCA | 🔥🔥🔥🔥🔥🔥❗️ #Hititformeonetime #TeamFLOCA,2179,2015-01-06T03:33:02.000000,70
video_1164288224353816576,,Ben cips diyorum o dut diyo 🙊,1889,2015-01-06T16:35:58.000000,44
video_1164406383115116544,,Love you guys #FnaF #fnaf2 #Fivenightsatfreddys #fivenightsatfreddys2 #FoxyThePirateFox,62,2015-01-07T00:25:29.000000,64
video_1164774910267441152,,When mothers only use Months.😡😩 #remake Joshua LaPlaca,103,2015-01-08T00:49:53.000000,86
video_1164828038630879232,,✖️ASH✖️// #badposturebandto50k ♥️,1475,2015-01-08T04:20:59.000000,182
video_1164855192760602624,,my girl aint bad,7397,2015-01-08T06:08:53.000000,296
video_1165086499860275200,,Topnotchfaces,235,2015-01-08T21:28:01.000000,44
video_1165174042676912128,,i miss her.,1124,2015-01-09T03:15:53.000000,120
video_1165506062229676032,,People who think they are good at singing but change the key of the song at random parts.,3065,2015-01-10T01:15:13.000000,288
video_1165738614752411648,,Selena Gomez,4061,2015-01-10T16:39:18.000000,168
video_1165764066229542912,,,461,2015-01-10T18:20:26.000000,266
video_1165783210110701568,,#NYCCHYPHER,333,2015-01-10T19:36:30.000000,50
video_1165856327927750656,,😳 OfficialGizelle اشلي,1292,2015-01-11T00:27:03.000000,98
video_1165888095896649728,,comp of dan swearing bc hot,630,2015-01-11T02:33:17.000000,34
video_1166111009145245696,,😂😂😂 add on snapchat 👉 Marblesvine 👈,4211,2015-01-11T17:19:03.000000,204
video_1166131397384433664,,Thank you so much for 10k followers 😍 subscribe for more ❤,459,2015-01-11T18:40:04.000000,84
video_1166274181290512384,,😘😋😂😭#fakethirsttrap #TheODDz #OddDolls,29,2015-01-12T04:07:27.000000,48
video_1166565010009370624,,Look out for this later tonight! Follow my Twitter and Instagram (matthilltc) for the link when it drops!,1213,2015-01-12T23:23:06.000000,164
video_1166952370773897216,,Girlfriend cheating on you? Just plain ol horny?? Beat yo dick wit the finest lotion...relax yo mind one nut at a time #TB IB:Elitelife_kd,2331,2015-01-14T01:02:20.000000,396
video_1166993514807304192,,"Excuse me if I sound rude, but I love the way that you move👯|| Lycia Faith",168,2015-01-14T03:45:49.000000,52
video_1167285168810471424,,disturbing but whatever -carsten,137,2015-01-14T23:04:45.000000,82
video_1167324347300724736,,"👅
- leslie",1361,2015-01-15T01:40:26.000000,292
video_1167671471288844288,,kai + katherine are the dream team,1250,2015-01-16T00:39:47.000000,198
video_1167693037900857344,,:( poor harry { #EODto25k },60,2015-01-16T02:05:28.000000,66
video_1167724898471256064,,⛪️pt 1,20506,2015-01-16T04:12:05.000000,628
video_1167795973586853888,,#printpatrol yo idk wtf a print of a dick is.... #clueless,31,2015-01-16T08:54:30.000000,38
video_1167971795727470592,,See my uncensored TWERK vines only at 👉 www.j.myvinebae.com 👈 😘,326,2015-01-16T20:33:09.000000,158
video_1168252445500276736,,🔥💯 #RichHomie,770,2015-01-17T15:08:22.000000,98
video_1168320669927215104,,baby i can be your motivation,266,2015-01-17T19:39:28.000000,38
video_1168334899766272000,,Roll Up Let's Get High Bitchhhhhhhhh ⛽️💨🍃,462,2015-01-17T20:36:00.000000,64
video_1168346839330738176,,best note change in history,1868,2015-01-17T21:23:27.000000,152
video_1168389164421763072,,Shooting big ole dragons. #teamcoolsmoketricks #VapingCommunity #SmokeTricks #dragon,235,2015-01-18T00:11:38.000000,32
video_1168612975406645248,,"""I can never pass up, lay it down. Long back strokes in the middle of your ocean""",351,2015-01-18T15:00:59.000000,42
video_1168651744683921408,,Where my camren shippers at?,325,2015-01-18T17:35:02.000000,70
video_1168674303898976256,,"""When your mom makes you bring your lil brother to your girls house"" w/ ❄️D K Ñ Ÿ❄️, lildrew #thuglife101 #thefuck (TAG A FRIEND)",6230,2015-01-18T19:04:40.000000,224
video_1168806492346982400,,Black ppl can't be racist #BamaNATION,250,2015-01-19T03:49:57.000000,36
video_1169048030134378496,,damn that note,6370,2015-01-19T19:49:44.000000,304
video_1169050854352097280,,I hate when people wait until you finish your hard work just so they can try copy 😤😤😐,1116,2015-01-19T20:00:57.000000,58
video_1169093466169511936,,"IB:Abstinence Alex, woah take it easy randy, based hamdi",597,2015-01-19T22:50:17.000000,84
video_1169158296855359488,,😂😭😂💀💀💀💀 BdotAdot5 #BdotOMGmovement BigHeadDarryl,324,2015-01-20T03:07:53.000000,32
video_1169169185545318400,,dang patrick #patrickstump #falloutboy #joetrohman,447,2015-01-20T03:51:09.000000,74
video_1169358143893966848,,¡FrEaK In tHe sHeEtS¡,525,2015-01-20T16:22:01.000000,46
video_1169427455535419392,,bruh😂 #teamwhitegirltwerk #twerk #twerkteam,801,2015-01-20T20:57:26.000000,64
video_1169489874899066880,,When your mom hand you the AUX Chord after Bible study! 😂😂😂😂😩😩 #WhatIsThisGarbage  #PutItOnPraiseAndWorthship #WeJustLeftTheFuckingChurch,4339,2015-01-21T01:05:28.000000,228
video_1169494844386037760,,DAWG my son funny af 😭😭😩 #doievercrossyourmind #NO!,415,2015-01-21T01:25:13.000000,32
video_1169509008340873216,,I feel like I had to make one Lol 👉💁🔥✨,441,2015-01-21T02:21:30.000000,60
video_1169688255890186240,,PRANK FAIL!😂😂 FOLLOW US FOR MORE PRANKS/FAILS😂😂😂,1699,2015-01-21T14:13:45.000000,42
video_1170095958982549504,,|| Ca$hville Motherf***ers💰 ||,1258,2015-01-22T17:13:49.000000,34
video_1170173033755934720,,I may follow everyone who follows me and revines this 😍🙌,3145,2015-01-22T22:20:06.000000,198
video_1170303946817167360,,"""You comin back to my house Kendall? You fuckin better"" KHSFBAKDSHGA",382,2015-01-23T07:00:18.000000,46
video_1170465736184012800,,,455,2015-01-23T17:43:11.000000,94
video_1170466885566111744,,😋,1835,2015-01-23T17:47:45.000000,42
video_1170556890108088320,,"- "" You ain't right for doing it to me like that daddy "" ❦♚",2339,2015-01-23T23:45:24.000000,640
video_1170871500140666880,,"""I never knew just how much she was hurting inside""

(ib:aesthetic)",848,2015-01-24T20:35:33.000000,132
video_1170976393530941440,,DEAR God,3234,2015-01-25T03:32:21.000000,380
video_1171065124103041024,,When They Heard I Was A Lil Fucked Up But Mad Cuz Real Niggas STILL Fuck With Me 😂😂😂😌😌 #LetItGo #StackzWorld #BlockRanked,281,2015-01-25T09:24:56.000000,152
video_1171237779695689728,,• Lets just say Niall really wanted this girl •,647,2015-01-25T20:51:01.000000,84
video_1171260118231326721,,"Crazy Footwork From Neymar 🔥👌
#SoccerGod #NickTestoni 

Tag Two People You Could Skill Out Like This Down 👇 😂 😂 😂 

#Neymar",2124,2015-01-25T22:19:47.000000,186
video_1171278643926863872,,"IM DAMON AF OMF 

[ hope u guys enjoy this 2 weeks filled with lots of tv shows yay ily guys💕]",779,2015-01-25T23:33:24.000000,134
video_1171672626838544384,,Be honest 🙊,651,2015-01-27T01:38:56.000000,112
video_1171707907222761472,,When the 🍗 to 🔥🔥 but you so hungry 😩#BlackMafia #ChoirBoys,809,2015-01-27T03:59:08.000000,82
video_1172007640122183680,,,1470,2015-01-27T23:50:10.000000,92
video_1172034196974489600,,IM ALAUFHINF SO AHEAQ,326,2015-01-28T01:35:41.000000,40
video_1172059693724884992,,SoundCloud: EDM_FAMILY 💦 #edmfamily,2195,2015-01-28T03:17:00.000000,110
video_1172089525221363712,,Footwork that make you go OOOOO!,3554,2015-01-28T05:15:33.000000,96
video_1172294545229434880,,hot summer nights 😌💭,107,2015-01-28T18:50:13.000000,126
video_1172495009132781568,,Double tap to play!!!!!,382,2015-01-29T08:06:48.000000,36
video_1172688614447071232,,Fuck I'm gonna cry I never knew what this song was about,3066,2015-01-29T20:56:07.000000,1112
video_1172703605590056960,,Like and revine 2 raise awareness also go2 the rspca website& donate today. R u against animal abuse? Then why r u doing nothing about it?💭,237,2015-01-29T21:55:41.000000,60
video_1172707363586002944,,New YouTube video! Q&A!! The link is in my bio on Instagram!!! (rich_suav) go like and SUBSCRIBE!!!,783,2015-01-29T22:10:37.000000,60
video_1172723682289004544,,Wanting someone to come in ;),461,2015-01-29T23:15:28.000000,32
video_1172735260652687360,,Follow 👉ANIMAL VINES,2881,2015-01-30T00:01:28.000000,282
video_1172805293197914112,,#Cubanparentsbelike,1058,2015-01-30T04:39:45.000000,140
video_1173054632894054400,,🎱🏉🎲🎯Let's play the: #FIRSTwordTHATcomesTOmindGAME🎾⚾️⚽️🏀🎱🏉🎾🎲🎯,510,2015-01-30T21:10:32.000000,318
video_1173106996371677184,,Iddddccccccccc,921,2015-01-31T00:38:37.000000,56
video_1173117061120327680,,"That is strange, but I've heard weirder. 😁😳",251,2015-01-31T01:18:36.000000,46
video_1173177027818323968,,Peter u failed ! 💩,3742,2015-01-31T05:16:54.000000,228
video_1173253347336237056,,out of all my #vines . This will always be the most important to me. #deletenash . words and ignorance kills.,2933,2015-01-31T10:20:09.000000,650
video_1173331691574583296,,"Boss, you'll never believe why I'm late 😂",1945,2015-01-31T15:31:28.000000,104
video_1173344250096697344,,Nick Pallauf,1864,2015-01-31T16:21:22.000000,144
video_1173345217597095936,,"im sad 

[ remake of ashton call me kitten ]",2143,2015-01-31T16:25:13.000000,286
video_1173457572985225216,,this time won't you save me.💘 // Lycia Faith  tag her i really want her to see this.,181,2015-01-31T23:51:41.000000,48
video_1173698181440397312,,"Gas pedal ⛽️ TWERK VINE, TwerkLife, Twerk Madness, Twerk Queens, TwerkThat, Twerk King, BestSnowbunnyTwerks, A$$-NationPt.2",552,2015-02-01T15:47:46.000000,26
video_1173764731941654528,,🍭👅💦😈,576,2015-02-01T20:12:13.000000,34
video_1173788073822248960,,You really gotta be from out here to understand Marshawn Lynch and the way he act #Oakland the world just now learning how we act 😂,2428,2015-02-01T21:44:58.000000,124
video_1173871042415198208,,Patriots Win But I Guess The Seahawks are a little upset😂 #gopats,636,2015-02-02T03:14:39.000000,106
video_1173871317838430208,,They mad 😂😂😂👊,3020,2015-02-02T03:15:45.000000,198
video_1173882968301883392,,By far the best day of Malcolm Butler's life! 👉#EliteEdits👈,430,2015-02-02T04:02:03.000000,82
video_1173883918076841984,,Super Bowl Champs...,1831,2015-02-02T04:05:49.000000,80
video_1174139920647086080,,✧✦ it's just a little broken heart you see ✦✧,1268,2015-02-02T21:03:05.000000,54
video_1174178818253320192,,How's your day going? ☺️,2384,2015-02-02T23:37:39.000000,970
video_1174190715665047552,,Can you answer it?,329,2015-02-03T00:24:56.000000,136
video_1174223732999438336,,Double Tap if the Seahawks should have won!,414,2015-02-03T02:36:07.000000,84
video_1174245255768346624,,,1032,2015-02-03T04:01:39.000000,212
video_1174312914862411776,,Anybody know who this is?? I hear she's on vine. Tag her please.👀 PT.2 #worldstar,100,2015-02-03T08:30:30.000000,68
video_1174521589077852160,,Approach the girls like,453,2015-02-03T22:19:42.000000,34
video_1174566324454768640,,"""Baseball is a pussy sports"" Ya sure it is! 😂😐😐😐⚾️⚾️⚾️ #baseball #baseballisbetter #bringbackthesportspage #filthysports",259,2015-02-04T01:17:28.000000,170
video_1174852090141560832,,How you and your friends turnt up at the TCB funtion we they played #pacmanpoppin #DCinvasion #Gogo 😂😂😂 StepMuvaCooder™ Father Time,1135,2015-02-04T20:12:59.000000,54
video_1174867646131699712,,"this song always reminds me of mashton 

{for Amber bc she's so nice}",2845,2015-02-04T21:14:48.000000,150
video_1174929297677389824,,just look at her now😱 shes gotten so far in the past couple months. i love you so much lycia❤️ (i want her to see this so tag her),344,2015-02-05T01:19:47.000000,50
video_1174956015058567168,,Smash 😋,533,2015-02-05T03:05:57.000000,24
video_1175171847919206400,,(IB: ohshit it's tommy ) LMAO. #omygod #ThugLife #reallynigga #OhDontDoit #NoChill #comedy,180,2015-02-05T17:23:36.000000,76
video_1175237914666627072,,If they put SHUHMEEKA❗️voice in that cartoon 😩😂😂😂😂😂💀💀💀💀💀💀💀💀,493,2015-02-05T21:46:07.000000,70
video_1175534682763677696,,I want this audio to play at my funeral tbh #ereri #shingekinokyojin #anime #otaku #edits #attackontitan #edit #loop #Levi #Eren,113,2015-02-06T17:25:22.000000,50
video_1175799532286894080,,More of th boys talking:),3000,2015-02-07T10:57:47.000000,56
video_1175909985952190464,,The Hot Bod Squad.           #fnaf#fnaf2#fnaf3#Fivenightsatfreddys #mikeschmidt #JeremyFitzgerald #phoneguy#purpleguy#christhejanitor,225,2015-02-07T18:16:42.000000,130
video_1175946850696650752,,Amen 🙏,737,2015-02-07T20:43:11.000000,74
video_1176245201720033280,,This is what happens when we all sleepover#souleater,41,2015-02-08T16:28:43.000000,66
video_1176398683009388544,,BEYONCÉ STOOD UP FOR HIM HE WINS AT LIFE IMAGINE HOW HAPPY THAT MADE HIM,1829,2015-02-09T02:38:36.000000,66
video_1176404479424471040,,I just typed my really good friend a happy/sad paragraph thing and I was crying the whole time I was typing it😁☺️👌(not mine😌),51,2015-02-09T03:01:38.000000,32
video_1176409811588722689,,Don't Forget To #Hashtag Me  #Tokyo_laurent #Tokyo_laurent  #Tokyo_laurent in Your Vids🙊💦💦💋😚😚😙,705,2015-02-09T03:22:49.000000,32
video_1176423855544258560,,I CANT WATCH TWD BC VACATION BUT I HEARD IT'S SAD !?!?!! 😭😭💜,216,2015-02-09T04:18:38.000000,90
video_1176468460994273280,,THIS MASHUP IS PURE FUCKING GOLD,2667,2015-02-09T07:15:52.000000,262
video_1176770072732479488,,Follow Justin Bieber he just got a vine!,571,2015-02-10T03:14:22.000000,282
video_1176833275743068160,,#ifwedate 😜😌😉😏😈🔥🔥🔥,10,2015-02-10T07:25:31.000000,40
video_1177065690230943744,,Mangle is a drummer?? dun dun dun,346,2015-02-10T22:49:03.000000,102
video_1177099043068051456,,Omg! Want to try this for 100% free or send a hologram to a friend!? Go to iHolograph.net,99,2015-02-11T01:01:35.000000,48
video_1177102953841311744,,Amazing High School catch 🔥 follow DarkNinjaz Football best sports viner on vine,739,2015-02-11T01:17:07.000000,40
video_1177141283874082816,,"zayn: are you testing me liam...
liam: no I'm not testing you I--
zayn: in front of all these people?

ANNOYED ZAYN IS MY FAVORITE ZAYN",882,2015-02-11T03:49:26.000000,108
video_1177434684763013120,,My favorite run of all time!😍 // Double tap for the legend!✌️// Follow Soccer Is Beautiful!🔜 // Use #SoccerShowcase21 to be noticed!😎,857,2015-02-11T23:15:18.000000,60
video_1177470110844268544,,"""hey, did you hear about the party those dorks had last night?""

ib: mr all australian 
audio: mu(ke)sic",2827,2015-02-12T01:36:04.000000,210
video_1177505698758692864,,You can love him. You can hate him but he will always be one of the best🙏LIKE = RESPECT.,619,2015-02-12T03:57:29.000000,38
video_1177781116413820928,,Why did I ever move schools😭😂😩 stay classy Brownwood TX,77,2015-02-12T22:11:54.000000,44
video_1177969231829131264,,These three angels were sadly killed by an anti-theism bigot that does not belong to live in the 21st century #ChapelHillShooting,71,2015-02-13T10:39:24.000000,50
video_1178132993827835904,,I love playing with lazers,330,2015-02-13T21:30:08.000000,36
video_1178177738159624192,,"Yaya Toure's rocket against Congo🚀 Like if this is amazing!
#SoccerImpact",2229,2015-02-14T00:27:56.000000,160
video_1178264272132829184,,Godzilla! 🐉 What does her shirt say ? 👀,2241,2015-02-14T06:11:47.000000,400
video_1178391541912653824,,SelenaGom:),4545,2015-02-14T14:37:31.000000,208
video_1178447414039130112,,Happy Valentine's Day everyone I love you all💖,411,2015-02-14T18:19:32.000000,42
video_1178457386067935232,,"I've come here to clean the car , gone wrong",1346,2015-02-14T18:59:09.000000,170
video_1178473552777744384,,Love & basketball,5055,2015-02-14T20:03:23.000000,282
video_1178570675292639232,,ima shot a mf,78,2015-02-15T02:29:19.000000,68
video_1178583926424612864,,"""I sucked Taylor's dick are you proud"" 😂😂",76,2015-02-15T03:21:59.000000,226
video_1178591154238050304,,"daddy, daddy, daddy",2070,2015-02-15T03:50:42.000000,446
video_1178861486844547072,,FUCK,1318,2015-02-15T21:44:54.000000,100
video_1178927326902595584,,"16 years ago, on this day, a true Legend left us... R.I.P. Big L 🙏 #RIPBigL #OldSchoolRevolution #oldschoolhiphop",11051,2015-02-16T02:06:32.000000,506
video_1178927796794634240,,He got wrecked😂 Like if you are active💯,1877,2015-02-16T02:08:24.000000,124
video_1179210206551404544,,The fact that she revined my post then stole my edit 😐 IF YOU'RE GOING TO STEAL MY EDIT GIVE ME CREDIT CAUSE THATS HOW YOU GET BLOCKED ! 😒,139,2015-02-16T20:50:35.000000,70
video_1179602719028248576,,Clean Lamborghini!,1236,2015-02-17T22:50:18.000000,80
video_1179657072758132736,,this has been in my drafts since the summer so lemme post,6766,2015-02-18T02:26:17.000000,526
video_1179668668150398976,,So done,33,2015-02-18T03:12:21.000000,32
video_1180058415821746176,,Follow 👉👉 Marcus Perez 👈👈 for some crazy beat boxing👌(he's following next 10 people),2894,2015-02-19T05:01:04.000000,134
video_1180304109229035520,,Dope or Nope? Comment what you think #DUNKTIME,3580,2015-02-19T21:17:22.000000,696
video_1180317338965278720,,Learn me this #HoodRanked,291,2015-02-19T22:09:56.000000,84
video_1180639864811597824,,She changed the game 😦,2345,2015-02-20T19:31:32.000000,604
video_1180641213356085248,,LEVI OMFG,426,2015-02-20T19:36:54.000000,64
video_1180688980115861504,,"Mars One, an organization trying to start a human colony on Mars, has narrowed their search to 100 people, four of whom will go in 2024.",2920,2015-02-20T22:46:43.000000,516
video_1180727889881411584,,"split audio; Something Great

Zayn on left, Louis on right. By the way, this sounds way better with headphones.",1547,2015-02-21T01:21:19.000000,96
video_1180765662835044352,,Tazer tag 😂😂,733,2015-02-21T03:51:25.000000,52
video_1180985670383128576,,?????,1176,2015-02-21T18:25:39.000000,82
video_1181066254816030720,,Following everyone back who revines this and follows me!😋,449,2015-02-21T23:45:52.000000,86
video_1181136411290640384,,The Ellington slide,4121,2015-02-22T04:24:38.000000,184
video_1181186912598253568,,I love Ally 😂,1129,2015-02-22T07:45:19.000000,82
video_1181354572539936768,,Following everybody who revines this video!,3270,2015-02-22T18:51:32.000000,230
video_1181463329286619136,,Please help the furs! #furrylove #furryfandom #FurriesAreAwesome #furrypride #projectstophurtingthefurs,70,2015-02-23T02:03:42.000000,102
video_1181490674051522560,,"he's obsessive, compulsive. he won't stop until he's gotten what he wants; you. 

{stalker, sadistic michael pt. 1}",378,2015-02-23T03:52:21.000000,86
video_1181756604215922688,,"❉ They have to be wrong ❉
 
{remake // larry stylinson☪}",2184,2015-02-23T21:29:04.000000,572
video_1181848305580351488,,Guliana saying Zendaya smells like oils & weed cause of her hair... Ok girl...,847,2015-02-24T03:33:27.000000,438
video_931024405042184192,,Creeper,17062,2013-04-03T00:08:49.000000,514
video_934257439124123648,,He's alive!!!!,329,2013-04-11T22:15:45.000000,116
video_934329487129214976,,Bored and not doing chemistry,4520,2013-04-12T03:02:02.000000,370
video_943257274946842624,,Booty stank,938,2013-05-06T18:17:53.000000,72
video_944713893912158208,,HAHAHAHA,2721,2013-05-10T18:45:58.000000,64
video_945803943852818432,,#matt,1102,2013-05-13T18:57:26.000000,184
video_948030343389270016,,#wtf w/ SpikeJordan #highonaweekday,778,2013-05-19T22:24:21.000000,34
video_948113155073118208,,,389,2013-05-20T03:53:25.000000,46
video_949149610885136384,,Fuckin fuck fuck,432,2013-05-23T00:31:55.000000,32
video_951236509728641024,,#america #funny #loop #vine #merica,427,2013-05-28T18:44:31.000000,46
video_951264650761265152,,😢,1545,2013-05-28T20:36:20.000000,146
video_951655802345795584,,Willy wonky tonk,9724,2013-05-29T22:30:38.000000,510
video_957020593801347072,,Simpson's Harlem Shake #loop #howto #watch #phone #Harlemshake #Simpson #dance #comedy,10157,2013-06-13T17:48:24.000000,146
video_957785592803020800,,The pizza man,2310,2013-06-15T20:28:14.000000,250
video_958401254873264128,,I wish I could show y'all. This bitch tripen gon fuck around and get a bitch fired,4171,2013-06-17T13:14:39.000000,194
video_958643388486467584,,Tv commercial lmao,3432,2013-06-18T05:16:48.000000,796
video_965522693774626816,,#BandsAmakeHaDance,1539,2013-07-07T04:52:42.000000,82
video_973454446254489600,,When you heard this song back in the day...,10491,2013-07-29T02:10:39.000000,438
video_974527514401964032,,Waka Flocka Feline #meowsic,4258,2013-08-01T01:14:39.000000,548
video_975533569261043712,,#HowTo turn water to Listerine #magic #vinemagic #cool #specialfx #flick,1879,2013-08-03T19:52:21.000000,114
video_978943102335553536,,You ever go night night nigga!!Kevin Hart  #KO #KnockOut #UFC,4034,2013-08-13T05:40:37.000000,132
video_981841413136666624,,✊,3667,2013-08-21T05:37:28.000000,216
video_981968717728935936,,Got em coach! Fred Jackson gets posterized by Chris Hogan! #SlamCam (Buffalo Bills),527,2013-08-21T14:03:20.000000,38
video_982975898804736000,,RORO AND SOPHY #remake #twerkthatass,823,2013-08-24T08:45:31.000000,54
video_985793023009226752,,These bitches!,650,2013-09-01T03:19:45.000000,356
video_986467756578951168,,Bruce from family guy getting a nice snack,5677,2013-09-03T00:00:54.000000,346
video_987238296176463872,,Remake of RORO AND SOPHY #cruisinforabruisin bahahahahaha Ellie Moon wow....,2128,2013-09-05T03:02:45.000000,140
video_987301818738839552,,,961,2013-09-05T07:15:10.000000,20
video_987882919152558080,,Disgusting knockout with insane head crushing kick #knockout #fight #streetfight #punch #destroyed #kick #MMA_Hits MMA Hits,1387,2013-09-06T21:44:15.000000,190
video_988632692038025216,,Kill emmmmmmmmm,568,2013-09-08T23:23:35.000000,86
video_989014494384701440,,Ohhhhh shii,698,2013-09-10T00:40:44.000000,206
video_990100922606993408,,Kobe Bryant be like #Kobe #Bryant #lol,370,2013-09-13T00:37:49.000000,66
video_990183429989871616,,The guy from Exclusive773 gets into it with #justinbieber #humor #LNPPworshiptherich #newsandpolitics #remix,642,2013-09-13T06:05:40.000000,40
video_990362753342521344,,"Like a red nose👌 Kevin_67372, Andrea Mach #remake #revine",6440,2013-09-13T17:58:14.000000,314
video_990785422521245696,,Just do it😏🌸,28,2013-09-14T21:57:46.000000,80
video_991018949669957632,,Simply Sylvio wishes Jacklyn a very happy birthday ! ❤🐵,1883,2013-09-15T13:25:43.000000,210
video_991891149956562944,,Okay! Okay!,203,2013-09-17T23:11:32.000000,70
video_993316994789093376,,it's a freakin naked mannequin look Clare #bestdayofmylife,19773,2013-09-21T21:37:20.000000,666
video_994090244574011392,,Top ten fastest ppl in football #black #football #fastest #players,1254,2013-09-24T00:49:57.000000,406
video_994799845514846208,,Ayy do,6954,2013-09-25T23:49:39.000000,466
video_995662050179371008,,#COMINGTHISFALL Taken 2,11483,2013-09-28T08:55:45.000000,172
video_995815198730706944,,#Howto ...not sure whats going on... #Awkward,11195,2013-09-28T19:04:18.000000,422
video_996707969997684736,,Late night big blunt Session Smokin nd listenin To that drop d radier Music WITH deezy shoutout Bruh i fucks widd it TheReallDeezy,223,2013-10-01T06:11:51.000000,106
video_997005163342798848,,You gotta love this #bestofthebest #loop,1794,2013-10-02T01:52:48.000000,168
video_997366810225803264,,Its Next to the Bucket Casey Nelson #Mop,631,2013-10-03T01:49:51.000000,128
video_998151007915950080,,,5817,2013-10-05T05:45:59.000000,566
video_999039695801720832,,Trevor said I'm racist....,625,2013-10-07T16:37:18.000000,58
video_999405517518561280,,"Cemarslan, Doga Konakoglu  hasta hasta uğraşma benle burgerking!",846,2013-10-08T16:50:57.000000,34
video_999836029462667264,,Why Beatboxer Suck at driving #beatboxing #Beatboxingnation Beatbox Nation #comedy #revine #funny #loop #beatboxfam,116,2013-10-09T21:21:39.000000,54
