{
    "average_loss": 1.2705531045794487,
    "bullying_f1_macro": 0.6240131578947368,
    "aggression_f1_macro": 0.6108273748723188,
    "bullying_f1_per_class": [
        0.8105263157894737,
        0.4375
    ],
    "aggression_f1_per_class": [
        0.7272727272727273,
        0.4943820224719101
    ],
    "bullying_confusion_matrix": [
        [
            77,
            12
        ],
        [
            24,
            14
        ]
    ],
    "aggression_confusion_matrix": [
        [
            60,
            17
        ],
        [
            28,
            22
        ]
    ],
    "bullying_classification_report": "              precision    recall  f1-score   support\n\n           0       0.76      0.87      0.81        89\n           1       0.54      0.37      0.44        38\n\n    accuracy                           0.72       127\n   macro avg       0.65      0.62      0.62       127\nweighted avg       0.70      0.72      0.70       127\n",
    "aggression_classification_report": "              precision    recall  f1-score   support\n\n           0       0.68      0.78      0.73        77\n           1       0.56      0.44      0.49        50\n\n    accuracy                           0.65       127\n   macro avg       0.62      0.61      0.61       127\nweighted avg       0.64      0.65      0.64       127\n"
}